age,gender,height_cm,weight_kg,body_fat_percentage,activity_level,experience,goal,workout_days,diet_preference,calories,protein_g,carbs_g,fat_g,workout_split
19,Male,167,60.9,13.2,Low,advanced,Muscle Gain,6,Vegetarian,2122,111,343,64,Upper Lower + Full Body
53,Male,162,91.5,33.9,High,beginner,Recomposition,5,Vegetarian,3154,110,552,78,Full Body
31,Male,171,51.6,22.1,Moderate,intermediate,Maintenance,3,Vegan,2640,158,247,83,Push Pull Legs
41,Female,186,57.5,10.6,Light,intermediate,Muscle Gain,4,Vegetarian,3556,135,584,81,Upper Lower
40,Female,163,88.6,34.0,Low,advanced,Fat Loss,4,Vegetarian,2246,138,396,63,Full Body
32,Male,152,97.3,22.8,Low,beginner,Maintenance,4,Vegan,2722,140,589,53,Full Body
33,Male,185,80.0,35.6,High,advanced,Recomposition,5,Vegetarian,1883,155,625,46,Push Pull Legs
27,Male,190,55.4,33.2,Very High,beginner,Recomposition,6,Vegan,2558,157,377,36,Push Pull Legs
39,Female,157,64.1,13.9,Low,advanced,Maintenance,4,Vegan,1917,170,425,99,Upper Lower + Full Body
27,Male,173,94.6,28.0,Very High,beginner,Maintenance,6,Vegetarian,1929,136,434,65,Push Pull Legs
54,Male,155,50.6,26.0,Low,advanced,Fat Loss,4,Vegan,2273,160,289,68,Upper Lower + Full Body
31,Female,184,94.1,33.5,Moderate,intermediate,Maintenance,6,Vegan,2624,105,373,63,Push Pull Legs
19,Female,187,81.0,29.8,Low,beginner,Muscle Gain,4,Vegetarian,2128,210,458,44,Upper Lower + Full Body
35,Male,192,76.6,28.0,Very High,advanced,Recomposition,4,Non-Vegetarian,2433,114,216,47,Push Pull Legs + Accessories
45,Female,176,75.4,35.0,Low,beginner,Recomposition,5,Vegetarian,2109,114,314,92,Upper Lower
29,Female,167,75.1,40.4,Low,intermediate,Muscle Gain,3,Vegan,2060,111,362,56,Push Pull Legs + Accessories
48,Female,163,101.2,41.4,Light,intermediate,Muscle Gain,6,Non-Vegetarian,3863,136,553,97,Upper Lower
36,Male,163,108.0,29.4,Very High,beginner,Maintenance,3,Vegetarian,2896,151,634,55,Push Pull Legs
29,Male,154,83.7,33.0,Light,intermediate,Muscle Gain,4,Vegan,2162,179,203,88,Upper Lower + Full Body
34,Female,163,88.5,19.6,Moderate,intermediate,Fat Loss,5,Non-Vegetarian,1947,99,129,93,Upper Lower + Full Body
22,Male,184,58.9,17.8,Moderate,beginner,Fat Loss,5,Non-Vegetarian,1623,146,429,36,Upper Lower + Full Body
24,Female,158,62.2,40.9,Very High,beginner,Maintenance,5,Vegan,2131,133,328,68,Upper Lower + Full Body
34,Female,153,51.0,23.7,Moderate,beginner,Muscle Gain,5,Vegetarian,3072,120,572,89,Upper Lower + Full Body
25,Male,154,106.4,33.6,Light,advanced,Muscle Gain,5,Vegan,2606,155,250,40,Full Body
20,Female,172,58.7,17.2,Low,intermediate,Recomposition,4,Vegetarian,1932,112,542,38,Upper Lower
44,Female,192,101.2,38.0,Moderate,beginner,Muscle Gain,6,Vegetarian,3927,128,324,93,Full Body
32,Female,164,46.5,15.1,Moderate,intermediate,Muscle Gain,5,Non-Vegetarian,4086,151,459,38,Push Pull Legs
29,Female,187,107.6,17.8,Low,advanced,Recomposition,5,Vegan,2242,145,643,49,Push Pull Legs + Accessories
34,Male,152,91.1,8.1,Very High,advanced,Fat Loss,5,Non-Vegetarian,1443,175,458,75,Push Pull Legs
50,Female,169,88.3,20.1,Moderate,advanced,Fat Loss,4,Non-Vegetarian,2076,176,298,73,Push Pull Legs + Accessories
37,Male,168,58.7,37.1,Very High,advanced,Maintenance,6,Non-Vegetarian,2605,117,643,95,Upper Lower
36,Male,182,88.2,30.9,Low,beginner,Maintenance,4,Vegetarian,2001,93,167,66,Push Pull Legs + Accessories
47,Male,176,102.6,29.3,High,intermediate,Recomposition,4,Vegetarian,2943,178,125,48,Push Pull Legs + Accessories
29,Male,194,78.7,9.9,Light,beginner,Recomposition,4,Non-Vegetarian,2967,157,444,91,Upper Lower + Full Body
53,Female,178,103.3,35.5,High,intermediate,Maintenance,4,Vegan,2267,156,616,65,Full Body
22,Female,195,63.6,18.1,Moderate,advanced,Muscle Gain,4,Vegetarian,2947,149,276,62,Push Pull Legs
44,Female,171,80.3,23.4,Light,intermediate,Recomposition,3,Vegan,2379,151,126,80,Full Body
44,Female,184,93.6,28.2,Very High,beginner,Recomposition,4,Non-Vegetarian,2492,152,149,84,Full Body
28,Female,179,104.8,44.3,Very High,beginner,Recomposition,3,Vegetarian,2916,144,258,94,Upper Lower
34,Male,174,66.3,24.8,Moderate,intermediate,Maintenance,6,Non-Vegetarian,1867,150,139,41,Full Body
22,Male,191,47.6,9.1,Light,beginner,Muscle Gain,4,Vegetarian,2517,160,237,62,Push Pull Legs + Accessories
41,Female,160,84.4,43.7,Low,beginner,Maintenance,3,Vegan,1752,129,504,85,Upper Lower
55,Male,194,99.0,17.0,Moderate,advanced,Muscle Gain,3,Non-Vegetarian,4182,154,499,43,Upper Lower + Full Body
18,Female,176,98.5,11.9,Moderate,advanced,Recomposition,4,Non-Vegetarian,1960,156,396,96,Push Pull Legs + Accessories
55,Female,167,65.9,17.1,Low,intermediate,Recomposition,4,Non-Vegetarian,2767,168,508,78,Push Pull Legs
38,Female,161,76.7,21.1,Moderate,intermediate,Maintenance,5,Vegan,1720,156,315,45,Upper Lower
49,Female,185,94.3,33.6,High,intermediate,Muscle Gain,3,Non-Vegetarian,2907,151,369,74,Upper Lower + Full Body
48,Female,185,79.5,23.7,Very High,intermediate,Maintenance,6,Non-Vegetarian,2327,122,356,50,Upper Lower
25,Female,184,106.8,33.5,Light,beginner,Recomposition,5,Vegan,2807,157,409,47,Upper Lower
32,Female,173,56.7,8.5,Very High,beginner,Maintenance,3,Vegetarian,2833,127,249,97,Push Pull Legs
54,Male,168,75.5,24.3,Light,beginner,Maintenance,6,Vegetarian,3383,98,530,97,Push Pull Legs
27,Male,159,97.7,43.1,Low,beginner,Muscle Gain,6,Vegan,2924,199,509,92,Push Pull Legs + Accessories
55,Female,177,64.8,31.0,Very High,advanced,Muscle Gain,4,Vegan,2864,133,203,55,Upper Lower
53,Male,154,55.2,23.1,Very High,intermediate,Maintenance,3,Vegetarian,2290,126,584,44,Upper Lower
55,Female,192,97.3,15.3,Low,advanced,Fat Loss,4,Non-Vegetarian,1591,99,181,56,Full Body
46,Female,157,75.5,19.3,High,intermediate,Recomposition,6,Vegetarian,2824,95,562,76,Upper Lower + Full Body
19,Female,155,59.9,32.9,Very High,advanced,Muscle Gain,5,Vegan,2164,197,299,95,Upper Lower + Full Body
35,Female,161,109.8,24.1,High,beginner,Recomposition,5,Non-Vegetarian,2282,131,227,55,Full Body
49,Female,168,88.1,22.8,Very High,beginner,Recomposition,3,Non-Vegetarian,2116,131,238,86,Upper Lower + Full Body
52,Male,179,71.9,14.9,Moderate,advanced,Recomposition,6,Vegetarian,2016,124,254,71,Push Pull Legs + Accessories
25,Female,151,108.3,30.5,Light,advanced,Fat Loss,5,Vegan,1328,160,537,46,Upper Lower
47,Male,157,87.1,13.7,Moderate,advanced,Maintenance,6,Non-Vegetarian,2667,121,587,53,Push Pull Legs + Accessories
50,Male,158,101.2,18.2,High,intermediate,Maintenance,3,Non-Vegetarian,3186,128,621,54,Push Pull Legs + Accessories
40,Female,171,80.9,28.1,High,intermediate,Fat Loss,4,Vegan,2084,119,540,40,Full Body
42,Female,174,109.2,37.3,Light,intermediate,Muscle Gain,4,Vegan,3359,112,570,47,Upper Lower + Full Body
18,Female,159,71.6,32.2,Light,beginner,Recomposition,5,Non-Vegetarian,2876,178,527,45,Full Body
38,Female,190,91.7,36.1,Very High,beginner,Muscle Gain,4,Vegan,3177,129,212,90,Push Pull Legs
46,Male,160,90.1,41.4,Low,intermediate,Muscle Gain,5,Non-Vegetarian,3535,155,269,66,Upper Lower + Full Body
54,Female,193,96.5,14.3,Low,advanced,Recomposition,4,Non-Vegetarian,2794,108,357,94,Full Body
34,Female,192,45.6,37.8,Moderate,advanced,Fat Loss,3,Non-Vegetarian,2007,165,426,89,Full Body
37,Female,162,110.0,39.6,Low,beginner,Recomposition,5,Vegan,2205,179,422,37,Push Pull Legs + Accessories
18,Female,186,101.2,36.8,Low,advanced,Recomposition,5,Vegetarian,2843,135,344,59,Upper Lower + Full Body
26,Female,190,51.3,31.2,Low,intermediate,Recomposition,3,Vegan,2347,106,212,72,Full Body
29,Female,162,53.6,28.0,Moderate,advanced,Maintenance,4,Non-Vegetarian,3388,151,422,78,Push Pull Legs
22,Female,159,94.0,16.3,High,advanced,Maintenance,3,Non-Vegetarian,1728,123,246,93,Full Body
55,Female,174,98.5,42.8,Low,advanced,Fat Loss,6,Vegetarian,2568,161,455,63,Push Pull Legs
37,Female,191,71.5,13.2,Low,intermediate,Recomposition,3,Vegetarian,2080,158,258,84,Push Pull Legs + Accessories
52,Female,176,83.2,34.9,High,advanced,Muscle Gain,6,Vegan,3671,135,153,82,Upper Lower
46,Female,165,100.6,11.7,Moderate,advanced,Maintenance,3,Non-Vegetarian,2265,114,245,93,Push Pull Legs
19,Male,153,96.1,17.0,Light,advanced,Fat Loss,3,Vegan,1724,165,341,64,Full Body
18,Male,167,100.8,13.4,Light,advanced,Maintenance,4,Vegetarian,3053,93,254,36,Full Body
55,Male,170,46.0,17.8,Light,advanced,Recomposition,3,Vegan,1730,150,579,81,Upper Lower + Full Body
46,Male,182,59.4,30.8,Very High,intermediate,Recomposition,3,Vegetarian,2580,141,556,48,Push Pull Legs + Accessories
22,Female,155,65.9,13.5,Light,intermediate,Maintenance,6,Vegan,2786,127,584,99,Upper Lower + Full Body
24,Female,194,52.4,32.2,Very High,advanced,Fat Loss,6,Non-Vegetarian,1767,142,467,93,Push Pull Legs + Accessories
24,Female,170,72.7,32.6,Moderate,beginner,Recomposition,3,Vegetarian,1774,101,562,47,Full Body
53,Male,153,83.1,28.8,Moderate,advanced,Muscle Gain,6,Non-Vegetarian,3732,192,172,71,Upper Lower + Full Body
40,Female,156,82.6,15.9,High,beginner,Muscle Gain,5,Vegan,3505,114,405,63,Push Pull Legs + Accessories
35,Male,151,56.7,34.0,Moderate,intermediate,Maintenance,3,Vegetarian,1993,162,530,43,Upper Lower
23,Male,183,59.0,23.5,Moderate,beginner,Maintenance,5,Vegan,2364,162,206,41,Upper Lower
21,Male,193,50.3,24.4,High,intermediate,Recomposition,6,Non-Vegetarian,2041,155,236,79,Push Pull Legs + Accessories
36,Male,193,89.1,26.0,Moderate,beginner,Fat Loss,6,Vegan,1412,90,329,73,Upper Lower
34,Male,168,66.3,8.3,High,beginner,Fat Loss,6,Vegan,1771,154,482,44,Push Pull Legs + Accessories
45,Male,151,74.9,10.9,Moderate,advanced,Recomposition,6,Vegan,2911,143,416,49,Push Pull Legs + Accessories
38,Male,160,97.1,30.9,Moderate,beginner,Recomposition,3,Vegetarian,2492,165,530,45,Push Pull Legs + Accessories
39,Female,164,66.6,14.2,Very High,advanced,Muscle Gain,4,Non-Vegetarian,3438,193,271,65,Push Pull Legs
34,Male,162,56.3,13.7,Low,beginner,Recomposition,6,Vegan,3156,164,579,76,Full Body
46,Male,154,75.5,31.4,Moderate,advanced,Muscle Gain,5,Vegan,2303,139,592,92,Push Pull Legs
41,Male,168,50.0,40.0,Low,advanced,Recomposition,6,Vegan,2735,95,580,59,Full Body
50,Female,159,107.3,24.7,Moderate,advanced,Muscle Gain,4,Vegetarian,3014,190,568,91,Upper Lower + Full Body
41,Male,173,104.7,22.3,Moderate,advanced,Muscle Gain,5,Vegetarian,3350,112,515,71,Full Body
39,Male,155,82.9,13.2,Moderate,intermediate,Recomposition,4,Vegan,3051,100,437,83,Full Body
51,Male,155,87.0,23.7,Moderate,beginner,Maintenance,5,Vegetarian,2138,133,617,59,Upper Lower
27,Male,154,64.2,37.2,Very High,advanced,Muscle Gain,5,Vegan,2536,176,505,54,Upper Lower
28,Male,178,47.8,21.5,Light,intermediate,Maintenance,6,Vegetarian,2793,120,436,95,Upper Lower
54,Female,178,75.0,18.4,High,advanced,Recomposition,4,Vegetarian,2838,107,376,41,Push Pull Legs + Accessories
53,Female,156,91.2,27.1,Low,intermediate,Muscle Gain,4,Non-Vegetarian,3840,165,270,90,Push Pull Legs
46,Male,172,105.5,23.4,High,advanced,Maintenance,4,Non-Vegetarian,1867,137,349,38,Full Body
39,Male,159,53.9,18.6,High,advanced,Fat Loss,6,Non-Vegetarian,2560,90,201,37,Full Body
27,Male,185,106.1,30.5,High,beginner,Maintenance,4,Non-Vegetarian,1949,96,364,88,Upper Lower + Full Body
22,Female,157,99.4,26.5,Very High,beginner,Fat Loss,4,Non-Vegetarian,2179,90,481,65,Upper Lower + Full Body
29,Female,192,88.4,27.4,Moderate,beginner,Muscle Gain,6,Non-Vegetarian,2178,181,516,82,Full Body
40,Male,154,67.4,35.1,Low,advanced,Maintenance,4,Vegetarian,2421,159,466,57,Push Pull Legs + Accessories
29,Female,158,49.1,36.7,High,beginner,Maintenance,4,Vegetarian,3320,115,162,75,Full Body
52,Female,180,61.5,35.9,Light,intermediate,Maintenance,3,Vegan,2379,124,247,82,Push Pull Legs + Accessories
46,Female,174,67.0,14.9,High,intermediate,Maintenance,3,Vegan,2569,100,560,58,Upper Lower + Full Body
38,Female,156,50.2,32.5,Moderate,intermediate,Recomposition,4,Vegan,2509,134,577,40,Full Body
35,Female,190,108.7,43.1,Low,advanced,Recomposition,5,Vegan,3135,176,283,38,Upper Lower
20,Female,158,49.4,36.8,Moderate,intermediate,Recomposition,3,Vegan,1914,176,580,82,Full Body
22,Female,186,54.0,21.6,Moderate,advanced,Maintenance,4,Vegetarian,1753,113,631,84,Upper Lower + Full Body
34,Male,166,90.8,15.9,Very High,intermediate,Recomposition,4,Vegetarian,1877,99,582,57,Push Pull Legs + Accessories
38,Male,192,67.6,10.4,Very High,intermediate,Maintenance,4,Vegan,3153,112,490,100,Upper Lower
30,Male,158,60.4,26.3,Moderate,advanced,Maintenance,6,Vegan,1965,168,208,43,Full Body
48,Female,183,71.7,23.1,Very High,beginner,Fat Loss,5,Vegan,1451,147,597,79,Upper Lower
26,Male,177,77.7,40.1,Low,advanced,Fat Loss,5,Vegetarian,1631,131,350,79,Upper Lower + Full Body
23,Female,166,57.8,43.4,Moderate,beginner,Maintenance,3,Vegan,3012,111,277,56,Upper Lower + Full Body
54,Female,152,98.6,9.0,Low,advanced,Maintenance,4,Vegan,2553,169,151,98,Upper Lower + Full Body
37,Female,180,60.9,37.9,High,intermediate,Recomposition,3,Vegan,1722,110,570,88,Push Pull Legs + Accessories
31,Female,171,84.4,19.6,Moderate,advanced,Maintenance,6,Vegetarian,3257,137,647,48,Full Body
47,Male,157,62.4,17.2,Low,beginner,Maintenance,6,Vegan,2556,121,283,76,Upper Lower + Full Body
30,Female,160,77.4,27.0,High,intermediate,Recomposition,3,Vegetarian,2405,154,588,65,Upper Lower
21,Female,153,63.3,30.1,High,intermediate,Muscle Gain,3,Non-Vegetarian,2548,133,494,86,Full Body
43,Male,153,82.1,15.2,Very High,intermediate,Muscle Gain,6,Vegan,3844,197,406,50,Upper Lower
43,Male,173,96.7,20.5,Moderate,beginner,Fat Loss,6,Vegan,1382,95,159,52,Full Body
51,Female,179,54.7,41.0,Light,intermediate,Maintenance,4,Non-Vegetarian,2962,128,464,99,Upper Lower + Full Body
54,Female,169,75.9,8.6,Moderate,advanced,Muscle Gain,6,Vegan,3260,201,147,95,Full Body
21,Male,187,76.2,27.4,Very High,intermediate,Fat Loss,4,Vegetarian,2472,179,232,59,Push Pull Legs
38,Female,176,54.8,33.5,High,advanced,Recomposition,3,Vegan,1882,156,332,76,Push Pull Legs + Accessories
38,Female,161,74.9,27.7,Very High,intermediate,Maintenance,6,Vegetarian,2204,125,425,63,Full Body
31,Female,194,90.8,19.7,Moderate,advanced,Maintenance,5,Vegetarian,2874,159,508,85,Full Body
36,Male,152,63.7,34.4,Moderate,intermediate,Maintenance,6,Vegetarian,2113,158,397,69,Upper Lower
55,Male,165,60.8,32.8,Very High,beginner,Fat Loss,3,Vegetarian,2146,132,603,47,Upper Lower
53,Male,160,71.4,42.6,High,intermediate,Fat Loss,5,Non-Vegetarian,1884,172,180,46,Upper Lower + Full Body
52,Male,152,104.4,14.5,Light,beginner,Recomposition,6,Vegetarian,3133,127,158,36,Full Body
39,Male,168,74.5,31.7,Very High,intermediate,Fat Loss,6,Non-Vegetarian,1694,104,458,55,Push Pull Legs + Accessories
29,Female,150,92.9,37.3,Very High,advanced,Fat Loss,4,Vegan,2130,144,647,76,Push Pull Legs
24,Female,161,108.8,25.7,Light,beginner,Maintenance,6,Vegetarian,2614,124,457,73,Upper Lower + Full Body
34,Male,191,68.4,16.7,Low,intermediate,Maintenance,4,Non-Vegetarian,3105,154,438,50,Full Body
32,Female,164,107.2,25.7,High,advanced,Maintenance,6,Vegan,2824,150,343,66,Upper Lower + Full Body
51,Male,178,79.3,21.4,Very High,beginner,Muscle Gain,4,Vegan,4198,119,288,76,Upper Lower + Full Body
25,Female,193,58.4,29.6,Low,advanced,Recomposition,3,Non-Vegetarian,1870,155,545,93,Upper Lower + Full Body
53,Male,179,88.7,19.4,Low,intermediate,Maintenance,3,Vegan,2146,164,194,40,Push Pull Legs + Accessories
22,Female,184,109.6,42.6,Low,intermediate,Muscle Gain,5,Non-Vegetarian,2737,198,258,88,Full Body
46,Female,174,69.4,33.3,Very High,beginner,Maintenance,3,Vegetarian,2800,140,250,63,Push Pull Legs
37,Male,179,88.8,28.1,Very High,intermediate,Fat Loss,4,Non-Vegetarian,2008,109,402,59,Push Pull Legs
44,Male,189,94.8,40.7,Low,beginner,Fat Loss,3,Vegetarian,2516,94,577,41,Upper Lower
43,Male,178,60.2,16.0,Low,beginner,Maintenance,4,Vegan,2879,130,448,65,Full Body
51,Male,164,71.9,18.2,Very High,advanced,Fat Loss,6,Vegan,2315,96,472,83,Upper Lower + Full Body
44,Female,176,54.7,21.9,Very High,intermediate,Fat Loss,4,Non-Vegetarian,1595,149,179,87,Push Pull Legs + Accessories
42,Male,165,61.6,20.2,Low,intermediate,Maintenance,3,Vegan,3183,114,172,69,Push Pull Legs + Accessories
22,Male,162,97.3,29.7,Very High,beginner,Recomposition,4,Non-Vegetarian,2220,91,336,59,Push Pull Legs
33,Female,194,84.3,15.6,Light,advanced,Maintenance,5,Non-Vegetarian,2654,158,487,74,Full Body
50,Female,181,75.3,37.7,High,intermediate,Fat Loss,5,Non-Vegetarian,2147,95,346,53,Push Pull Legs
53,Female,187,82.6,23.5,Light,beginner,Maintenance,4,Non-Vegetarian,2866,121,631,78,Full Body
49,Female,179,55.9,37.4,Light,beginner,Recomposition,4,Vegan,2914,97,154,44,Push Pull Legs
44,Male,158,99.8,16.6,Light,beginner,Fat Loss,6,Non-Vegetarian,1423,169,614,97,Push Pull Legs
52,Male,185,71.7,8.6,Moderate,advanced,Maintenance,3,Vegan,3365,145,303,48,Push Pull Legs
33,Male,162,85.3,17.3,Moderate,intermediate,Recomposition,3,Non-Vegetarian,2431,148,369,63,Full Body
20,Male,155,71.3,22.0,High,beginner,Muscle Gain,4,Vegetarian,4047,208,564,77,Upper Lower + Full Body
51,Male,152,59.9,41.3,Very High,intermediate,Maintenance,3,Vegetarian,3101,125,153,57,Full Body
31,Male,187,54.4,38.4,High,beginner,Maintenance,4,Vegan,2192,162,518,77,Push Pull Legs + Accessories
23,Male,182,93.5,20.8,Low,intermediate,Fat Loss,3,Non-Vegetarian,2539,168,526,76,Push Pull Legs
46,Female,181,59.8,28.5,High,intermediate,Fat Loss,6,Vegetarian,2566,127,372,44,Push Pull Legs
27,Female,174,91.3,31.5,High,intermediate,Maintenance,3,Vegetarian,1710,129,575,81,Full Body
26,Male,155,57.2,24.6,Very High,advanced,Recomposition,3,Vegetarian,1783,135,215,76,Push Pull Legs + Accessories
36,Male,176,70.2,11.1,Very High,beginner,Fat Loss,6,Vegetarian,1584,124,428,69,Push Pull Legs + Accessories
22,Male,160,73.3,23.6,High,beginner,Maintenance,5,Vegetarian,3176,170,627,60,Push Pull Legs + Accessories
26,Male,169,45.4,22.6,Very High,intermediate,Maintenance,6,Non-Vegetarian,2581,166,259,73,Full Body
48,Male,170,56.5,22.7,Moderate,intermediate,Recomposition,4,Non-Vegetarian,2370,125,522,81,Push Pull Legs
55,Male,184,56.7,36.4,Low,advanced,Recomposition,4,Non-Vegetarian,2196,178,190,87,Push Pull Legs + Accessories
37,Male,165,61.4,13.7,High,intermediate,Muscle Gain,6,Vegan,3962,174,530,99,Push Pull Legs + Accessories
41,Male,194,103.2,27.9,Low,beginner,Fat Loss,5,Vegetarian,2554,95,529,77,Push Pull Legs + Accessories
18,Male,156,61.8,26.9,Very High,advanced,Fat Loss,6,Non-Vegetarian,2101,149,632,54,Full Body
48,Male,156,64.2,42.1,Low,beginner,Fat Loss,5,Non-Vegetarian,2002,148,331,96,Full Body
24,Female,178,91.9,24.7,Low,intermediate,Muscle Gain,3,Vegetarian,3405,182,231,56,Upper Lower
53,Male,160,66.5,23.8,High,beginner,Recomposition,4,Vegetarian,2911,174,562,85,Push Pull Legs
46,Male,187,72.9,8.2,Light,beginner,Maintenance,3,Vegan,1908,158,311,81,Full Body
47,Male,157,62.1,39.9,Very High,advanced,Maintenance,6,Vegan,2503,165,236,79,Full Body
29,Female,193,90.9,19.0,Very High,advanced,Muscle Gain,4,Non-Vegetarian,2482,130,432,49,Upper Lower
27,Female,182,70.3,30.1,Very High,intermediate,Recomposition,4,Non-Vegetarian,2901,158,297,56,Push Pull Legs + Accessories
26,Female,161,65.4,24.7,Low,intermediate,Muscle Gain,6,Vegetarian,2799,204,513,99,Push Pull Legs + Accessories
49,Female,176,91.2,24.4,Light,beginner,Muscle Gain,4,Non-Vegetarian,2133,135,350,71,Upper Lower
54,Female,181,80.7,12.2,Low,intermediate,Maintenance,3,Vegan,2603,159,343,89,Push Pull Legs
37,Male,152,74.2,20.9,Low,intermediate,Muscle Gain,4,Vegetarian,3436,210,558,56,Upper Lower + Full Body
31,Male,163,97.4,29.1,Very High,intermediate,Fat Loss,5,Vegan,1899,127,393,100,Push Pull Legs
44,Male,153,109.5,40.1,Light,advanced,Fat Loss,4,Vegetarian,1959,121,522,97,Upper Lower
44,Female,174,74.4,31.4,Low,intermediate,Maintenance,5,Non-Vegetarian,2699,131,122,46,Push Pull Legs + Accessories
22,Female,184,70.9,43.8,Light,intermediate,Maintenance,5,Non-Vegetarian,2391,160,253,97,Full Body
20,Male,156,85.7,39.0,Low,beginner,Fat Loss,6,Non-Vegetarian,1301,144,327,51,Full Body
35,Male,155,87.5,17.3,Moderate,advanced,Fat Loss,3,Non-Vegetarian,2581,129,359,89,Push Pull Legs
18,Male,163,76.0,12.9,Light,advanced,Recomposition,3,Vegetarian,3024,133,243,89,Upper Lower
22,Female,164,69.9,35.0,Low,beginner,Maintenance,5,Non-Vegetarian,1980,138,256,53,Push Pull Legs
28,Male,178,67.8,15.9,Light,intermediate,Recomposition,4,Vegetarian,1805,107,246,84,Full Body
38,Female,158,61.1,31.9,Light,advanced,Maintenance,3,Vegan,2317,116,650,100,Upper Lower
36,Female,191,48.5,41.2,Light,intermediate,Recomposition,3,Vegetarian,2623,171,192,36,Full Body
26,Female,174,101.0,29.0,Moderate,advanced,Fat Loss,6,Vegetarian,1334,165,189,36,Full Body
20,Male,153,106.7,22.7,Moderate,advanced,Recomposition,6,Vegan,2423,100,276,70,Push Pull Legs
23,Female,182,104.9,44.0,Light,advanced,Maintenance,6,Vegan,2999,98,437,90,Upper Lower
33,Male,155,105.1,12.3,Very High,advanced,Muscle Gain,5,Vegan,2719,115,132,52,Push Pull Legs
49,Male,172,79.0,37.0,Moderate,beginner,Maintenance,4,Vegan,3299,124,240,38,Full Body
35,Female,183,49.2,34.4,Very High,advanced,Muscle Gain,6,Non-Vegetarian,4092,146,176,98,Upper Lower + Full Body
41,Male,160,61.6,11.8,Very High,advanced,Muscle Gain,4,Vegan,4084,100,165,36,Upper Lower
48,Male,173,69.9,13.6,Low,advanced,Recomposition,4,Non-Vegetarian,2108,143,447,69,Push Pull Legs
25,Female,182,88.8,9.9,Light,advanced,Muscle Gain,6,Vegetarian,3905,210,409,74,Full Body
53,Male,179,45.5,15.4,Very High,intermediate,Fat Loss,6,Non-Vegetarian,2511,153,320,66,Upper Lower
44,Male,151,60.1,20.8,Low,intermediate,Muscle Gain,6,Vegan,3259,113,330,65,Push Pull Legs + Accessories
21,Female,159,91.3,11.4,Light,advanced,Recomposition,5,Non-Vegetarian,3131,100,217,99,Upper Lower
22,Female,187,81.9,24.1,Light,beginner,Maintenance,5,Non-Vegetarian,3340,140,454,75,Push Pull Legs + Accessories
32,Female,154,106.3,13.0,Very High,beginner,Fat Loss,3,Vegetarian,2220,149,441,87,Push Pull Legs
31,Female,178,65.0,17.8,Low,beginner,Fat Loss,5,Vegan,2535,95,340,76,Upper Lower
33,Male,172,70.8,9.8,Moderate,intermediate,Fat Loss,3,Non-Vegetarian,2226,161,375,47,Push Pull Legs + Accessories
26,Male,157,45.8,38.7,Light,beginner,Fat Loss,6,Non-Vegetarian,2590,172,206,68,Push Pull Legs
22,Male,162,103.7,24.4,Light,beginner,Maintenance,3,Vegetarian,2644,96,292,90,Push Pull Legs + Accessories
19,Female,174,89.4,14.4,Light,beginner,Maintenance,5,Non-Vegetarian,2004,94,371,72,Push Pull Legs + Accessories
53,Female,180,49.0,18.4,Light,intermediate,Fat Loss,4,Vegan,2413,92,511,80,Push Pull Legs + Accessories
40,Female,186,77.7,22.4,Light,beginner,Maintenance,4,Vegetarian,3360,125,179,95,Upper Lower + Full Body
55,Female,164,108.3,11.7,Light,intermediate,Muscle Gain,4,Vegan,3590,145,297,57,Upper Lower
40,Female,187,46.8,33.9,Very High,advanced,Fat Loss,4,Non-Vegetarian,2410,129,299,97,Push Pull Legs
21,Male,164,84.1,8.7,High,beginner,Maintenance,4,Vegetarian,2397,112,451,42,Push Pull Legs
55,Male,195,104.6,36.7,Very High,intermediate,Muscle Gain,5,Vegan,3620,175,223,78,Full Body
26,Female,160,92.6,24.2,High,advanced,Maintenance,4,Vegan,2850,168,485,63,Upper Lower + Full Body
42,Male,169,92.7,18.9,Light,advanced,Muscle Gain,6,Vegan,2132,123,445,63,Upper Lower + Full Body
49,Male,159,66.5,10.9,Moderate,intermediate,Fat Loss,3,Vegan,1987,147,131,68,Upper Lower
22,Male,172,61.7,12.0,Low,beginner,Recomposition,6,Vegan,2459,111,543,98,Push Pull Legs + Accessories
52,Female,174,51.6,25.7,Very High,advanced,Fat Loss,4,Non-Vegetarian,1450,94,421,37,Full Body
24,Female,154,67.2,40.9,Light,advanced,Muscle Gain,3,Non-Vegetarian,3977,190,151,90,Upper Lower
28,Female,153,51.6,15.6,Light,intermediate,Maintenance,5,Non-Vegetarian,2186,102,170,85,Upper Lower + Full Body
27,Female,153,68.5,23.8,Moderate,advanced,Recomposition,4,Vegetarian,1652,116,294,72,Push Pull Legs
25,Female,169,96.0,25.4,Moderate,beginner,Recomposition,4,Non-Vegetarian,2381,137,311,92,Push Pull Legs
46,Female,179,62.1,39.0,Very High,beginner,Fat Loss,3,Vegetarian,2004,159,543,64,Upper Lower + Full Body
42,Male,183,72.2,27.8,High,advanced,Fat Loss,6,Non-Vegetarian,1461,140,155,99,Upper Lower + Full Body
25,Male,178,56.2,44.4,Light,beginner,Fat Loss,3,Non-Vegetarian,1460,177,565,60,Upper Lower
38,Female,154,50.7,28.6,Very High,intermediate,Maintenance,6,Vegetarian,3310,169,549,49,Push Pull Legs + Accessories
27,Male,186,83.2,36.1,Low,beginner,Muscle Gain,5,Vegan,3408,152,390,84,Push Pull Legs + Accessories
20,Female,161,62.9,13.3,Very High,advanced,Recomposition,3,Non-Vegetarian,2278,178,363,41,Push Pull Legs + Accessories
41,Female,151,67.0,37.4,Moderate,intermediate,Recomposition,3,Vegetarian,1875,128,573,76,Full Body
23,Female,162,73.7,41.8,High,advanced,Recomposition,5,Vegetarian,2655,110,187,74,Upper Lower + Full Body
26,Female,183,102.2,9.1,Light,beginner,Muscle Gain,4,Vegetarian,3869,106,489,60,Full Body
47,Female,182,70.8,42.2,Low,beginner,Maintenance,6,Vegan,2613,112,605,79,Full Body
34,Male,194,50.9,9.0,Low,beginner,Fat Loss,4,Vegan,1761,176,331,69,Push Pull Legs + Accessories
18,Male,180,104.2,32.0,Very High,beginner,Fat Loss,5,Vegan,1925,180,401,89,Push Pull Legs + Accessories
47,Female,166,59.2,19.2,Very High,advanced,Recomposition,3,Vegetarian,2647,174,503,71,Full Body
48,Male,154,66.9,18.2,Moderate,intermediate,Maintenance,5,Vegetarian,2007,156,366,42,Upper Lower + Full Body
38,Female,193,54.1,8.9,High,intermediate,Maintenance,6,Non-Vegetarian,2495,94,314,78,Upper Lower
40,Female,182,64.5,14.3,Very High,beginner,Maintenance,3,Non-Vegetarian,1962,123,307,77,Push Pull Legs
40,Male,164,93.4,19.4,Moderate,intermediate,Maintenance,5,Non-Vegetarian,1941,150,174,44,Push Pull Legs + Accessories
50,Male,157,101.4,22.1,Moderate,intermediate,Muscle Gain,4,Vegetarian,2820,143,539,93,Upper Lower
29,Female,155,76.7,31.3,Light,intermediate,Muscle Gain,3,Non-Vegetarian,3120,126,292,55,Push Pull Legs + Accessories
26,Male,189,73.2,23.9,High,intermediate,Recomposition,3,Vegetarian,2693,115,502,36,Full Body
19,Male,193,45.3,35.1,Light,advanced,Maintenance,5,Vegetarian,1910,139,635,74,Upper Lower
20,Male,169,106.7,24.9,Very High,advanced,Maintenance,6,Vegan,1974,133,621,80,Upper Lower
43,Male,151,59.8,34.9,Light,beginner,Muscle Gain,4,Vegetarian,3501,191,158,83,Full Body
21,Male,192,52.0,38.9,Low,advanced,Muscle Gain,6,Non-Vegetarian,3557,115,378,95,Upper Lower
18,Male,169,72.4,11.7,Very High,intermediate,Fat Loss,6,Vegetarian,2347,169,240,71,Push Pull Legs
49,Male,162,84.6,36.8,Very High,beginner,Maintenance,6,Non-Vegetarian,2028,95,628,61,Push Pull Legs + Accessories
33,Female,150,45.8,11.3,Low,advanced,Recomposition,4,Vegetarian,3196,155,196,47,Full Body
47,Male,168,62.2,9.9,Light,beginner,Maintenance,5,Vegan,2340,144,238,47,Push Pull Legs
26,Male,192,87.1,20.2,High,advanced,Maintenance,3,Non-Vegetarian,3369,133,307,49,Push Pull Legs + Accessories
47,Female,167,99.3,33.5,High,intermediate,Fat Loss,3,Vegetarian,1420,110,226,88,Upper Lower + Full Body
54,Female,193,73.5,30.6,Moderate,advanced,Muscle Gain,4,Non-Vegetarian,3999,114,541,91,Push Pull Legs
34,Male,191,65.4,34.1,Very High,advanced,Fat Loss,5,Vegan,2371,178,217,90,Upper Lower
40,Female,192,89.0,22.2,Very High,advanced,Muscle Gain,3,Vegan,2642,164,600,98,Upper Lower
49,Male,170,60.7,43.9,Low,advanced,Fat Loss,6,Non-Vegetarian,1781,100,590,91,Upper Lower + Full Body
23,Female,181,74.1,12.4,High,advanced,Muscle Gain,3,Non-Vegetarian,3688,104,120,46,Upper Lower + Full Body
50,Female,185,58.4,32.8,Moderate,intermediate,Muscle Gain,4,Non-Vegetarian,3359,171,604,81,Push Pull Legs + Accessories
24,Male,192,59.4,20.6,Moderate,advanced,Maintenance,3,Vegetarian,2036,153,263,87,Push Pull Legs
30,Female,162,52.8,39.5,Light,intermediate,Fat Loss,5,Vegetarian,2148,95,246,92,Push Pull Legs + Accessories
49,Male,150,79.5,9.8,High,advanced,Recomposition,4,Vegan,2784,112,251,48,Push Pull Legs + Accessories
50,Female,174,72.2,30.5,Light,intermediate,Recomposition,5,Non-Vegetarian,2527,107,261,87,Upper Lower + Full Body
53,Female,170,91.3,42.6,Light,beginner,Fat Loss,5,Vegan,2007,176,255,57,Upper Lower + Full Body
25,Female,172,81.5,29.6,High,advanced,Maintenance,6,Vegetarian,2770,103,145,83,Upper Lower
21,Male,162,62.4,37.1,Moderate,advanced,Maintenance,4,Vegetarian,3114,127,328,39,Full Body
24,Female,189,101.4,35.4,Light,advanced,Recomposition,4,Vegan,3025,126,168,83,Push Pull Legs + Accessories
38,Female,185,48.5,35.5,Light,advanced,Recomposition,4,Vegan,3043,180,496,60,Upper Lower
46,Female,161,108.9,10.8,Light,advanced,Muscle Gain,6,Vegetarian,3755,135,390,51,Upper Lower
18,Female,171,75.3,42.7,Low,beginner,Maintenance,3,Vegan,2960,128,622,80,Push Pull Legs
51,Female,164,107.2,27.3,Very High,beginner,Recomposition,6,Vegetarian,2315,118,338,77,Full Body
36,Female,163,106.8,30.9,High,advanced,Muscle Gain,3,Vegan,3417,157,366,66,Push Pull Legs
42,Female,157,70.1,28.0,Moderate,beginner,Maintenance,6,Non-Vegetarian,1789,127,317,76,Upper Lower + Full Body
24,Male,160,108.2,36.6,Very High,beginner,Muscle Gain,4,Vegan,2873,210,554,48,Upper Lower
22,Female,193,55.0,25.0,Moderate,beginner,Muscle Gain,3,Vegetarian,2729,201,377,44,Upper Lower + Full Body
34,Male,176,70.2,31.3,High,intermediate,Muscle Gain,6,Vegan,2484,168,126,43,Upper Lower + Full Body
22,Male,172,105.3,11.9,Moderate,advanced,Muscle Gain,5,Non-Vegetarian,3562,150,151,95,Upper Lower
26,Male,175,96.8,39.4,Moderate,advanced,Fat Loss,5,Vegan,2064,91,264,50,Push Pull Legs
54,Male,188,70.6,28.3,Low,intermediate,Fat Loss,5,Vegetarian,2145,172,644,53,Upper Lower
32,Male,189,99.3,15.2,Light,advanced,Muscle Gain,6,Vegan,2299,137,188,67,Push Pull Legs
55,Male,181,106.9,21.2,Light,beginner,Maintenance,3,Vegetarian,2350,152,581,77,Upper Lower + Full Body
55,Female,159,81.8,21.5,Moderate,intermediate,Fat Loss,3,Non-Vegetarian,1804,118,566,70,Full Body
39,Male,180,75.1,21.3,Moderate,intermediate,Muscle Gain,4,Vegan,2335,207,407,52,Upper Lower + Full Body
34,Male,190,50.0,10.8,Low,advanced,Muscle Gain,6,Vegan,2871,104,386,95,Upper Lower
43,Female,164,102.9,29.8,Moderate,beginner,Recomposition,3,Non-Vegetarian,2345,154,130,65,Upper Lower + Full Body
50,Male,158,74.0,14.6,Very High,advanced,Fat Loss,6,Non-Vegetarian,1382,118,619,64,Push Pull Legs
41,Female,164,47.8,15.7,Moderate,intermediate,Recomposition,6,Vegetarian,1681,173,451,48,Upper Lower + Full Body
34,Female,187,80.4,14.4,High,intermediate,Muscle Gain,5,Non-Vegetarian,2912,166,535,80,Full Body
48,Female,188,45.4,40.6,High,beginner,Fat Loss,3,Vegan,1875,117,273,58,Upper Lower
25,Female,192,60.0,38.0,Low,intermediate,Recomposition,6,Vegetarian,2809,110,540,37,Upper Lower
26,Male,186,83.5,13.0,Very High,beginner,Fat Loss,3,Vegetarian,1828,113,649,86,Upper Lower + Full Body
36,Male,155,59.1,30.4,High,intermediate,Fat Loss,4,Non-Vegetarian,2530,108,306,100,Full Body
39,Male,179,83.8,10.5,High,intermediate,Fat Loss,3,Vegetarian,1714,156,636,88,Upper Lower
29,Male,180,103.6,30.2,Very High,advanced,Muscle Gain,3,Non-Vegetarian,2533,177,121,90,Upper Lower + Full Body
41,Female,152,90.3,23.9,High,intermediate,Maintenance,3,Non-Vegetarian,1974,122,608,64,Push Pull Legs
52,Female,176,61.8,8.2,Low,advanced,Muscle Gain,3,Non-Vegetarian,2841,188,443,87,Full Body
27,Male,177,87.4,17.4,Very High,intermediate,Maintenance,5,Vegan,2513,116,543,96,Upper Lower
53,Female,185,76.4,44.6,Very High,intermediate,Recomposition,4,Vegan,1843,119,577,55,Push Pull Legs
50,Male,175,96.1,37.6,Very High,advanced,Muscle Gain,4,Non-Vegetarian,2021,202,213,53,Push Pull Legs + Accessories
23,Female,154,62.1,21.7,Very High,beginner,Recomposition,6,Vegan,2943,156,413,42,Upper Lower
46,Female,150,58.1,32.3,Very High,intermediate,Fat Loss,3,Vegan,2345,156,357,56,Push Pull Legs
33,Female,191,45.0,13.8,Moderate,intermediate,Maintenance,6,Non-Vegetarian,2900,115,650,36,Push Pull Legs
53,Male,168,92.2,28.7,Very High,intermediate,Maintenance,5,Vegetarian,2941,114,585,86,Upper Lower + Full Body
34,Male,161,71.5,11.9,Low,advanced,Maintenance,5,Vegetarian,3344,155,383,67,Push Pull Legs + Accessories
54,Female,180,95.0,36.0,High,advanced,Recomposition,3,Non-Vegetarian,1838,123,189,83,Upper Lower
38,Male,176,107.1,27.1,Low,advanced,Maintenance,4,Non-Vegetarian,1890,141,470,44,Upper Lower + Full Body
48,Male,170,68.0,41.1,Moderate,beginner,Fat Loss,6,Vegan,1708,120,367,68,Upper Lower
30,Male,165,99.4,21.2,Low,beginner,Muscle Gain,6,Vegan,2027,197,163,96,Full Body
49,Female,186,101.5,26.2,Very High,intermediate,Recomposition,4,Vegan,1862,96,553,96,Upper Lower + Full Body
50,Male,172,70.6,33.4,Light,intermediate,Muscle Gain,6,Non-Vegetarian,2034,101,335,83,Upper Lower + Full Body
38,Male,173,84.8,17.6,Very High,intermediate,Fat Loss,5,Non-Vegetarian,2555,133,494,58,Push Pull Legs + Accessories
31,Female,176,90.5,21.8,High,intermediate,Recomposition,4,Vegan,1868,163,354,47,Full Body
53,Male,177,100.7,15.3,Light,intermediate,Muscle Gain,4,Non-Vegetarian,4046,117,649,75,Push Pull Legs + Accessories
34,Female,185,100.8,9.8,Low,advanced,Fat Loss,3,Vegetarian,1820,150,218,92,Full Body
41,Female,173,81.4,42.5,Moderate,intermediate,Muscle Gain,6,Vegetarian,3438,186,323,57,Full Body
38,Female,193,78.2,36.7,High,beginner,Recomposition,5,Non-Vegetarian,2893,108,291,78,Push Pull Legs + Accessories
22,Female,155,55.5,16.4,Moderate,advanced,Maintenance,5,Vegan,3020,140,397,91,Full Body
44,Female,160,57.0,8.9,Light,advanced,Maintenance,3,Vegetarian,2041,140,225,47,Push Pull Legs
53,Female,153,46.7,22.7,Low,beginner,Maintenance,4,Vegetarian,3041,139,436,64,Upper Lower
46,Female,190,53.2,27.5,Light,beginner,Muscle Gain,5,Non-Vegetarian,3950,159,398,91,Upper Lower
55,Male,188,74.7,35.7,Very High,intermediate,Maintenance,5,Non-Vegetarian,2805,119,211,91,Full Body
44,Female,166,55.1,8.4,Very High,beginner,Maintenance,5,Non-Vegetarian,2795,91,623,96,Full Body
45,Male,168,83.8,37.5,Very High,intermediate,Fat Loss,6,Vegan,2195,140,375,55,Push Pull Legs + Accessories
32,Female,166,50.1,31.1,Very High,advanced,Maintenance,5,Vegan,3221,158,395,87,Upper Lower
29,Male,158,63.8,31.6,Very High,intermediate,Maintenance,6,Vegetarian,2356,92,275,41,Upper Lower + Full Body
29,Male,156,63.3,12.6,High,advanced,Muscle Gain,4,Vegetarian,2617,101,625,62,Full Body
37,Female,181,109.9,25.2,Low,intermediate,Muscle Gain,4,Vegetarian,3091,199,521,44,Upper Lower + Full Body
29,Female,162,103.2,17.3,High,beginner,Muscle Gain,4,Non-Vegetarian,3814,131,154,60,Push Pull Legs + Accessories
51,Male,192,108.8,25.5,Moderate,intermediate,Fat Loss,3,Vegan,2425,156,245,67,Push Pull Legs + Accessories
30,Female,173,102.7,40.0,Light,beginner,Fat Loss,6,Non-Vegetarian,1330,111,402,50,Push Pull Legs + Accessories
18,Male,152,82.8,33.6,Very High,beginner,Maintenance,3,Vegetarian,2022,153,213,78,Push Pull Legs
40,Male,191,55.0,27.8,Low,beginner,Recomposition,4,Non-Vegetarian,2743,172,475,91,Upper Lower
42,Male,172,92.1,17.3,Low,intermediate,Recomposition,5,Vegan,3027,152,314,58,Upper Lower + Full Body
38,Female,179,62.9,38.8,Very High,beginner,Muscle Gain,4,Non-Vegetarian,3211,204,389,81,Push Pull Legs + Accessories
50,Male,174,92.7,40.7,Very High,intermediate,Fat Loss,5,Vegan,1429,174,516,59,Upper Lower + Full Body
53,Female,159,84.8,19.9,Moderate,beginner,Muscle Gain,3,Vegetarian,2531,122,152,60,Push Pull Legs
30,Female,156,47.1,31.7,High,advanced,Recomposition,5,Vegetarian,2350,118,192,36,Upper Lower
23,Female,179,97.1,10.2,Very High,advanced,Recomposition,5,Vegan,1719,168,392,40,Push Pull Legs
22,Female,163,107.4,11.6,Light,advanced,Recomposition,4,Vegetarian,2677,174,374,57,Upper Lower + Full Body
24,Female,190,82.5,33.0,High,beginner,Fat Loss,4,Vegan,2122,154,465,55,Upper Lower + Full Body
40,Female,170,80.8,44.9,Moderate,intermediate,Recomposition,5,Vegan,2092,162,339,83,Upper Lower + Full Body
41,Female,178,74.1,22.7,Low,intermediate,Muscle Gain,4,Non-Vegetarian,2026,138,347,62,Full Body
35,Male,185,78.2,29.1,Very High,beginner,Muscle Gain,3,Non-Vegetarian,3456,119,261,68,Full Body
32,Male,166,97.7,11.4,High,advanced,Fat Loss,3,Vegan,1964,151,297,97,Upper Lower + Full Body
37,Male,152,92.5,29.3,Low,beginner,Maintenance,5,Non-Vegetarian,2553,105,352,36,Push Pull Legs + Accessories
37,Male,183,47.7,28.0,Light,intermediate,Fat Loss,4,Vegetarian,2104,147,636,46,Upper Lower
36,Female,175,54.6,20.4,High,advanced,Muscle Gain,6,Non-Vegetarian,2348,151,633,90,Upper Lower
48,Male,185,57.9,22.6,Very High,beginner,Fat Loss,4,Vegetarian,1845,145,451,46,Push Pull Legs
45,Female,173,67.6,19.9,Very High,advanced,Muscle Gain,5,Vegetarian,3432,178,572,53,Push Pull Legs + Accessories
32,Male,162,89.5,13.8,Low,beginner,Muscle Gain,4,Vegan,2604,206,414,36,Full Body
37,Male,178,75.6,20.3,Very High,beginner,Fat Loss,5,Vegan,2289,169,264,37,Push Pull Legs + Accessories
34,Male,160,48.9,15.4,Very High,intermediate,Muscle Gain,6,Vegan,2034,108,517,69,Full Body
19,Male,168,101.4,32.0,Light,intermediate,Muscle Gain,5,Non-Vegetarian,4177,111,310,60,Upper Lower + Full Body
53,Female,195,46.4,17.2,Very High,intermediate,Maintenance,6,Non-Vegetarian,3224,110,138,79,Full Body
37,Female,165,109.7,44.2,Moderate,beginner,Maintenance,6,Vegetarian,2836,125,350,54,Full Body
26,Female,155,92.4,27.3,Very High,advanced,Fat Loss,6,Vegetarian,2473,109,556,74,Upper Lower + Full Body
46,Female,184,53.6,32.1,Very High,advanced,Fat Loss,4,Non-Vegetarian,2372,107,560,53,Upper Lower + Full Body
38,Male,154,81.2,43.1,Low,beginner,Maintenance,4,Vegan,1760,130,543,87,Full Body
35,Female,159,95.6,12.0,Light,beginner,Maintenance,4,Vegan,2175,119,146,80,Push Pull Legs
26,Female,182,100.0,25.3,Moderate,beginner,Recomposition,6,Non-Vegetarian,1881,110,317,63,Push Pull Legs
18,Female,167,106.8,16.2,Light,beginner,Muscle Gain,4,Non-Vegetarian,4006,188,452,93,Upper Lower
43,Female,152,84.5,38.5,Moderate,intermediate,Muscle Gain,3,Non-Vegetarian,3871,205,163,66,Upper Lower + Full Body
20,Female,185,70.2,36.3,Low,beginner,Maintenance,6,Non-Vegetarian,2323,126,592,56,Push Pull Legs + Accessories
21,Female,194,78.6,13.3,High,beginner,Muscle Gain,4,Vegan,2554,150,543,76,Push Pull Legs + Accessories
29,Male,179,83.4,34.4,Light,intermediate,Muscle Gain,5,Non-Vegetarian,2671,191,246,46,Push Pull Legs
41,Female,155,79.0,22.2,Very High,advanced,Fat Loss,6,Vegan,2079,95,294,77,Upper Lower + Full Body
28,Male,159,56.6,34.3,High,intermediate,Maintenance,6,Non-Vegetarian,2982,113,240,51,Upper Lower
34,Male,150,74.8,39.7,Very High,beginner,Recomposition,4,Vegetarian,2805,174,607,93,Push Pull Legs + Accessories
23,Female,188,84.0,17.1,Very High,intermediate,Fat Loss,3,Vegetarian,1603,97,477,39,Upper Lower
54,Male,188,64.4,42.1,Low,beginner,Recomposition,4,Vegetarian,2976,126,301,93,Upper Lower + Full Body
20,Female,155,95.0,19.9,High,beginner,Recomposition,3,Non-Vegetarian,2564,107,244,70,Full Body
51,Female,163,90.2,30.6,Low,advanced,Muscle Gain,6,Vegan,3176,154,444,68,Upper Lower + Full Body
26,Female,189,81.6,27.2,High,intermediate,Fat Loss,4,Vegan,1894,114,121,50,Push Pull Legs
25,Female,163,97.0,45.0,High,beginner,Maintenance,5,Vegan,3350,117,131,60,Full Body
22,Female,169,64.5,28.3,Low,beginner,Maintenance,5,Non-Vegetarian,3183,162,149,57,Upper Lower
39,Female,193,76.1,25.6,Low,advanced,Fat Loss,6,Vegetarian,2584,148,463,94,Push Pull Legs + Accessories
51,Male,169,81.7,33.1,Very High,advanced,Muscle Gain,4,Vegan,3358,202,482,43,Upper Lower
19,Female,171,108.9,31.2,Light,advanced,Recomposition,4,Vegan,1839,129,442,39,Full Body
23,Female,181,102.0,21.7,Moderate,beginner,Maintenance,4,Vegetarian,2466,94,326,46,Push Pull Legs + Accessories
48,Male,182,55.0,20.6,High,advanced,Maintenance,5,Vegetarian,3275,102,648,51,Upper Lower
47,Male,174,91.4,27.3,Low,intermediate,Muscle Gain,3,Non-Vegetarian,3912,105,225,74,Push Pull Legs
31,Female,170,58.0,18.6,Very High,intermediate,Recomposition,3,Non-Vegetarian,1905,110,400,49,Push Pull Legs
31,Male,184,67.8,19.8,Light,advanced,Maintenance,4,Vegetarian,1845,129,466,91,Push Pull Legs
19,Male,180,103.7,9.9,High,beginner,Muscle Gain,6,Non-Vegetarian,2733,190,576,80,Full Body
30,Female,195,94.3,37.9,Low,intermediate,Fat Loss,3,Vegan,2259,102,586,74,Push Pull Legs + Accessories
32,Female,164,54.3,41.1,Moderate,intermediate,Recomposition,4,Vegan,2962,132,452,93,Push Pull Legs + Accessories
22,Male,180,52.3,25.7,Light,intermediate,Maintenance,4,Vegan,1910,141,229,76,Upper Lower + Full Body
37,Male,184,75.0,29.8,Light,advanced,Fat Loss,4,Non-Vegetarian,2086,98,468,61,Upper Lower + Full Body
45,Female,186,96.2,28.1,Light,beginner,Muscle Gain,6,Vegetarian,3896,141,219,91,Upper Lower
43,Female,154,83.9,33.4,Very High,intermediate,Maintenance,6,Vegan,3052,97,212,62,Upper Lower
27,Male,192,54.7,27.7,High,advanced,Recomposition,4,Vegetarian,2995,130,426,73,Push Pull Legs + Accessories
23,Female,187,45.5,44.5,High,beginner,Maintenance,3,Non-Vegetarian,2824,96,120,80,Push Pull Legs
19,Female,165,73.1,29.8,Moderate,advanced,Recomposition,6,Non-Vegetarian,2491,159,336,57,Push Pull Legs + Accessories
30,Male,185,70.0,42.2,High,beginner,Maintenance,4,Vegetarian,1723,99,136,53,Push Pull Legs + Accessories
26,Female,155,53.9,37.8,High,advanced,Recomposition,4,Non-Vegetarian,2643,144,580,84,Full Body
29,Male,177,84.3,29.4,Light,advanced,Maintenance,6,Vegan,2880,136,154,39,Upper Lower + Full Body
41,Female,157,82.7,43.6,Low,beginner,Maintenance,6,Vegan,1860,156,210,66,Push Pull Legs + Accessories
52,Male,187,65.3,10.0,Moderate,advanced,Muscle Gain,6,Non-Vegetarian,4099,160,459,88,Full Body
36,Female,160,47.3,42.1,Moderate,advanced,Maintenance,3,Vegan,2669,164,293,41,Full Body
36,Male,181,50.4,26.7,Moderate,intermediate,Fat Loss,5,Non-Vegetarian,1826,91,234,57,Upper Lower + Full Body
46,Male,173,97.5,17.7,Light,intermediate,Fat Loss,3,Non-Vegetarian,1472,108,277,98,Push Pull Legs + Accessories
33,Female,192,73.6,31.6,Light,advanced,Maintenance,3,Vegan,2241,104,173,56,Push Pull Legs + Accessories
48,Female,169,76.0,43.1,Very High,beginner,Recomposition,6,Non-Vegetarian,2137,108,565,36,Full Body
42,Female,193,65.5,27.6,Low,beginner,Maintenance,6,Vegan,3035,124,463,69,Full Body
34,Male,191,83.0,25.1,Light,advanced,Fat Loss,5,Vegan,1668,130,130,36,Push Pull Legs
44,Male,156,79.1,33.4,Moderate,beginner,Maintenance,5,Vegetarian,1769,93,214,42,Upper Lower + Full Body
25,Male,195,107.3,11.2,Very High,beginner,Recomposition,4,Vegetarian,3024,113,379,72,Push Pull Legs + Accessories
47,Male,167,95.0,33.6,Moderate,intermediate,Fat Loss,3,Non-Vegetarian,1427,138,517,77,Push Pull Legs
34,Female,161,73.6,26.2,Light,advanced,Recomposition,4,Vegan,2607,103,267,90,Upper Lower
46,Male,195,61.8,9.3,Low,advanced,Maintenance,6,Vegetarian,2719,109,120,39,Push Pull Legs + Accessories
27,Female,194,66.4,22.5,Low,advanced,Recomposition,6,Non-Vegetarian,2427,98,351,35,Push Pull Legs + Accessories
25,Female,186,79.8,44.7,Moderate,advanced,Maintenance,6,Vegetarian,2994,101,494,78,Push Pull Legs
36,Female,191,58.2,28.5,High,advanced,Fat Loss,5,Vegan,2098,103,487,97,Push Pull Legs
30,Female,158,47.3,8.9,Very High,beginner,Recomposition,6,Vegetarian,2707,172,435,98,Upper Lower + Full Body
19,Female,152,67.1,20.5,Low,intermediate,Muscle Gain,4,Vegan,4142,158,272,64,Push Pull Legs
27,Male,181,87.5,25.4,Very High,beginner,Fat Loss,4,Vegetarian,1652,170,171,74,Push Pull Legs
28,Female,187,49.2,38.2,Low,intermediate,Fat Loss,3,Vegetarian,2172,133,531,76,Push Pull Legs
38,Male,163,94.7,29.9,Moderate,beginner,Muscle Gain,5,Vegetarian,3700,121,498,56,Push Pull Legs + Accessories
55,Male,152,53.7,37.3,Very High,intermediate,Fat Loss,3,Non-Vegetarian,1465,90,127,57,Push Pull Legs
44,Female,194,97.5,36.6,Light,beginner,Fat Loss,5,Vegan,2222,142,364,57,Upper Lower + Full Body
29,Male,195,77.5,43.2,Moderate,intermediate,Recomposition,3,Vegan,2082,114,240,47,Upper Lower + Full Body
52,Female,182,59.3,36.5,Light,intermediate,Muscle Gain,4,Vegetarian,2611,187,605,98,Upper Lower
20,Male,153,86.9,18.5,High,intermediate,Maintenance,6,Vegetarian,1913,96,300,55,Push Pull Legs
50,Female,157,49.6,16.7,High,advanced,Maintenance,6,Vegetarian,3230,131,355,49,Full Body
24,Male,165,93.0,40.2,High,beginner,Muscle Gain,6,Vegan,3984,106,566,53,Upper Lower
29,Female,174,69.3,24.9,Light,advanced,Maintenance,5,Vegetarian,2387,106,152,42,Full Body
25,Male,179,74.8,14.3,Moderate,beginner,Maintenance,4,Vegan,2952,111,355,46,Push Pull Legs + Accessories
31,Female,187,75.8,25.1,Low,advanced,Recomposition,4,Vegetarian,2270,145,347,54,Upper Lower + Full Body
44,Male,152,47.6,25.4,Very High,beginner,Recomposition,6,Non-Vegetarian,3026,102,583,98,Upper Lower
53,Male,150,90.1,23.0,Light,beginner,Maintenance,5,Vegetarian,3026,101,136,96,Full Body
47,Male,186,93.6,8.9,High,intermediate,Fat Loss,6,Vegetarian,2058,170,595,35,Push Pull Legs
39,Female,183,47.1,23.8,Moderate,advanced,Fat Loss,3,Vegan,1987,97,647,81,Push Pull Legs
42,Male,173,75.2,9.5,Moderate,beginner,Muscle Gain,4,Vegetarian,3371,130,236,96,Upper Lower + Full Body
32,Male,170,67.9,17.9,High,intermediate,Muscle Gain,3,Non-Vegetarian,3414,157,617,99,Upper Lower + Full Body
48,Male,195,79.6,38.5,Moderate,intermediate,Maintenance,3,Vegetarian,2637,101,202,85,Upper Lower
22,Female,156,55.7,12.1,Light,intermediate,Fat Loss,4,Vegan,2584,92,420,88,Upper Lower + Full Body
48,Male,172,72.3,35.3,Low,intermediate,Fat Loss,3,Vegetarian,1775,156,463,87,Upper Lower + Full Body
38,Female,181,83.6,33.8,Very High,intermediate,Recomposition,5,Vegan,1870,129,295,68,Upper Lower
41,Female,168,95.0,9.8,Moderate,intermediate,Recomposition,4,Vegan,1929,158,412,58,Upper Lower
28,Male,165,52.6,44.8,Very High,beginner,Recomposition,5,Non-Vegetarian,1977,116,155,75,Full Body
41,Male,178,80.1,14.0,Moderate,beginner,Muscle Gain,6,Non-Vegetarian,2595,158,447,54,Push Pull Legs
36,Female,180,103.2,43.9,Very High,advanced,Fat Loss,6,Non-Vegetarian,1530,151,161,52,Upper Lower + Full Body
37,Male,151,71.1,39.1,High,intermediate,Muscle Gain,5,Vegetarian,2799,174,347,70,Upper Lower
23,Male,184,100.2,33.1,Low,advanced,Recomposition,4,Non-Vegetarian,2250,167,643,42,Full Body
27,Female,195,100.5,21.7,Moderate,beginner,Maintenance,5,Non-Vegetarian,2330,147,209,62,Push Pull Legs + Accessories
46,Female,168,55.6,34.9,High,advanced,Recomposition,4,Vegan,2824,101,267,61,Full Body
51,Female,171,49.3,43.5,High,beginner,Muscle Gain,6,Vegan,3119,153,299,94,Upper Lower + Full Body
30,Male,161,99.1,18.7,High,beginner,Maintenance,5,Non-Vegetarian,2845,149,349,38,Push Pull Legs
34,Male,169,107.1,38.9,High,beginner,Maintenance,6,Vegetarian,2707,121,149,50,Full Body
22,Female,188,93.5,29.5,Very High,intermediate,Maintenance,6,Vegan,3375,105,502,100,Upper Lower + Full Body
34,Male,160,82.8,13.4,High,advanced,Fat Loss,5,Vegetarian,1408,124,489,88,Full Body
36,Male,168,79.4,42.6,Very High,beginner,Fat Loss,3,Vegan,1642,159,450,75,Full Body
41,Female,156,79.7,21.0,Light,beginner,Fat Loss,5,Non-Vegetarian,2293,142,468,55,Push Pull Legs
27,Male,182,59.4,15.0,Very High,advanced,Muscle Gain,6,Non-Vegetarian,2312,114,254,37,Push Pull Legs + Accessories
37,Female,194,68.6,38.2,Very High,advanced,Maintenance,4,Vegan,2323,93,241,63,Upper Lower
32,Male,169,53.1,12.8,Low,intermediate,Muscle Gain,3,Vegetarian,3983,196,561,40,Upper Lower
20,Male,192,78.4,10.2,Low,intermediate,Muscle Gain,3,Non-Vegetarian,2042,196,218,50,Upper Lower + Full Body
55,Male,162,57.0,21.0,Low,beginner,Maintenance,5,Non-Vegetarian,2028,154,367,99,Upper Lower + Full Body
24,Male,187,94.6,27.6,Light,intermediate,Fat Loss,3,Vegan,1502,117,636,95,Full Body
46,Male,193,107.3,14.7,Moderate,intermediate,Recomposition,4,Vegan,2066,142,235,75,Push Pull Legs
25,Female,183,53.8,36.2,Moderate,advanced,Muscle Gain,3,Non-Vegetarian,4022,114,514,71,Push Pull Legs + Accessories
46,Female,164,81.0,18.8,High,beginner,Muscle Gain,6,Vegan,3505,122,133,97,Push Pull Legs
46,Female,183,87.8,11.1,Light,intermediate,Recomposition,3,Vegan,1945,98,492,60,Full Body
43,Male,157,60.1,23.7,High,intermediate,Maintenance,6,Non-Vegetarian,2674,167,534,97,Upper Lower + Full Body
27,Female,179,52.0,17.3,High,beginner,Fat Loss,3,Vegetarian,1408,98,630,38,Upper Lower
38,Female,159,64.7,31.1,Low,advanced,Recomposition,6,Vegetarian,2201,174,629,97,Upper Lower + Full Body
52,Female,171,97.6,28.0,Low,beginner,Recomposition,3,Non-Vegetarian,2521,130,505,91,Push Pull Legs + Accessories
20,Male,161,81.2,39.8,Moderate,advanced,Fat Loss,6,Non-Vegetarian,1575,129,518,97,Push Pull Legs
53,Female,193,80.1,25.4,Very High,beginner,Muscle Gain,6,Non-Vegetarian,4026,175,506,80,Full Body
21,Female,151,83.4,12.7,Moderate,intermediate,Muscle Gain,5,Non-Vegetarian,2398,154,473,80,Push Pull Legs + Accessories
21,Female,192,60.9,16.7,Moderate,advanced,Muscle Gain,3,Non-Vegetarian,2468,143,293,37,Upper Lower + Full Body
20,Female,179,87.8,23.6,Very High,intermediate,Maintenance,3,Vegan,2661,165,142,75,Push Pull Legs + Accessories
38,Female,186,51.4,26.1,Light,intermediate,Recomposition,5,Vegetarian,2859,128,492,90,Upper Lower
22,Female,184,58.9,17.8,Moderate,advanced,Recomposition,4,Vegan,3121,101,217,78,Full Body
54,Male,183,75.9,15.8,Low,advanced,Maintenance,5,Non-Vegetarian,3058,159,440,60,Push Pull Legs + Accessories
34,Female,189,78.5,32.8,Very High,beginner,Muscle Gain,4,Vegan,4044,127,598,69,Upper Lower + Full Body
54,Female,190,48.9,15.4,High,beginner,Fat Loss,4,Vegan,1914,145,540,75,Push Pull Legs
44,Male,167,98.5,31.9,Moderate,advanced,Fat Loss,6,Vegetarian,1532,109,316,38,Upper Lower
47,Female,181,81.4,24.1,Low,beginner,Fat Loss,5,Vegetarian,1359,123,404,57,Push Pull Legs
19,Female,153,100.9,11.1,Very High,intermediate,Muscle Gain,6,Non-Vegetarian,2369,150,263,65,Push Pull Legs
51,Male,192,98.9,43.1,Very High,intermediate,Recomposition,3,Vegetarian,2828,105,440,77,Upper Lower + Full Body
33,Female,177,59.2,12.0,Light,intermediate,Recomposition,6,Non-Vegetarian,2807,97,622,82,Push Pull Legs
52,Female,177,75.9,17.1,Moderate,beginner,Maintenance,6,Vegan,2453,129,141,39,Push Pull Legs
34,Male,185,70.0,31.6,Moderate,advanced,Muscle Gain,4,Non-Vegetarian,3591,101,522,67,Full Body
33,Male,169,58.7,40.9,High,advanced,Maintenance,6,Vegetarian,2261,100,623,95,Push Pull Legs + Accessories
45,Female,156,98.6,33.8,Very High,beginner,Maintenance,6,Vegan,3193,160,454,93,Push Pull Legs
29,Male,190,73.8,31.7,Low,intermediate,Fat Loss,5,Non-Vegetarian,2479,100,233,55,Upper Lower
44,Male,170,74.3,40.3,Light,intermediate,Fat Loss,5,Non-Vegetarian,1706,100,544,82,Upper Lower
42,Female,186,59.6,43.1,Very High,advanced,Fat Loss,3,Non-Vegetarian,1706,123,292,41,Push Pull Legs + Accessories
34,Female,159,50.8,21.6,Very High,beginner,Muscle Gain,6,Non-Vegetarian,4024,115,349,61,Upper Lower
36,Female,181,69.8,24.0,Light,advanced,Fat Loss,5,Vegan,1687,143,304,87,Upper Lower
36,Male,166,60.3,24.7,Light,intermediate,Recomposition,3,Vegetarian,2560,107,451,85,Upper Lower
45,Female,188,61.7,11.5,Low,beginner,Maintenance,4,Non-Vegetarian,2425,167,166,35,Full Body
37,Female,175,88.6,12.9,Very High,beginner,Fat Loss,5,Vegetarian,2331,153,467,94,Upper Lower
38,Male,195,79.5,13.2,Low,intermediate,Muscle Gain,4,Non-Vegetarian,3150,195,489,90,Full Body
34,Female,183,65.3,41.0,Moderate,advanced,Recomposition,4,Vegan,2946,171,570,41,Upper Lower
21,Male,164,56.9,25.4,Light,advanced,Recomposition,6,Vegetarian,2613,95,572,80,Upper Lower + Full Body
47,Female,181,52.3,34.6,Light,beginner,Maintenance,3,Vegetarian,2281,113,292,100,Full Body
55,Male,150,79.2,29.1,High,beginner,Fat Loss,6,Vegan,1493,132,146,71,Push Pull Legs
41,Female,187,105.4,11.9,Moderate,beginner,Muscle Gain,3,Non-Vegetarian,3965,158,395,35,Full Body
46,Male,170,106.6,45.0,Very High,beginner,Fat Loss,3,Vegan,1879,131,176,44,Upper Lower + Full Body
23,Female,175,61.6,16.9,High,beginner,Muscle Gain,4,Vegetarian,3591,199,532,71,Upper Lower
37,Male,181,97.1,35.2,Moderate,advanced,Fat Loss,5,Vegan,1496,137,644,60,Push Pull Legs + Accessories
42,Female,180,62.5,30.2,Low,intermediate,Maintenance,4,Non-Vegetarian,2991,144,215,40,Upper Lower + Full Body
47,Female,193,59.6,33.4,Light,intermediate,Muscle Gain,5,Non-Vegetarian,3791,110,609,73,Upper Lower
37,Male,165,79.0,18.9,Low,advanced,Muscle Gain,3,Vegan,2440,165,555,87,Push Pull Legs
54,Female,166,68.1,29.7,Very High,beginner,Muscle Gain,6,Vegetarian,2746,207,522,40,Push Pull Legs
37,Female,170,83.2,24.8,High,advanced,Maintenance,5,Vegetarian,2132,113,200,68,Push Pull Legs
52,Female,151,45.4,12.3,Light,advanced,Recomposition,6,Vegan,2429,174,618,73,Upper Lower + Full Body
43,Female,169,50.7,13.0,Light,beginner,Muscle Gain,4,Vegetarian,2857,161,268,65,Push Pull Legs + Accessories
23,Male,169,95.0,13.5,High,beginner,Muscle Gain,4,Vegetarian,3823,162,602,37,Push Pull Legs + Accessories
30,Male,168,82.0,38.9,Low,intermediate,Muscle Gain,3,Vegan,3768,153,627,72,Push Pull Legs
43,Female,181,78.4,34.8,High,beginner,Muscle Gain,3,Non-Vegetarian,3293,170,185,69,Push Pull Legs + Accessories
25,Female,181,85.5,31.9,High,advanced,Recomposition,3,Vegetarian,2189,114,600,79,Push Pull Legs + Accessories
50,Male,164,83.2,33.3,Very High,advanced,Recomposition,4,Non-Vegetarian,3080,139,546,81,Push Pull Legs + Accessories
31,Male,168,89.9,11.2,High,beginner,Fat Loss,4,Vegetarian,2540,152,223,88,Push Pull Legs + Accessories
33,Female,163,81.2,45.0,Moderate,intermediate,Maintenance,4,Vegetarian,3395,154,152,43,Full Body
25,Female,189,59.7,28.8,High,intermediate,Maintenance,5,Vegetarian,3277,161,393,54,Upper Lower + Full Body
21,Male,178,96.9,43.6,Low,beginner,Muscle Gain,3,Vegan,2431,121,240,61,Full Body
36,Male,195,73.7,26.7,Low,beginner,Maintenance,5,Vegetarian,1951,115,569,88,Push Pull Legs
48,Male,171,63.6,14.3,Moderate,intermediate,Recomposition,5,Vegan,2961,121,275,88,Upper Lower
45,Male,176,104.7,41.2,Very High,advanced,Maintenance,3,Non-Vegetarian,1998,91,649,43,Push Pull Legs
38,Female,175,108.8,14.1,Low,intermediate,Muscle Gain,4,Vegan,2236,180,422,88,Push Pull Legs + Accessories
38,Female,172,45.5,18.4,Very High,advanced,Fat Loss,6,Non-Vegetarian,1720,159,572,79,Push Pull Legs + Accessories
37,Male,155,47.4,20.4,Light,advanced,Maintenance,4,Vegetarian,2747,160,439,78,Upper Lower
19,Male,184,83.5,16.9,Moderate,advanced,Recomposition,3,Vegan,1722,137,385,99,Full Body
21,Male,191,106.2,24.6,Very High,advanced,Muscle Gain,6,Non-Vegetarian,2967,203,359,79,Full Body
54,Female,193,54.1,22.0,Light,beginner,Maintenance,4,Non-Vegetarian,2630,102,270,89,Push Pull Legs + Accessories
23,Male,153,72.6,12.8,Light,intermediate,Muscle Gain,5,Vegan,4155,151,524,68,Upper Lower + Full Body
45,Female,178,89.8,43.1,High,beginner,Fat Loss,4,Non-Vegetarian,2237,106,645,50,Upper Lower
48,Female,152,93.5,42.9,Moderate,beginner,Recomposition,3,Vegetarian,2356,163,416,40,Upper Lower + Full Body
25,Male,173,64.8,21.9,Moderate,intermediate,Muscle Gain,4,Vegetarian,3727,106,432,71,Upper Lower
49,Male,150,53.0,20.9,Low,intermediate,Recomposition,5,Vegan,2526,133,506,95,Upper Lower + Full Body
26,Male,182,86.4,36.2,High,beginner,Maintenance,3,Vegan,3060,169,539,84,Upper Lower
39,Female,184,48.0,32.8,High,advanced,Maintenance,3,Vegetarian,3148,93,436,50,Upper Lower + Full Body
30,Male,189,80.2,36.0,Very High,advanced,Fat Loss,6,Vegan,1338,105,304,37,Full Body
33,Male,195,99.5,29.4,Low,advanced,Maintenance,6,Vegan,1792,152,143,78,Push Pull Legs + Accessories
44,Male,151,100.9,19.7,Moderate,beginner,Muscle Gain,3,Vegan,2688,136,267,58,Full Body
27,Male,169,106.9,33.1,Low,advanced,Maintenance,4,Vegetarian,3160,97,425,84,Push Pull Legs
27,Female,176,103.0,17.5,Low,beginner,Fat Loss,4,Vegan,2500,120,624,100,Upper Lower + Full Body
25,Female,167,48.9,25.2,High,beginner,Recomposition,3,Non-Vegetarian,2897,119,139,69,Upper Lower + Full Body
33,Male,185,87.4,12.6,Very High,intermediate,Recomposition,3,Vegan,2624,116,265,82,Upper Lower + Full Body
33,Male,184,106.9,43.6,Very High,intermediate,Muscle Gain,3,Non-Vegetarian,3184,183,291,35,Push Pull Legs
35,Female,188,61.3,33.2,Moderate,advanced,Fat Loss,5,Vegetarian,1630,158,191,73,Push Pull Legs
25,Female,158,92.1,45.0,High,beginner,Maintenance,5,Vegan,2235,147,399,66,Full Body
31,Female,179,107.3,20.2,Light,advanced,Muscle Gain,6,Vegetarian,2039,186,297,87,Upper Lower + Full Body
43,Female,184,50.3,40.4,Low,advanced,Muscle Gain,6,Vegan,2505,145,505,80,Push Pull Legs + Accessories
18,Male,157,75.1,42.6,High,beginner,Fat Loss,3,Non-Vegetarian,2032,114,212,73,Upper Lower
49,Male,173,47.4,26.2,Very High,beginner,Muscle Gain,4,Vegan,3622,114,404,99,Push Pull Legs + Accessories
53,Male,162,87.9,28.9,Very High,advanced,Fat Loss,3,Vegan,1562,98,250,68,Upper Lower + Full Body
51,Male,167,57.5,33.1,Very High,advanced,Maintenance,6,Vegetarian,2574,96,450,90,Push Pull Legs + Accessories
25,Female,193,78.7,26.3,Very High,beginner,Fat Loss,3,Non-Vegetarian,2160,158,579,75,Push Pull Legs
30,Female,171,50.3,29.2,Low,advanced,Fat Loss,6,Vegetarian,1811,115,288,77,Full Body
24,Male,151,76.2,37.9,Very High,advanced,Maintenance,5,Vegetarian,1920,150,364,78,Push Pull Legs
51,Female,165,106.3,36.7,Very High,intermediate,Muscle Gain,6,Vegan,2511,110,182,39,Push Pull Legs + Accessories
22,Female,158,49.0,37.7,Low,intermediate,Recomposition,3,Vegetarian,2987,97,173,72,Push Pull Legs + Accessories
24,Female,189,93.9,16.6,Very High,advanced,Muscle Gain,6,Non-Vegetarian,3901,201,558,47,Full Body
47,Male,183,66.3,15.1,Low,beginner,Muscle Gain,4,Vegan,2516,181,641,67,Full Body
48,Female,189,73.9,17.0,Low,beginner,Fat Loss,5,Vegan,2192,155,486,74,Upper Lower + Full Body
27,Male,180,65.1,20.7,Moderate,beginner,Fat Loss,3,Vegetarian,2338,161,175,89,Full Body
30,Male,190,104.1,37.1,Moderate,beginner,Recomposition,6,Vegan,3018,132,463,73,Push Pull Legs + Accessories
28,Female,156,74.5,37.2,Low,intermediate,Fat Loss,3,Vegan,1756,178,355,94,Upper Lower + Full Body
33,Male,180,92.7,43.2,Moderate,advanced,Recomposition,4,Non-Vegetarian,1977,90,491,36,Push Pull Legs
19,Female,185,52.5,18.8,Light,advanced,Maintenance,3,Vegetarian,2107,115,410,57,Upper Lower
29,Female,171,100.1,17.1,Light,beginner,Fat Loss,5,Vegetarian,1342,176,260,83,Push Pull Legs
31,Female,169,74.7,21.7,Moderate,advanced,Fat Loss,6,Vegan,1433,105,267,51,Upper Lower
52,Male,174,90.1,19.8,High,advanced,Fat Loss,3,Vegan,2502,114,421,54,Full Body
21,Male,190,96.7,40.3,Very High,advanced,Recomposition,4,Vegan,1766,150,186,56,Upper Lower + Full Body
50,Female,173,77.4,25.2,Moderate,advanced,Maintenance,6,Vegan,2713,150,394,86,Upper Lower + Full Body
31,Male,164,103.2,24.7,Light,intermediate,Fat Loss,5,Non-Vegetarian,2072,163,280,82,Full Body
26,Male,155,64.2,27.2,Light,advanced,Muscle Gain,6,Vegan,3377,154,581,94,Push Pull Legs + Accessories
41,Female,181,65.6,22.1,Light,intermediate,Fat Loss,5,Vegan,1455,135,204,72,Upper Lower + Full Body
35,Male,164,51.4,10.6,Low,advanced,Fat Loss,5,Vegetarian,1974,122,429,70,Upper Lower
52,Male,166,45.6,19.1,Moderate,intermediate,Recomposition,3,Non-Vegetarian,2939,155,272,85,Upper Lower
31,Male,180,60.2,29.7,Very High,intermediate,Recomposition,5,Vegetarian,2241,114,559,88,Upper Lower
46,Female,185,47.0,13.1,Light,intermediate,Muscle Gain,6,Vegan,3452,143,350,88,Push Pull Legs + Accessories
52,Female,169,66.2,8.9,Low,beginner,Fat Loss,5,Vegan,2589,167,520,83,Upper Lower
22,Female,184,70.1,25.6,Moderate,advanced,Recomposition,5,Vegetarian,1951,103,301,39,Upper Lower + Full Body
19,Female,161,57.9,41.7,High,intermediate,Fat Loss,4,Non-Vegetarian,2373,98,585,42,Full Body
28,Male,170,100.9,23.2,Light,beginner,Fat Loss,6,Non-Vegetarian,1440,139,331,51,Upper Lower
45,Female,195,88.2,13.9,Very High,intermediate,Fat Loss,6,Non-Vegetarian,1713,90,266,92,Push Pull Legs
33,Female,183,66.4,29.1,High,intermediate,Recomposition,3,Vegan,1786,126,587,79,Full Body
29,Female,176,61.2,41.3,High,intermediate,Recomposition,4,Vegan,2764,102,522,40,Upper Lower
35,Male,190,80.0,32.7,Low,advanced,Fat Loss,6,Non-Vegetarian,2432,105,497,44,Push Pull Legs
44,Female,178,55.7,15.7,Low,intermediate,Muscle Gain,3,Vegan,3891,148,471,86,Upper Lower
20,Female,150,61.3,34.2,Light,intermediate,Recomposition,6,Non-Vegetarian,1739,100,368,91,Upper Lower
35,Female,160,56.1,8.7,Low,beginner,Maintenance,3,Vegan,3218,140,292,44,Push Pull Legs
27,Female,178,68.3,16.0,Low,advanced,Fat Loss,6,Vegan,1397,171,225,84,Full Body
21,Female,188,45.3,36.6,Light,beginner,Maintenance,4,Vegetarian,1887,92,551,38,Push Pull Legs
30,Female,193,88.5,16.2,Low,advanced,Fat Loss,4,Vegetarian,2151,155,230,76,Full Body
31,Male,184,70.7,23.8,Light,beginner,Muscle Gain,5,Non-Vegetarian,2711,101,531,75,Push Pull Legs
31,Female,179,59.3,32.3,Moderate,advanced,Maintenance,3,Vegetarian,2147,142,428,98,Push Pull Legs
34,Male,156,84.0,44.3,High,advanced,Fat Loss,5,Vegetarian,1951,175,613,43,Full Body
55,Male,178,69.9,31.7,Light,advanced,Muscle Gain,4,Vegetarian,2508,139,362,89,Upper Lower
21,Male,158,69.3,19.0,Light,intermediate,Fat Loss,3,Vegetarian,2524,146,456,52,Full Body
20,Female,183,96.5,23.4,Moderate,beginner,Fat Loss,5,Non-Vegetarian,1796,116,175,66,Upper Lower
51,Female,170,56.9,31.3,Low,intermediate,Muscle Gain,4,Vegetarian,2579,126,248,46,Upper Lower
33,Male,182,50.1,34.8,Moderate,beginner,Fat Loss,4,Non-Vegetarian,1661,167,374,73,Full Body
30,Female,167,101.1,25.8,Moderate,intermediate,Recomposition,4,Non-Vegetarian,2503,144,637,90,Upper Lower
19,Female,174,72.8,11.1,Moderate,advanced,Fat Loss,4,Non-Vegetarian,2079,149,433,93,Full Body
53,Female,188,76.3,20.3,High,beginner,Fat Loss,4,Vegetarian,1326,154,503,97,Push Pull Legs + Accessories
43,Female,173,70.0,19.4,Very High,beginner,Recomposition,3,Vegetarian,2388,162,286,59,Push Pull Legs + Accessories
40,Female,182,91.1,31.5,Moderate,advanced,Muscle Gain,6,Non-Vegetarian,3010,131,609,39,Full Body
27,Male,166,84.4,42.9,Light,intermediate,Fat Loss,4,Vegetarian,1539,101,513,85,Upper Lower + Full Body
51,Male,162,101.9,14.1,High,intermediate,Maintenance,6,Vegan,2330,142,211,48,Upper Lower + Full Body
27,Female,167,93.7,42.4,High,advanced,Maintenance,3,Vegetarian,3371,152,121,47,Push Pull Legs
51,Female,176,87.5,35.1,Light,beginner,Maintenance,4,Vegan,1975,115,618,58,Upper Lower + Full Body
46,Male,186,97.9,14.9,Low,advanced,Fat Loss,4,Non-Vegetarian,2137,146,231,56,Push Pull Legs
23,Female,174,53.1,10.4,Low,advanced,Fat Loss,6,Non-Vegetarian,1506,91,182,69,Push Pull Legs
24,Male,163,79.0,8.3,Very High,advanced,Maintenance,6,Non-Vegetarian,3250,133,559,78,Full Body
38,Female,165,106.2,32.6,High,advanced,Muscle Gain,5,Non-Vegetarian,2410,100,587,86,Upper Lower
25,Male,183,63.2,33.9,Light,intermediate,Recomposition,6,Vegan,2446,174,312,35,Full Body
41,Male,152,108.0,35.2,High,beginner,Recomposition,6,Vegan,2854,100,476,89,Push Pull Legs + Accessories
42,Male,168,84.5,34.3,Very High,advanced,Muscle Gain,4,Non-Vegetarian,2356,138,598,56,Push Pull Legs + Accessories
48,Male,192,80.1,17.0,Light,advanced,Muscle Gain,3,Non-Vegetarian,2119,120,454,84,Full Body
34,Male,192,76.0,41.2,Low,advanced,Fat Loss,6,Vegetarian,1981,118,186,78,Push Pull Legs + Accessories
53,Female,177,97.5,16.3,Low,intermediate,Muscle Gain,3,Vegetarian,3393,194,312,49,Upper Lower + Full Body
26,Female,170,107.0,29.3,Low,intermediate,Muscle Gain,4,Non-Vegetarian,3735,140,493,51,Upper Lower + Full Body
24,Male,175,45.6,39.5,Moderate,beginner,Maintenance,4,Non-Vegetarian,3092,148,270,71,Upper Lower
38,Male,169,77.7,33.5,Moderate,advanced,Recomposition,4,Non-Vegetarian,2196,180,505,42,Full Body
31,Male,164,90.5,9.9,Light,intermediate,Recomposition,5,Vegan,1926,92,521,78,Push Pull Legs + Accessories
40,Female,175,70.4,27.5,Moderate,intermediate,Fat Loss,6,Vegetarian,1568,131,175,73,Push Pull Legs + Accessories
54,Male,158,73.7,25.9,Light,beginner,Fat Loss,4,Vegan,1318,136,224,53,Push Pull Legs + Accessories
28,Female,153,51.2,44.0,Light,beginner,Muscle Gain,5,Vegan,3776,119,533,66,Push Pull Legs
33,Male,175,76.8,33.5,Light,advanced,Recomposition,3,Non-Vegetarian,2931,138,401,91,Full Body
25,Male,157,50.4,26.1,Very High,beginner,Muscle Gain,6,Non-Vegetarian,2387,201,305,84,Push Pull Legs + Accessories
37,Female,186,53.1,20.0,Very High,beginner,Recomposition,3,Non-Vegetarian,2738,158,620,43,Upper Lower + Full Body
31,Male,192,103.3,14.7,Very High,advanced,Fat Loss,3,Vegan,2215,130,245,40,Upper Lower
28,Male,155,81.6,39.5,Low,beginner,Muscle Gain,5,Non-Vegetarian,2702,154,120,66,Full Body
51,Male,168,87.8,24.5,Very High,intermediate,Maintenance,5,Vegan,2802,155,334,47,Push Pull Legs
20,Male,162,54.2,39.7,Light,beginner,Fat Loss,5,Non-Vegetarian,1563,169,552,44,Upper Lower + Full Body
34,Female,174,87.2,14.0,High,beginner,Maintenance,6,Vegan,1993,158,328,44,Full Body
41,Male,186,87.7,38.4,Very High,beginner,Recomposition,4,Non-Vegetarian,2488,138,146,66,Push Pull Legs
25,Female,184,52.1,28.3,Low,intermediate,Muscle Gain,5,Non-Vegetarian,3119,118,351,70,Push Pull Legs
42,Male,164,69.6,11.9,Low,beginner,Maintenance,6,Vegetarian,2783,134,408,69,Upper Lower + Full Body
21,Male,160,65.7,35.8,Light,intermediate,Recomposition,6,Vegan,1861,123,129,100,Upper Lower
27,Male,174,81.9,17.9,Moderate,advanced,Fat Loss,6,Vegan,2237,113,569,80,Push Pull Legs + Accessories
35,Female,177,78.8,34.6,Light,intermediate,Muscle Gain,5,Non-Vegetarian,3280,208,212,45,Push Pull Legs
23,Male,160,82.4,11.1,Moderate,advanced,Recomposition,3,Non-Vegetarian,2986,155,259,96,Push Pull Legs + Accessories
43,Male,150,85.1,41.7,Low,advanced,Recomposition,5,Vegetarian,3113,174,163,92,Upper Lower
29,Male,154,68.9,12.9,Moderate,beginner,Recomposition,6,Non-Vegetarian,1949,137,235,78,Upper Lower
36,Male,169,76.4,17.8,Low,advanced,Recomposition,4,Non-Vegetarian,2916,155,156,94,Upper Lower + Full Body
21,Female,172,45.4,25.0,Moderate,intermediate,Muscle Gain,3,Non-Vegetarian,2762,151,483,36,Push Pull Legs
49,Female,162,50.5,27.0,Light,intermediate,Muscle Gain,6,Vegetarian,2637,198,376,63,Push Pull Legs + Accessories
41,Female,169,68.7,41.0,Very High,intermediate,Muscle Gain,6,Vegan,3799,120,263,80,Push Pull Legs + Accessories
40,Male,195,57.9,15.0,Low,beginner,Recomposition,6,Vegan,2278,94,284,60,Push Pull Legs + Accessories
25,Female,176,76.8,26.3,Light,intermediate,Recomposition,6,Vegetarian,1824,103,141,51,Upper Lower
50,Female,150,94.9,16.8,Moderate,intermediate,Muscle Gain,6,Non-Vegetarian,3185,136,617,45,Push Pull Legs + Accessories
27,Male,182,57.1,18.4,Low,intermediate,Fat Loss,6,Vegetarian,2270,180,225,99,Upper Lower + Full Body
30,Male,187,85.9,13.5,Low,beginner,Recomposition,3,Non-Vegetarian,1993,108,556,37,Upper Lower + Full Body
23,Male,153,69.7,27.4,Light,beginner,Maintenance,6,Non-Vegetarian,1825,155,557,41,Full Body
35,Male,173,63.2,21.0,High,beginner,Maintenance,3,Vegetarian,1783,90,173,76,Upper Lower
48,Female,167,104.1,11.7,Light,intermediate,Recomposition,5,Non-Vegetarian,2223,104,219,36,Upper Lower + Full Body
39,Male,173,93.2,21.4,Very High,advanced,Maintenance,4,Vegan,2265,116,513,46,Push Pull Legs
25,Male,152,83.1,41.8,Light,beginner,Recomposition,3,Vegetarian,2719,169,471,73,Push Pull Legs + Accessories
52,Male,159,47.8,15.1,Very High,advanced,Maintenance,5,Non-Vegetarian,2618,170,240,90,Push Pull Legs
44,Female,183,105.5,26.6,Low,beginner,Maintenance,4,Non-Vegetarian,1793,162,182,59,Push Pull Legs + Accessories
52,Female,182,108.1,14.1,Very High,intermediate,Recomposition,6,Vegan,2156,116,308,35,Upper Lower
55,Male,194,45.6,42.4,Very High,intermediate,Maintenance,5,Vegetarian,2306,124,241,56,Upper Lower
52,Male,165,64.0,31.7,Moderate,beginner,Maintenance,3,Vegan,2209,116,238,35,Full Body
38,Female,155,106.5,40.7,Moderate,advanced,Fat Loss,6,Vegan,1903,131,178,36,Full Body
35,Male,161,61.6,8.6,Very High,beginner,Recomposition,5,Vegan,2899,167,331,91,Upper Lower
35,Female,163,82.8,37.9,High,beginner,Recomposition,4,Vegan,3087,145,497,53,Push Pull Legs + Accessories
49,Male,161,74.9,38.2,Light,beginner,Recomposition,4,Vegan,2177,92,437,55,Upper Lower
30,Female,154,54.3,23.8,High,advanced,Recomposition,3,Vegan,2678,107,132,47,Push Pull Legs + Accessories
19,Female,157,98.7,36.2,Low,beginner,Fat Loss,3,Non-Vegetarian,1592,170,133,36,Push Pull Legs
23,Female,162,54.0,36.1,High,beginner,Maintenance,5,Non-Vegetarian,2016,121,177,69,Upper Lower + Full Body
19,Male,152,51.7,19.0,Very High,intermediate,Fat Loss,3,Vegetarian,1349,119,557,84,Upper Lower
36,Female,164,104.9,33.3,Low,intermediate,Fat Loss,3,Vegetarian,1508,126,485,44,Upper Lower + Full Body
25,Female,173,105.0,42.0,Low,advanced,Fat Loss,4,Non-Vegetarian,2386,132,305,89,Upper Lower
36,Female,172,101.9,18.0,High,advanced,Maintenance,5,Vegan,3335,99,122,54,Upper Lower
27,Female,174,74.0,37.5,High,beginner,Muscle Gain,6,Vegan,3140,118,212,76,Upper Lower
42,Male,172,65.8,23.7,High,advanced,Maintenance,4,Vegan,2203,139,548,98,Upper Lower + Full Body
52,Female,184,98.4,22.2,Very High,advanced,Recomposition,4,Vegan,1778,120,490,35,Upper Lower
41,Male,185,75.8,12.9,Low,beginner,Maintenance,5,Vegetarian,2303,148,267,88,Upper Lower
32,Male,153,93.6,12.3,Light,intermediate,Muscle Gain,6,Non-Vegetarian,2221,189,228,44,Push Pull Legs + Accessories
19,Male,159,68.7,10.9,Low,beginner,Recomposition,4,Vegetarian,2562,107,426,95,Push Pull Legs + Accessories
46,Female,191,90.2,18.6,Light,beginner,Muscle Gain,4,Vegan,2656,101,525,89,Push Pull Legs + Accessories
54,Female,182,64.9,16.4,Light,intermediate,Muscle Gain,6,Vegetarian,2867,151,177,63,Push Pull Legs + Accessories
53,Male,188,99.7,38.2,High,intermediate,Maintenance,6,Non-Vegetarian,2037,96,500,89,Upper Lower
24,Female,156,50.1,30.3,Moderate,beginner,Fat Loss,5,Vegetarian,2409,103,186,62,Upper Lower + Full Body
37,Male,162,80.9,31.6,Low,beginner,Maintenance,3,Vegan,2856,95,615,40,Push Pull Legs
23,Female,169,45.6,21.2,Moderate,intermediate,Fat Loss,5,Non-Vegetarian,2028,106,219,77,Push Pull Legs + Accessories
50,Male,159,46.5,37.5,High,advanced,Muscle Gain,5,Vegetarian,2620,187,594,45,Push Pull Legs
31,Male,193,87.5,36.4,Light,advanced,Maintenance,6,Vegetarian,2394,127,488,90,Push Pull Legs
33,Female,163,109.8,30.5,Light,advanced,Recomposition,3,Vegetarian,1892,129,209,98,Push Pull Legs
38,Female,160,105.7,14.0,Moderate,advanced,Maintenance,5,Vegetarian,1845,112,591,68,Push Pull Legs + Accessories
46,Female,191,105.1,42.8,Very High,intermediate,Muscle Gain,5,Non-Vegetarian,3642,152,252,91,Full Body
41,Female,155,89.3,26.7,Moderate,advanced,Muscle Gain,3,Vegan,3002,189,128,54,Push Pull Legs
42,Female,160,82.1,39.6,Light,intermediate,Recomposition,3,Non-Vegetarian,2554,149,596,48,Push Pull Legs
24,Male,175,94.9,15.4,Moderate,beginner,Maintenance,5,Vegan,2695,117,607,49,Full Body
20,Female,184,55.1,25.4,Light,intermediate,Muscle Gain,6,Vegetarian,3480,201,560,95,Upper Lower
31,Male,151,106.9,33.3,Moderate,intermediate,Fat Loss,3,Vegetarian,1441,125,534,45,Full Body
44,Female,183,58.9,41.0,Light,beginner,Muscle Gain,6,Non-Vegetarian,3216,121,323,79,Push Pull Legs + Accessories
48,Female,184,89.8,13.9,High,intermediate,Recomposition,3,Vegan,2822,115,199,53,Full Body
18,Female,159,103.3,42.6,High,intermediate,Muscle Gain,6,Non-Vegetarian,4132,192,123,92,Upper Lower
55,Female,156,47.4,35.6,Light,intermediate,Fat Loss,6,Vegetarian,2012,116,315,36,Full Body
19,Female,169,103.3,26.6,Low,advanced,Recomposition,6,Non-Vegetarian,2440,135,480,89,Upper Lower + Full Body
25,Female,161,74.8,21.8,Very High,advanced,Fat Loss,6,Non-Vegetarian,1883,174,567,71,Upper Lower + Full Body
23,Male,156,50.8,8.6,High,beginner,Recomposition,3,Vegan,2509,154,153,72,Push Pull Legs + Accessories
32,Male,179,80.9,12.2,High,beginner,Maintenance,6,Non-Vegetarian,3380,140,127,82,Upper Lower
35,Female,192,62.2,39.0,High,advanced,Fat Loss,3,Non-Vegetarian,1366,91,146,54,Full Body
39,Female,160,107.3,44.7,Light,advanced,Recomposition,4,Vegan,2919,140,172,89,Upper Lower
29,Female,175,103.8,27.1,High,beginner,Muscle Gain,4,Vegan,2484,180,521,68,Upper Lower + Full Body
38,Male,163,51.1,8.9,Low,advanced,Fat Loss,3,Vegan,2413,100,511,38,Upper Lower
40,Female,161,60.6,41.2,Moderate,beginner,Fat Loss,6,Non-Vegetarian,1405,125,204,53,Push Pull Legs
25,Male,179,105.3,12.5,Light,intermediate,Maintenance,4,Vegetarian,1858,153,490,61,Push Pull Legs + Accessories
49,Male,151,71.9,26.0,Low,beginner,Recomposition,6,Non-Vegetarian,2897,147,284,58,Full Body
29,Male,192,81.9,30.4,Low,beginner,Maintenance,5,Non-Vegetarian,2957,166,125,55,Upper Lower + Full Body
25,Female,162,84.4,27.8,Very High,advanced,Fat Loss,4,Non-Vegetarian,1535,117,150,76,Upper Lower
23,Male,194,106.1,17.9,High,beginner,Muscle Gain,5,Vegan,3205,159,627,90,Upper Lower + Full Body
30,Female,166,56.2,33.4,Moderate,intermediate,Muscle Gain,5,Vegetarian,2843,192,619,90,Push Pull Legs + Accessories
35,Female,170,85.5,30.5,High,beginner,Maintenance,5,Vegan,3378,98,580,56,Push Pull Legs
55,Female,176,64.1,38.6,Very High,intermediate,Recomposition,3,Vegetarian,1968,131,559,58,Full Body
22,Male,163,87.7,21.8,Moderate,beginner,Muscle Gain,5,Vegan,2044,191,456,62,Push Pull Legs + Accessories
32,Female,185,49.3,18.5,Light,advanced,Fat Loss,3,Vegan,1869,167,196,88,Push Pull Legs + Accessories
38,Female,162,57.8,37.7,High,beginner,Maintenance,6,Vegetarian,1954,147,295,76,Upper Lower + Full Body
33,Female,186,46.4,8.7,Very High,beginner,Recomposition,5,Vegetarian,2424,94,160,78,Push Pull Legs
48,Male,156,98.9,23.4,Moderate,intermediate,Maintenance,5,Non-Vegetarian,1863,161,440,98,Upper Lower + Full Body
43,Male,169,90.3,24.8,Low,intermediate,Muscle Gain,3,Vegetarian,2195,205,130,52,Push Pull Legs
45,Female,164,56.1,15.1,Moderate,advanced,Muscle Gain,3,Non-Vegetarian,2176,114,169,73,Push Pull Legs
39,Female,194,84.8,38.1,Moderate,advanced,Fat Loss,4,Vegan,2243,105,249,75,Upper Lower
46,Female,192,53.0,27.5,Very High,intermediate,Recomposition,5,Non-Vegetarian,3182,151,351,46,Full Body
23,Female,172,81.3,40.3,Light,advanced,Muscle Gain,3,Non-Vegetarian,2246,127,133,62,Push Pull Legs + Accessories
30,Female,181,51.8,15.7,Very High,advanced,Maintenance,5,Vegan,2629,109,636,48,Upper Lower
41,Male,174,108.4,40.1,Very High,beginner,Recomposition,4,Vegetarian,2169,144,288,74,Upper Lower + Full Body
27,Male,179,102.0,35.6,Light,beginner,Recomposition,4,Non-Vegetarian,1658,150,583,80,Full Body
53,Male,155,68.0,15.8,High,advanced,Recomposition,5,Vegetarian,2503,124,498,47,Push Pull Legs
45,Female,162,64.1,22.9,Very High,intermediate,Recomposition,6,Vegetarian,2995,96,374,49,Upper Lower
21,Male,152,82.4,16.8,Very High,beginner,Maintenance,4,Vegan,3132,141,521,85,Push Pull Legs
35,Male,181,58.4,37.1,Moderate,advanced,Maintenance,5,Vegan,1706,102,309,99,Upper Lower + Full Body
37,Female,194,60.5,19.7,Low,beginner,Fat Loss,5,Non-Vegetarian,1590,91,605,89,Full Body
29,Male,166,102.3,14.3,Low,advanced,Maintenance,6,Vegan,1702,152,373,95,Push Pull Legs
19,Male,186,89.2,18.8,Light,advanced,Fat Loss,4,Vegetarian,1504,128,463,92,Push Pull Legs + Accessories
52,Female,166,88.1,17.4,High,beginner,Maintenance,5,Vegan,2383,156,615,49,Full Body
27,Male,176,100.7,32.4,Light,intermediate,Recomposition,3,Vegetarian,2782,179,561,81,Upper Lower
30,Male,174,86.5,43.7,Very High,intermediate,Fat Loss,5,Vegan,2014,132,520,88,Full Body
30,Female,152,82.7,34.0,Very High,beginner,Recomposition,6,Vegan,2310,126,232,36,Push Pull Legs + Accessories
47,Male,193,54.8,43.8,Very High,advanced,Fat Loss,5,Non-Vegetarian,1890,98,421,36,Push Pull Legs + Accessories
31,Male,168,98.7,12.6,High,intermediate,Muscle Gain,6,Non-Vegetarian,2002,106,377,52,Full Body
50,Female,192,107.3,28.7,Low,advanced,Maintenance,4,Vegan,2102,145,202,72,Upper Lower
48,Male,172,61.2,33.1,High,intermediate,Recomposition,3,Non-Vegetarian,2218,166,438,57,Upper Lower + Full Body
38,Female,187,54.0,36.4,Moderate,beginner,Recomposition,4,Non-Vegetarian,2224,100,424,94,Upper Lower + Full Body
42,Male,177,51.2,27.5,Moderate,advanced,Maintenance,6,Non-Vegetarian,2575,149,550,87,Push Pull Legs + Accessories
53,Male,151,107.2,23.6,Light,advanced,Maintenance,4,Vegan,2748,137,250,72,Push Pull Legs
26,Female,175,88.6,25.1,Very High,intermediate,Muscle Gain,3,Vegetarian,3106,206,229,77,Upper Lower + Full Body
36,Male,186,76.3,20.3,Low,beginner,Muscle Gain,4,Vegan,2590,171,627,52,Upper Lower
37,Male,190,65.2,44.6,Low,intermediate,Fat Loss,3,Vegetarian,1300,109,243,47,Upper Lower
24,Male,180,46.6,26.7,High,beginner,Muscle Gain,5,Non-Vegetarian,3981,123,360,68,Upper Lower + Full Body
25,Female,177,54.5,8.8,Light,advanced,Fat Loss,4,Vegan,2419,115,607,96,Full Body
24,Female,187,77.0,32.7,High,intermediate,Muscle Gain,6,Non-Vegetarian,3740,118,148,71,Push Pull Legs + Accessories
54,Male,174,45.7,19.2,Very High,intermediate,Muscle Gain,5,Vegetarian,3916,192,589,70,Push Pull Legs
40,Male,182,100.6,26.6,Moderate,advanced,Recomposition,3,Vegetarian,2943,109,480,78,Push Pull Legs + Accessories
35,Male,192,64.7,22.6,High,intermediate,Recomposition,4,Vegan,3051,154,385,51,Full Body
55,Female,189,98.9,10.5,Low,advanced,Fat Loss,4,Vegetarian,1517,153,607,76,Upper Lower
24,Male,161,92.3,22.2,High,beginner,Muscle Gain,5,Vegetarian,2153,208,194,91,Full Body
29,Male,170,52.0,24.6,Light,advanced,Fat Loss,4,Non-Vegetarian,2305,146,412,63,Upper Lower
45,Male,183,97.6,15.1,Very High,beginner,Muscle Gain,4,Vegetarian,2575,100,488,87,Upper Lower + Full Body
39,Male,161,89.4,43.4,Very High,intermediate,Fat Loss,4,Vegan,2270,154,480,80,Upper Lower + Full Body
22,Male,178,72.8,21.9,Low,advanced,Muscle Gain,4,Vegan,3221,112,240,98,Upper Lower
52,Male,171,46.5,38.4,Moderate,intermediate,Recomposition,5,Vegetarian,1923,126,196,65,Upper Lower + Full Body
43,Female,189,48.7,33.8,Low,advanced,Recomposition,5,Vegan,1661,94,466,88,Full Body
39,Male,153,54.1,28.2,Moderate,advanced,Muscle Gain,4,Non-Vegetarian,2298,203,156,79,Push Pull Legs
23,Female,185,76.1,12.8,Low,beginner,Muscle Gain,6,Vegan,2922,183,478,90,Push Pull Legs + Accessories
32,Female,151,105.5,9.0,Light,advanced,Recomposition,3,Vegan,2587,96,516,83,Upper Lower
45,Female,185,54.0,24.2,Very High,intermediate,Maintenance,4,Non-Vegetarian,2594,97,363,64,Push Pull Legs
32,Male,176,93.6,40.9,Very High,advanced,Muscle Gain,3,Vegan,3023,204,178,44,Push Pull Legs
46,Male,161,63.4,19.6,Very High,advanced,Fat Loss,5,Vegetarian,2541,140,610,50,Push Pull Legs
34,Male,184,58.4,34.1,Moderate,beginner,Recomposition,5,Non-Vegetarian,3197,160,419,66,Upper Lower + Full Body
38,Female,194,80.2,11.9,Moderate,intermediate,Recomposition,5,Vegetarian,2016,107,356,74,Upper Lower + Full Body
25,Male,173,92.1,37.2,Low,beginner,Recomposition,6,Vegetarian,1643,153,154,69,Full Body
37,Female,155,48.9,39.6,High,intermediate,Muscle Gain,6,Non-Vegetarian,3818,105,349,61,Push Pull Legs + Accessories
45,Male,184,48.4,19.3,Very High,intermediate,Muscle Gain,5,Non-Vegetarian,2886,196,148,78,Upper Lower + Full Body
45,Female,153,97.5,28.5,Moderate,advanced,Recomposition,6,Vegan,3072,162,386,55,Push Pull Legs + Accessories
33,Female,158,104.0,18.4,Moderate,beginner,Fat Loss,5,Non-Vegetarian,2469,140,159,70,Full Body
34,Female,191,97.7,30.5,Low,intermediate,Maintenance,5,Vegetarian,2608,149,137,91,Push Pull Legs
20,Female,172,76.2,39.2,Light,intermediate,Muscle Gain,3,Non-Vegetarian,3286,108,571,58,Full Body
34,Female,181,53.3,31.3,Light,advanced,Muscle Gain,4,Vegetarian,2157,123,638,91,Upper Lower + Full Body
20,Female,185,91.6,10.3,Moderate,intermediate,Muscle Gain,5,Vegan,2183,176,360,79,Push Pull Legs
50,Male,178,52.4,10.9,Light,intermediate,Maintenance,6,Vegetarian,3014,144,409,53,Push Pull Legs
41,Female,171,108.4,41.2,Moderate,intermediate,Maintenance,3,Vegetarian,2454,95,417,54,Upper Lower + Full Body
24,Male,188,58.7,19.6,Very High,advanced,Maintenance,4,Non-Vegetarian,2893,94,273,83,Push Pull Legs
32,Male,186,77.7,29.3,Very High,advanced,Recomposition,3,Vegan,1705,167,603,91,Full Body
30,Female,186,64.0,17.0,Light,intermediate,Fat Loss,6,Non-Vegetarian,1536,178,366,91,Push Pull Legs + Accessories
23,Female,172,81.4,10.8,Moderate,advanced,Recomposition,4,Non-Vegetarian,2457,119,248,66,Push Pull Legs + Accessories
34,Male,168,67.2,12.4,High,intermediate,Fat Loss,6,Vegan,1705,113,584,36,Upper Lower
44,Male,166,94.8,34.3,High,advanced,Muscle Gain,4,Vegetarian,3767,103,290,44,Upper Lower
45,Female,172,53.3,33.8,Light,advanced,Maintenance,3,Non-Vegetarian,3389,133,230,40,Push Pull Legs
46,Female,176,86.0,35.4,High,intermediate,Recomposition,4,Vegan,1975,165,641,45,Upper Lower
55,Male,187,69.0,32.0,High,intermediate,Recomposition,4,Vegan,3079,165,406,47,Upper Lower
49,Female,171,48.1,27.2,Very High,advanced,Recomposition,5,Non-Vegetarian,2386,130,302,53,Push Pull Legs
45,Male,183,63.1,40.5,Moderate,beginner,Maintenance,5,Vegetarian,1942,126,400,97,Push Pull Legs + Accessories
28,Male,168,106.0,17.6,Very High,beginner,Fat Loss,5,Vegetarian,1496,116,640,56,Push Pull Legs
52,Male,184,96.9,8.2,Low,intermediate,Fat Loss,5,Vegan,2173,146,249,93,Full Body
25,Male,178,102.8,26.3,Low,beginner,Maintenance,3,Non-Vegetarian,3345,100,347,44,Full Body
50,Male,171,62.9,31.3,Very High,advanced,Muscle Gain,5,Vegetarian,3775,112,445,59,Upper Lower + Full Body
18,Male,165,53.9,21.9,Light,advanced,Fat Loss,5,Non-Vegetarian,1610,152,311,98,Full Body
30,Male,190,101.9,43.2,Light,beginner,Recomposition,3,Non-Vegetarian,2742,168,333,57,Push Pull Legs
34,Female,189,69.7,29.6,Moderate,intermediate,Fat Loss,5,Vegetarian,1898,175,616,97,Push Pull Legs + Accessories
52,Female,180,64.2,16.1,Moderate,intermediate,Recomposition,5,Vegetarian,2956,144,238,57,Push Pull Legs + Accessories
25,Female,172,90.3,34.1,High,intermediate,Recomposition,4,Vegetarian,2195,124,639,62,Push Pull Legs + Accessories
53,Male,170,62.0,19.8,High,intermediate,Recomposition,6,Non-Vegetarian,1711,124,617,63,Full Body
37,Male,178,71.6,29.2,Light,advanced,Fat Loss,3,Vegan,2550,132,252,37,Push Pull Legs
23,Female,195,66.7,21.0,Very High,beginner,Muscle Gain,4,Non-Vegetarian,4193,125,280,85,Upper Lower
28,Female,173,66.5,16.0,Light,beginner,Muscle Gain,3,Vegan,2419,164,527,97,Push Pull Legs
36,Male,169,46.6,31.4,Light,beginner,Maintenance,3,Non-Vegetarian,3042,141,254,69,Push Pull Legs
22,Male,182,91.9,36.2,High,beginner,Muscle Gain,4,Vegetarian,3602,124,439,76,Push Pull Legs + Accessories
37,Male,167,74.8,11.7,Very High,intermediate,Recomposition,5,Non-Vegetarian,1790,118,536,70,Push Pull Legs + Accessories
52,Female,182,60.9,8.6,High,advanced,Recomposition,5,Vegan,3063,103,583,63,Upper Lower + Full Body
43,Male,164,74.1,25.6,Low,advanced,Maintenance,5,Vegetarian,3358,170,205,47,Upper Lower + Full Body
31,Male,181,83.6,11.1,High,advanced,Recomposition,4,Vegetarian,3171,153,378,87,Full Body
27,Female,152,65.9,28.9,High,beginner,Maintenance,4,Vegan,3327,152,631,75,Upper Lower
47,Female,195,76.4,28.5,Low,beginner,Recomposition,3,Non-Vegetarian,1860,91,285,50,Upper Lower
46,Male,157,47.5,23.7,Light,advanced,Recomposition,4,Vegan,2720,143,528,36,Full Body
45,Male,168,91.8,40.6,Moderate,advanced,Maintenance,5,Vegan,3031,111,264,72,Upper Lower + Full Body
41,Male,183,84.3,25.5,Light,intermediate,Fat Loss,4,Vegan,2270,91,445,88,Upper Lower
48,Male,154,109.6,8.2,Light,beginner,Muscle Gain,6,Non-Vegetarian,2387,107,599,55,Push Pull Legs
53,Female,164,67.4,8.5,Light,intermediate,Maintenance,6,Vegan,3193,129,496,86,Full Body
22,Male,187,54.9,35.0,Moderate,beginner,Maintenance,3,Vegetarian,3332,156,512,77,Upper Lower + Full Body
48,Female,163,55.9,37.0,Light,beginner,Fat Loss,4,Vegetarian,2273,90,451,44,Push Pull Legs
50,Male,178,72.7,25.5,Moderate,advanced,Muscle Gain,4,Vegan,3610,148,514,95,Full Body
51,Female,170,79.5,40.7,Light,beginner,Maintenance,4,Non-Vegetarian,2847,146,621,67,Push Pull Legs
40,Female,161,46.6,21.5,High,advanced,Maintenance,6,Vegetarian,2963,161,315,83,Full Body
18,Male,162,73.7,27.5,Low,advanced,Maintenance,5,Vegetarian,2455,122,634,36,Upper Lower + Full Body
20,Female,191,62.9,25.7,Low,advanced,Maintenance,5,Vegan,1817,163,151,95,Upper Lower + Full Body
49,Female,161,75.8,40.4,Very High,beginner,Muscle Gain,5,Vegetarian,2627,190,301,51,Push Pull Legs
25,Female,153,73.8,34.3,Moderate,beginner,Maintenance,4,Vegan,2957,92,460,75,Upper Lower
51,Female,150,106.1,22.9,Low,beginner,Fat Loss,4,Vegan,1846,100,296,91,Push Pull Legs
30,Female,194,77.9,14.4,Low,intermediate,Maintenance,5,Vegetarian,2399,149,208,94,Push Pull Legs
23,Male,161,92.4,14.9,Very High,advanced,Muscle Gain,4,Vegetarian,2890,181,503,93,Push Pull Legs
37,Male,193,86.8,41.4,Light,advanced,Fat Loss,5,Vegetarian,2076,180,413,57,Full Body
54,Male,170,71.9,38.9,Moderate,beginner,Fat Loss,5,Non-Vegetarian,2200,123,214,97,Full Body
40,Female,191,79.0,38.7,Light,beginner,Recomposition,4,Vegan,2764,116,564,79,Full Body
39,Male,194,108.0,28.4,Moderate,beginner,Fat Loss,5,Vegetarian,2257,123,152,49,Upper Lower + Full Body
48,Male,158,75.4,20.0,Very High,intermediate,Muscle Gain,5,Vegan,2428,180,487,36,Upper Lower
48,Female,171,66.9,41.4,Light,intermediate,Maintenance,4,Non-Vegetarian,2819,113,142,91,Upper Lower + Full Body
55,Female,186,90.1,35.0,High,beginner,Maintenance,5,Vegan,2391,151,530,73,Push Pull Legs
50,Male,156,72.4,36.6,Very High,intermediate,Muscle Gain,4,Vegan,2681,138,323,52,Upper Lower
21,Female,155,65.1,36.3,Moderate,intermediate,Recomposition,4,Non-Vegetarian,1601,174,271,60,Upper Lower
37,Female,155,57.0,39.7,High,beginner,Fat Loss,4,Vegan,2437,137,125,96,Upper Lower
24,Female,180,80.7,22.6,Light,intermediate,Recomposition,6,Vegan,2097,102,516,51,Full Body
43,Male,170,103.4,38.3,High,advanced,Recomposition,3,Non-Vegetarian,2600,175,147,63,Upper Lower + Full Body
33,Male,173,68.5,26.6,Low,advanced,Recomposition,3,Vegan,2071,107,631,59,Push Pull Legs
37,Male,177,51.0,22.2,Light,intermediate,Fat Loss,5,Non-Vegetarian,2092,176,612,39,Full Body
29,Female,160,70.9,27.1,Low,intermediate,Muscle Gain,5,Vegan,2415,183,534,36,Upper Lower
26,Female,186,78.0,33.4,Low,intermediate,Recomposition,6,Vegetarian,2220,144,384,49,Upper Lower + Full Body
50,Female,173,95.8,34.3,Very High,intermediate,Muscle Gain,4,Non-Vegetarian,4177,197,512,45,Upper Lower
39,Male,195,83.4,15.3,Very High,advanced,Recomposition,6,Vegetarian,2551,126,160,50,Push Pull Legs + Accessories
41,Female,153,102.8,33.4,Moderate,intermediate,Maintenance,5,Vegetarian,2811,124,303,72,Full Body
19,Female,178,66.1,31.5,Very High,beginner,Maintenance,3,Vegan,3212,140,374,57,Push Pull Legs
26,Male,159,86.1,24.0,Moderate,intermediate,Recomposition,4,Vegan,2672,162,589,40,Push Pull Legs
41,Female,152,54.5,44.1,Low,intermediate,Muscle Gain,5,Vegan,3236,154,530,37,Upper Lower
23,Female,177,107.7,37.4,Very High,intermediate,Maintenance,4,Vegan,3336,96,503,95,Upper Lower
35,Female,194,95.6,18.2,Low,advanced,Recomposition,4,Vegan,2183,124,125,87,Upper Lower
44,Male,192,53.4,17.9,Very High,advanced,Maintenance,3,Vegetarian,2160,92,452,63,Push Pull Legs
47,Female,187,72.3,30.0,Very High,intermediate,Recomposition,3,Non-Vegetarian,2297,130,474,91,Upper Lower
49,Female,163,79.6,14.3,High,intermediate,Recomposition,3,Vegan,2770,100,618,79,Push Pull Legs
51,Male,173,64.8,35.8,High,advanced,Recomposition,3,Vegetarian,2879,164,290,80,Upper Lower + Full Body
44,Female,151,93.8,18.5,High,beginner,Recomposition,4,Non-Vegetarian,2843,105,219,85,Upper Lower
25,Male,186,63.8,40.0,High,advanced,Recomposition,5,Vegetarian,2456,166,405,75,Full Body
38,Male,182,79.8,22.5,High,intermediate,Recomposition,5,Non-Vegetarian,1921,112,529,71,Push Pull Legs
47,Female,191,56.2,41.6,High,advanced,Recomposition,6,Non-Vegetarian,1986,171,149,63,Upper Lower
54,Male,176,106.5,20.0,Light,beginner,Recomposition,3,Non-Vegetarian,1646,166,518,100,Upper Lower
47,Male,173,92.0,16.9,High,advanced,Fat Loss,5,Vegetarian,1900,98,151,61,Upper Lower + Full Body
47,Female,165,89.4,24.4,Light,beginner,Recomposition,3,Vegan,2278,110,370,94,Push Pull Legs
20,Male,193,89.0,40.1,High,intermediate,Muscle Gain,6,Non-Vegetarian,4200,115,144,91,Push Pull Legs + Accessories
36,Male,175,98.8,34.8,Low,intermediate,Recomposition,6,Non-Vegetarian,1854,103,269,68,Upper Lower + Full Body
28,Male,173,71.8,20.6,Light,intermediate,Fat Loss,5,Vegetarian,1975,172,195,93,Push Pull Legs + Accessories
34,Male,171,64.2,24.5,High,advanced,Maintenance,5,Vegan,1773,107,271,71,Push Pull Legs
41,Male,186,68.6,18.8,Light,advanced,Maintenance,6,Vegan,2600,127,278,51,Upper Lower
42,Female,166,86.4,9.0,Light,advanced,Maintenance,4,Vegan,1724,123,492,100,Upper Lower + Full Body
48,Female,189,103.5,44.0,Light,advanced,Maintenance,5,Non-Vegetarian,2693,111,613,57,Push Pull Legs + Accessories
18,Female,192,106.6,20.7,Moderate,beginner,Fat Loss,4,Non-Vegetarian,2546,105,321,80,Push Pull Legs + Accessories
54,Female,190,103.9,39.1,Very High,beginner,Fat Loss,5,Vegan,1367,141,221,77,Upper Lower + Full Body
35,Male,185,107.5,39.3,Very High,beginner,Muscle Gain,6,Vegan,4141,131,370,67,Upper Lower
32,Male,194,91.6,14.6,Very High,intermediate,Maintenance,3,Vegan,2089,98,255,73,Push Pull Legs
32,Male,165,83.1,29.5,High,beginner,Muscle Gain,5,Vegan,2299,125,609,49,Push Pull Legs + Accessories
48,Male,162,51.5,29.8,Very High,intermediate,Maintenance,3,Vegan,2580,104,573,59,Upper Lower + Full Body
18,Female,166,94.0,30.3,High,advanced,Fat Loss,5,Vegan,2289,155,410,73,Full Body
39,Male,167,89.1,26.6,High,beginner,Fat Loss,6,Vegetarian,1953,155,601,98,Upper Lower
22,Male,177,88.7,11.5,High,intermediate,Fat Loss,4,Vegetarian,1774,117,434,99,Full Body
51,Female,180,51.7,19.1,Very High,beginner,Fat Loss,5,Vegetarian,1693,140,295,55,Upper Lower + Full Body
38,Male,183,108.8,32.2,High,advanced,Maintenance,4,Non-Vegetarian,2666,128,499,53,Full Body
40,Female,170,74.2,23.7,High,intermediate,Muscle Gain,6,Vegetarian,3674,145,263,93,Full Body
30,Male,163,88.0,17.5,Moderate,beginner,Maintenance,6,Non-Vegetarian,2367,161,324,62,Upper Lower + Full Body
35,Female,156,49.8,13.9,High,advanced,Recomposition,3,Vegan,2398,178,618,66,Full Body
21,Female,156,48.6,20.7,Very High,intermediate,Recomposition,5,Vegetarian,2566,107,195,76,Push Pull Legs + Accessories
27,Male,187,64.4,15.4,Low,intermediate,Fat Loss,5,Vegan,2419,174,386,72,Push Pull Legs
22,Male,194,91.2,19.6,Moderate,intermediate,Fat Loss,4,Non-Vegetarian,2259,119,591,81,Full Body
34,Male,166,84.2,42.5,Light,beginner,Recomposition,6,Non-Vegetarian,2596,96,181,100,Full Body
54,Male,177,109.7,43.5,Moderate,advanced,Recomposition,5,Vegan,2283,171,188,44,Upper Lower + Full Body
53,Male,157,79.6,37.5,Low,advanced,Recomposition,4,Vegetarian,3171,177,561,70,Push Pull Legs + Accessories
27,Female,191,66.5,14.7,Very High,intermediate,Recomposition,6,Vegetarian,2422,163,420,35,Upper Lower + Full Body
19,Female,150,59.6,23.8,Moderate,beginner,Maintenance,6,Vegan,3062,115,483,54,Upper Lower
31,Male,169,56.8,9.0,Very High,beginner,Fat Loss,5,Vegetarian,1970,130,355,61,Upper Lower
28,Female,177,109.4,16.6,Light,intermediate,Muscle Gain,4,Non-Vegetarian,2504,206,504,38,Push Pull Legs + Accessories
42,Male,153,74.0,22.8,Light,intermediate,Muscle Gain,3,Vegetarian,4075,174,648,50,Upper Lower
25,Male,181,93.1,21.3,Moderate,intermediate,Fat Loss,4,Vegetarian,2338,136,609,67,Upper Lower + Full Body
47,Male,151,45.5,37.7,High,beginner,Maintenance,5,Non-Vegetarian,1833,145,427,64,Push Pull Legs
48,Female,151,106.8,18.2,Moderate,beginner,Fat Loss,4,Vegetarian,2456,91,251,54,Upper Lower
20,Female,153,83.8,15.8,Moderate,intermediate,Recomposition,4,Non-Vegetarian,1953,112,275,58,Full Body
28,Male,151,77.3,19.3,Moderate,intermediate,Maintenance,3,Vegetarian,2379,93,601,39,Upper Lower
20,Female,184,69.5,30.1,Very High,beginner,Fat Loss,3,Vegetarian,2014,118,214,88,Push Pull Legs
48,Male,179,108.9,39.7,Very High,intermediate,Fat Loss,3,Non-Vegetarian,2275,150,383,51,Full Body
24,Female,180,77.0,38.8,Very High,beginner,Fat Loss,4,Vegan,1565,108,350,45,Push Pull Legs
36,Female,189,51.8,16.4,Light,advanced,Maintenance,5,Vegan,2646,165,649,69,Upper Lower
45,Female,173,88.0,29.4,Low,advanced,Recomposition,3,Vegetarian,1973,91,266,39,Upper Lower
43,Male,170,45.8,25.8,Moderate,beginner,Recomposition,6,Vegetarian,2528,169,389,91,Push Pull Legs
50,Female,171,66.9,41.0,Moderate,intermediate,Recomposition,6,Vegan,1797,175,470,68,Push Pull Legs
45,Female,191,46.7,28.1,Low,beginner,Recomposition,3,Vegetarian,2727,127,249,79,Full Body
45,Female,185,109.0,11.1,Very High,beginner,Recomposition,4,Vegetarian,2993,118,137,60,Full Body
54,Male,183,79.1,37.6,Moderate,advanced,Fat Loss,4,Non-Vegetarian,1625,102,289,63,Upper Lower
30,Female,167,48.2,43.9,High,intermediate,Recomposition,6,Non-Vegetarian,2558,131,259,73,Push Pull Legs
34,Male,195,81.1,19.5,Very High,advanced,Muscle Gain,3,Non-Vegetarian,2574,118,612,55,Upper Lower
28,Female,191,72.2,29.9,Light,intermediate,Muscle Gain,4,Non-Vegetarian,2575,151,246,54,Upper Lower
27,Female,193,62.9,20.1,Low,advanced,Maintenance,3,Vegan,2925,150,357,91,Full Body
52,Male,189,74.5,10.6,Moderate,intermediate,Muscle Gain,6,Non-Vegetarian,2462,180,597,89,Upper Lower + Full Body
49,Male,168,59.6,11.8,Very High,advanced,Maintenance,4,Vegan,2712,145,551,42,Push Pull Legs
35,Female,166,86.6,20.2,Moderate,intermediate,Muscle Gain,3,Vegetarian,3988,131,626,63,Upper Lower + Full Body
35,Female,156,109.8,38.6,High,advanced,Recomposition,6,Vegetarian,2832,103,220,47,Push Pull Legs
41,Male,187,88.7,41.4,High,intermediate,Muscle Gain,5,Vegan,3803,209,591,39,Push Pull Legs + Accessories
19,Female,163,81.9,8.9,Moderate,beginner,Maintenance,6,Vegetarian,3193,148,379,80,Full Body
33,Female,167,74.0,9.8,High,advanced,Maintenance,4,Vegetarian,2843,160,449,86,Full Body
49,Male,155,66.7,30.8,Light,intermediate,Maintenance,3,Vegan,1885,141,440,98,Upper Lower
30,Female,166,100.6,26.0,Moderate,intermediate,Maintenance,4,Vegetarian,2361,92,234,59,Upper Lower + Full Body
50,Female,194,86.8,19.0,Very High,advanced,Fat Loss,6,Vegan,1455,115,215,46,Upper Lower + Full Body
34,Female,159,91.5,27.7,High,beginner,Recomposition,3,Vegan,2201,168,204,76,Upper Lower
20,Female,165,80.6,32.7,Moderate,beginner,Recomposition,4,Vegan,2048,121,351,91,Upper Lower
18,Male,168,60.8,8.8,Very High,intermediate,Recomposition,6,Vegan,2728,162,316,87,Upper Lower
54,Female,174,93.5,34.1,Moderate,intermediate,Recomposition,5,Non-Vegetarian,2080,130,485,44,Upper Lower
33,Female,184,82.6,11.6,Very High,advanced,Recomposition,5,Vegetarian,2837,119,476,63,Push Pull Legs + Accessories
54,Female,153,74.9,24.2,Very High,intermediate,Muscle Gain,4,Vegetarian,3836,171,178,79,Push Pull Legs + Accessories
22,Male,193,68.0,43.3,Moderate,advanced,Maintenance,3,Vegan,2924,152,561,52,Push Pull Legs + Accessories
46,Male,169,80.0,33.0,Moderate,beginner,Recomposition,4,Vegan,2995,165,442,35,Upper Lower + Full Body
40,Male,187,52.8,44.2,Very High,beginner,Recomposition,4,Vegan,1998,121,303,58,Push Pull Legs
25,Female,171,50.8,43.0,Very High,advanced,Recomposition,6,Non-Vegetarian,3026,150,261,78,Upper Lower
37,Male,172,56.5,23.9,Moderate,intermediate,Muscle Gain,4,Non-Vegetarian,3644,125,352,79,Push Pull Legs
46,Female,156,79.1,8.8,Very High,beginner,Muscle Gain,5,Vegetarian,2690,100,132,35,Full Body
37,Female,151,97.0,29.0,Moderate,beginner,Fat Loss,4,Vegan,2571,153,306,62,Full Body
27,Male,188,69.3,14.5,High,advanced,Fat Loss,4,Non-Vegetarian,1362,169,159,50,Full Body
24,Female,172,89.4,29.8,Light,beginner,Recomposition,4,Vegan,1917,168,465,93,Upper Lower + Full Body
46,Female,157,88.5,10.4,Light,intermediate,Fat Loss,4,Non-Vegetarian,1685,141,162,80,Push Pull Legs
55,Female,156,100.1,11.4,Moderate,advanced,Recomposition,4,Non-Vegetarian,2256,107,578,60,Full Body
43,Female,177,69.5,26.1,High,beginner,Maintenance,6,Vegan,2496,129,629,71,Push Pull Legs
30,Male,155,65.0,29.7,Very High,advanced,Fat Loss,5,Vegan,1398,158,148,41,Full Body
30,Female,172,107.7,9.9,High,advanced,Fat Loss,5,Vegan,1391,117,221,93,Upper Lower
38,Male,154,91.4,26.3,Very High,advanced,Muscle Gain,3,Non-Vegetarian,2843,188,239,72,Push Pull Legs
39,Male,161,109.2,38.6,Moderate,intermediate,Muscle Gain,4,Vegetarian,3008,179,384,89,Upper Lower + Full Body
31,Female,191,92.9,18.1,Low,intermediate,Recomposition,6,Non-Vegetarian,1988,152,379,36,Push Pull Legs + Accessories
46,Male,158,88.1,16.3,Low,beginner,Fat Loss,6,Vegetarian,1675,158,455,56,Full Body
36,Female,184,63.6,39.7,Moderate,beginner,Muscle Gain,6,Vegetarian,2354,171,629,60,Upper Lower
48,Male,180,52.1,16.5,High,beginner,Muscle Gain,3,Vegetarian,3785,178,499,91,Upper Lower
20,Female,192,105.7,36.4,Light,beginner,Maintenance,3,Vegan,1729,109,469,67,Upper Lower
47,Female,162,103.6,10.1,High,beginner,Maintenance,3,Vegetarian,2076,170,319,77,Push Pull Legs + Accessories
46,Male,154,99.8,30.3,Moderate,advanced,Fat Loss,4,Vegan,1950,97,234,43,Push Pull Legs + Accessories
28,Male,170,69.1,13.3,Low,advanced,Fat Loss,3,Non-Vegetarian,1307,162,179,84,Upper Lower + Full Body
32,Male,190,47.3,28.2,Low,advanced,Recomposition,6,Non-Vegetarian,3004,168,516,92,Upper Lower
34,Female,172,108.7,31.6,High,beginner,Recomposition,5,Vegetarian,1895,126,298,84,Full Body
41,Male,151,73.1,19.1,Low,intermediate,Recomposition,4,Non-Vegetarian,1856,170,481,61,Push Pull Legs + Accessories
44,Female,179,92.7,24.4,High,intermediate,Maintenance,5,Non-Vegetarian,3062,141,256,61,Upper Lower
30,Male,186,57.6,40.3,Very High,intermediate,Recomposition,6,Non-Vegetarian,2918,129,338,85,Upper Lower
24,Female,184,87.4,19.1,Very High,intermediate,Muscle Gain,4,Vegetarian,3383,170,280,84,Upper Lower + Full Body
29,Female,178,46.5,15.6,Very High,advanced,Fat Loss,5,Vegan,2453,109,531,60,Upper Lower
38,Female,179,61.0,35.3,High,intermediate,Muscle Gain,3,Vegetarian,2351,102,128,41,Full Body
38,Male,172,58.2,13.6,Light,intermediate,Muscle Gain,5,Vegan,3292,174,577,95,Full Body
36,Male,169,51.6,28.8,Light,beginner,Recomposition,3,Vegan,2866,142,282,95,Full Body
25,Male,192,106.5,41.6,Low,beginner,Fat Loss,6,Non-Vegetarian,2076,151,294,37,Upper Lower + Full Body
46,Female,187,82.2,24.6,Low,intermediate,Maintenance,5,Vegetarian,2457,98,301,52,Upper Lower + Full Body
43,Female,159,52.2,42.6,Light,advanced,Maintenance,5,Vegan,3323,100,483,98,Push Pull Legs
28,Female,173,100.3,15.1,Moderate,advanced,Muscle Gain,6,Non-Vegetarian,2683,106,364,74,Full Body
45,Female,171,47.6,35.7,High,advanced,Muscle Gain,5,Vegan,2128,116,130,37,Full Body
30,Female,180,69.7,9.3,Moderate,advanced,Recomposition,5,Non-Vegetarian,2649,144,536,78,Upper Lower
34,Female,185,57.5,18.4,Low,intermediate,Muscle Gain,5,Vegan,2464,102,251,48,Upper Lower
29,Male,173,49.2,29.2,Light,beginner,Muscle Gain,3,Vegan,2055,194,469,44,Upper Lower
39,Female,192,51.9,12.5,Light,beginner,Muscle Gain,4,Vegetarian,2375,100,563,64,Upper Lower
23,Male,174,65.8,27.6,High,beginner,Recomposition,4,Non-Vegetarian,2189,176,182,91,Upper Lower
23,Male,161,108.3,17.7,Very High,advanced,Fat Loss,3,Vegan,1455,114,311,76,Upper Lower
43,Male,190,99.3,19.0,High,advanced,Maintenance,4,Non-Vegetarian,2213,134,366,35,Full Body
28,Female,154,49.0,26.3,Low,advanced,Recomposition,3,Vegan,3165,147,132,46,Full Body
22,Female,186,62.1,39.1,High,intermediate,Recomposition,5,Non-Vegetarian,2214,152,440,59,Upper Lower
20,Male,194,67.9,25.2,High,intermediate,Recomposition,6,Non-Vegetarian,2526,109,265,84,Push Pull Legs + Accessories
26,Male,170,69.8,40.2,Light,intermediate,Maintenance,3,Non-Vegetarian,3320,112,274,58,Upper Lower
19,Male,175,75.7,18.0,Light,beginner,Recomposition,6,Vegetarian,2221,160,404,64,Upper Lower
49,Female,177,73.3,39.5,High,advanced,Muscle Gain,5,Vegetarian,2274,141,608,72,Upper Lower
51,Male,181,97.2,23.4,Low,intermediate,Fat Loss,5,Vegan,1936,177,559,50,Upper Lower + Full Body
51,Male,168,67.2,21.8,Light,intermediate,Recomposition,3,Vegetarian,2515,137,547,66,Upper Lower
32,Female,170,86.2,41.4,High,intermediate,Maintenance,5,Vegan,2098,106,449,64,Upper Lower + Full Body
33,Male,181,81.6,41.0,Moderate,advanced,Muscle Gain,6,Vegetarian,3317,110,622,94,Upper Lower + Full Body
22,Female,178,70.3,15.1,Moderate,advanced,Fat Loss,5,Vegetarian,2270,121,348,35,Full Body
48,Female,185,54.5,18.1,Moderate,intermediate,Maintenance,4,Vegan,2085,166,243,72,Push Pull Legs
51,Male,182,63.4,37.3,High,advanced,Muscle Gain,5,Non-Vegetarian,2836,118,423,38,Push Pull Legs
23,Female,173,75.2,41.7,Light,intermediate,Recomposition,4,Vegan,2509,130,230,70,Push Pull Legs + Accessories
30,Female,195,84.4,18.5,Very High,beginner,Maintenance,3,Vegetarian,1807,131,608,82,Upper Lower
42,Female,185,46.7,24.1,Moderate,intermediate,Fat Loss,5,Vegan,1370,172,409,76,Upper Lower + Full Body
50,Male,153,92.0,34.4,High,beginner,Muscle Gain,4,Vegetarian,2418,166,287,65,Push Pull Legs
40,Female,171,50.3,20.7,Low,intermediate,Recomposition,3,Vegan,2452,172,525,54,Upper Lower + Full Body
31,Male,178,55.3,36.2,Moderate,beginner,Fat Loss,3,Vegan,2442,93,173,63,Push Pull Legs + Accessories
20,Male,164,94.3,43.1,Light,advanced,Maintenance,5,Non-Vegetarian,3248,140,139,100,Full Body
19,Female,192,91.5,23.4,Low,beginner,Fat Loss,3,Vegetarian,1770,164,623,35,Full Body
55,Male,173,78.1,38.7,High,beginner,Fat Loss,3,Vegan,2575,126,392,82,Upper Lower + Full Body
28,Female,162,94.0,17.5,Light,intermediate,Maintenance,6,Vegetarian,3032,126,582,38,Push Pull Legs + Accessories
31,Female,161,52.3,22.3,Low,advanced,Fat Loss,4,Vegan,1911,178,339,73,Full Body
21,Female,191,85.7,29.0,Moderate,beginner,Muscle Gain,5,Vegetarian,2886,206,305,77,Upper Lower
42,Female,170,74.8,22.5,Light,intermediate,Recomposition,5,Vegan,2108,99,229,35,Push Pull Legs
18,Male,167,105.5,19.2,High,advanced,Fat Loss,3,Vegetarian,2053,117,315,89,Full Body
35,Male,176,87.5,19.0,Low,beginner,Maintenance,4,Non-Vegetarian,2635,116,243,38,Push Pull Legs + Accessories
18,Male,157,50.6,16.7,Very High,advanced,Maintenance,5,Vegetarian,3139,162,611,43,Upper Lower
22,Male,175,89.1,9.1,High,intermediate,Recomposition,6,Vegetarian,1627,163,165,43,Full Body
48,Female,162,97.1,8.9,Moderate,beginner,Fat Loss,6,Vegetarian,1390,162,565,97,Upper Lower
36,Male,173,50.7,21.6,High,advanced,Fat Loss,5,Vegan,2060,160,269,76,Full Body
29,Female,187,71.1,25.3,Moderate,intermediate,Fat Loss,6,Vegan,2410,142,488,90,Push Pull Legs
26,Female,171,105.1,31.9,High,advanced,Fat Loss,3,Non-Vegetarian,2337,170,268,78,Upper Lower + Full Body
54,Male,158,108.5,37.3,High,beginner,Recomposition,3,Vegan,2714,95,226,35,Full Body
32,Male,193,91.1,20.4,Low,intermediate,Maintenance,6,Vegan,3045,140,344,79,Push Pull Legs + Accessories
32,Male,190,86.9,13.8,Light,advanced,Muscle Gain,3,Non-Vegetarian,2591,109,433,65,Push Pull Legs + Accessories
31,Female,184,86.5,43.2,Light,beginner,Muscle Gain,3,Non-Vegetarian,2495,126,310,44,Push Pull Legs
46,Female,157,72.4,21.2,High,beginner,Maintenance,5,Non-Vegetarian,2467,116,431,89,Upper Lower + Full Body
55,Female,152,89.1,44.1,High,intermediate,Maintenance,3,Non-Vegetarian,3134,150,512,47,Push Pull Legs + Accessories
49,Female,151,69.7,43.6,Low,intermediate,Maintenance,3,Vegetarian,2202,170,216,93,Push Pull Legs + Accessories
33,Female,188,109.0,9.3,Moderate,advanced,Recomposition,4,Vegan,2440,102,130,51,Upper Lower + Full Body
50,Male,178,49.5,14.7,Moderate,advanced,Recomposition,3,Non-Vegetarian,2799,105,649,97,Upper Lower
36,Female,160,47.6,30.2,High,beginner,Fat Loss,3,Vegetarian,2287,152,375,35,Push Pull Legs + Accessories
42,Male,152,64.6,16.3,Very High,intermediate,Fat Loss,6,Vegan,1537,102,288,52,Upper Lower
46,Male,181,68.8,33.9,Low,advanced,Maintenance,3,Non-Vegetarian,2670,94,405,90,Upper Lower + Full Body
22,Female,154,50.7,40.5,Moderate,intermediate,Recomposition,4,Vegetarian,1847,93,285,46,Upper Lower + Full Body
30,Male,178,87.9,28.2,Very High,intermediate,Recomposition,3,Vegan,1979,164,543,49,Upper Lower + Full Body
32,Male,162,54.6,12.9,High,beginner,Maintenance,3,Vegan,3314,91,235,69,Upper Lower + Full Body
37,Male,158,65.8,17.0,High,beginner,Fat Loss,6,Non-Vegetarian,2280,117,221,57,Push Pull Legs + Accessories
27,Male,192,53.3,26.9,Low,intermediate,Muscle Gain,4,Vegetarian,3693,207,490,63,Full Body
21,Female,177,47.8,19.9,High,beginner,Fat Loss,5,Non-Vegetarian,2221,167,350,51,Push Pull Legs + Accessories
28,Female,165,83.9,18.6,Low,intermediate,Muscle Gain,6,Vegetarian,2347,190,269,40,Full Body
43,Female,167,75.2,37.9,Moderate,intermediate,Maintenance,5,Non-Vegetarian,2747,152,515,52,Push Pull Legs + Accessories
23,Female,194,76.8,20.7,Very High,advanced,Muscle Gain,5,Vegan,3098,134,415,100,Upper Lower
38,Female,165,81.8,20.9,Moderate,beginner,Maintenance,6,Non-Vegetarian,2240,166,554,59,Upper Lower + Full Body
36,Male,162,89.7,21.4,Very High,advanced,Maintenance,4,Non-Vegetarian,2891,156,297,50,Full Body
31,Male,188,96.3,38.7,Light,advanced,Recomposition,5,Vegetarian,2402,151,397,93,Upper Lower + Full Body
27,Female,166,84.4,17.3,High,advanced,Recomposition,3,Vegetarian,1986,122,626,93,Upper Lower + Full Body
50,Female,186,72.3,17.8,High,advanced,Recomposition,3,Non-Vegetarian,2495,139,440,50,Upper Lower
25,Male,173,94.4,44.8,Low,beginner,Maintenance,3,Vegan,2796,124,250,47,Push Pull Legs + Accessories
20,Male,192,81.8,8.4,Moderate,advanced,Maintenance,5,Non-Vegetarian,2192,119,345,69,Upper Lower + Full Body
33,Female,159,46.5,29.6,Light,beginner,Recomposition,4,Vegan,2862,92,284,46,Upper Lower + Full Body
49,Female,157,51.2,39.3,Light,beginner,Recomposition,4,Vegetarian,2051,125,229,35,Upper Lower
45,Female,187,101.0,39.4,High,beginner,Fat Loss,3,Vegetarian,2136,146,573,54,Push Pull Legs + Accessories
19,Female,184,94.7,15.6,High,intermediate,Maintenance,5,Vegetarian,2722,154,517,91,Upper Lower + Full Body
41,Male,159,90.7,30.2,High,beginner,Recomposition,4,Vegetarian,2243,135,534,70,Upper Lower
32,Female,174,84.0,25.4,Low,advanced,Fat Loss,3,Non-Vegetarian,1344,139,473,81,Push Pull Legs + Accessories
49,Male,177,92.1,41.6,Low,intermediate,Maintenance,5,Vegetarian,2251,136,386,96,Upper Lower
32,Male,187,86.9,30.2,Light,beginner,Recomposition,5,Vegetarian,3157,119,212,55,Push Pull Legs
34,Male,155,79.1,17.4,Light,intermediate,Fat Loss,6,Non-Vegetarian,1680,119,539,74,Upper Lower
32,Male,155,85.4,29.2,Light,intermediate,Recomposition,6,Vegetarian,2083,92,320,44,Push Pull Legs
35,Male,161,79.7,36.8,Very High,intermediate,Fat Loss,4,Vegan,1682,121,128,76,Upper Lower
50,Female,151,77.6,41.1,High,beginner,Fat Loss,3,Non-Vegetarian,1619,106,367,82,Upper Lower + Full Body
47,Female,165,74.6,34.3,Light,beginner,Muscle Gain,3,Non-Vegetarian,2556,100,414,93,Upper Lower + Full Body
43,Female,185,80.2,22.9,Very High,intermediate,Maintenance,6,Non-Vegetarian,2772,142,290,99,Push Pull Legs + Accessories
20,Male,163,49.8,44.8,Moderate,beginner,Recomposition,6,Non-Vegetarian,2213,137,144,75,Push Pull Legs + Accessories
19,Male,163,73.3,31.6,Light,intermediate,Fat Loss,5,Non-Vegetarian,1800,108,136,64,Push Pull Legs + Accessories
49,Female,175,75.3,25.2,Light,intermediate,Fat Loss,6,Vegetarian,1802,108,223,72,Full Body
40,Male,179,104.1,40.8,High,beginner,Maintenance,5,Vegan,2829,151,161,96,Push Pull Legs
39,Female,162,65.2,26.7,Low,beginner,Fat Loss,5,Vegetarian,1350,155,343,82,Push Pull Legs
43,Female,171,96.9,25.0,Very High,intermediate,Maintenance,5,Vegetarian,3340,156,246,91,Push Pull Legs + Accessories
50,Female,152,88.3,28.3,Very High,advanced,Muscle Gain,4,Non-Vegetarian,3352,184,570,69,Upper Lower
30,Male,155,85.1,18.2,Light,beginner,Muscle Gain,5,Vegetarian,2544,124,548,59,Push Pull Legs + Accessories
45,Male,185,81.9,44.6,Light,beginner,Muscle Gain,4,Vegetarian,3087,193,614,43,Upper Lower
28,Female,193,77.1,11.0,High,intermediate,Maintenance,6,Non-Vegetarian,2881,161,458,76,Upper Lower + Full Body
55,Male,183,89.4,37.8,Light,beginner,Muscle Gain,6,Non-Vegetarian,3114,142,641,73,Push Pull Legs + Accessories
21,Female,187,64.5,39.9,Low,beginner,Fat Loss,4,Vegetarian,2250,109,220,99,Full Body
43,Female,176,81.8,19.1,Light,beginner,Recomposition,3,Non-Vegetarian,1716,145,535,90,Upper Lower
48,Female,151,66.7,21.7,Moderate,beginner,Recomposition,6,Non-Vegetarian,2805,117,535,90,Upper Lower
33,Female,189,97.3,20.4,Very High,intermediate,Recomposition,3,Vegetarian,1768,100,128,54,Upper Lower + Full Body
49,Female,155,105.7,37.4,Light,beginner,Muscle Gain,6,Vegetarian,2133,117,418,81,Full Body
20,Male,160,103.0,20.2,Low,advanced,Muscle Gain,3,Vegan,2000,205,316,56,Push Pull Legs + Accessories
24,Female,167,83.6,30.8,Very High,beginner,Maintenance,4,Vegetarian,2646,167,386,55,Upper Lower + Full Body
49,Male,188,59.5,18.5,High,intermediate,Fat Loss,6,Non-Vegetarian,2034,155,433,72,Push Pull Legs + Accessories
33,Female,169,88.3,15.8,High,beginner,Fat Loss,3,Vegetarian,1420,165,240,53,Push Pull Legs
26,Female,159,92.0,18.5,Moderate,advanced,Maintenance,4,Vegan,2686,145,539,50,Upper Lower + Full Body
31,Female,180,87.7,21.5,High,beginner,Maintenance,3,Vegetarian,1764,122,518,58,Push Pull Legs + Accessories
43,Female,195,101.1,24.6,Moderate,advanced,Recomposition,5,Vegan,3033,113,127,56,Full Body
23,Female,181,101.9,20.4,Low,beginner,Fat Loss,6,Non-Vegetarian,1714,113,547,39,Push Pull Legs
39,Female,189,69.2,8.1,High,advanced,Fat Loss,4,Vegetarian,1980,177,637,70,Upper Lower + Full Body
51,Female,187,84.8,30.7,High,advanced,Muscle Gain,6,Vegan,3188,168,587,40,Full Body
19,Female,176,83.3,43.7,Low,intermediate,Recomposition,6,Vegan,2771,119,442,63,Push Pull Legs + Accessories
37,Female,191,100.4,38.2,Very High,intermediate,Recomposition,5,Vegetarian,2686,119,161,63,Push Pull Legs + Accessories
43,Male,150,73.0,43.5,Moderate,advanced,Recomposition,3,Vegan,3100,171,433,41,Push Pull Legs + Accessories
52,Male,192,80.9,36.8,Light,intermediate,Maintenance,4,Vegan,3043,115,134,89,Push Pull Legs
33,Female,180,46.3,12.8,Moderate,beginner,Maintenance,5,Non-Vegetarian,2031,144,328,55,Full Body
36,Male,169,109.9,33.6,Low,beginner,Fat Loss,3,Vegetarian,1790,98,396,57,Push Pull Legs
39,Female,157,77.5,38.9,Very High,intermediate,Muscle Gain,6,Vegan,3139,200,205,80,Push Pull Legs
29,Female,174,97.4,28.2,Moderate,advanced,Muscle Gain,3,Vegetarian,2664,118,470,55,Upper Lower + Full Body
48,Male,190,67.8,20.6,High,intermediate,Muscle Gain,6,Vegetarian,2686,124,615,43,Upper Lower
53,Female,179,70.2,31.8,Light,beginner,Muscle Gain,6,Vegetarian,2015,173,483,37,Full Body
44,Female,150,108.0,39.9,Low,beginner,Muscle Gain,3,Vegan,2556,160,626,78,Push Pull Legs
38,Male,165,65.3,38.4,Moderate,beginner,Muscle Gain,3,Non-Vegetarian,2560,189,384,83,Upper Lower
39,Female,176,108.8,44.1,Moderate,beginner,Recomposition,5,Vegan,2214,142,143,38,Full Body
29,Female,195,51.0,13.1,Very High,advanced,Muscle Gain,5,Vegetarian,2389,133,461,75,Push Pull Legs
54,Male,163,82.8,10.9,Low,intermediate,Maintenance,3,Vegan,2824,163,424,73,Push Pull Legs
20,Female,169,104.7,23.5,Moderate,intermediate,Muscle Gain,4,Vegetarian,2386,175,124,48,Push Pull Legs + Accessories
48,Male,173,71.4,12.0,Light,advanced,Fat Loss,3,Non-Vegetarian,1644,113,226,37,Push Pull Legs + Accessories
26,Male,160,93.0,38.4,Very High,beginner,Recomposition,3,Vegan,2671,124,312,98,Upper Lower + Full Body
21,Male,177,58.7,32.7,Light,advanced,Maintenance,5,Vegetarian,2528,165,541,71,Full Body
25,Male,195,72.3,32.0,High,beginner,Muscle Gain,6,Vegan,2783,195,379,51,Upper Lower + Full Body
55,Male,157,107.9,17.2,Low,beginner,Fat Loss,3,Vegan,1447,177,524,52,Upper Lower
25,Female,186,45.2,15.8,Low,advanced,Muscle Gain,6,Vegetarian,3398,126,577,53,Upper Lower
41,Male,170,108.5,22.0,Very High,advanced,Maintenance,6,Vegan,2112,108,331,84,Full Body
33,Male,181,76.8,18.1,Low,intermediate,Muscle Gain,6,Non-Vegetarian,2649,107,181,93,Upper Lower + Full Body
31,Female,176,52.2,18.6,Moderate,intermediate,Fat Loss,6,Vegetarian,2269,157,186,93,Full Body
32,Female,178,58.1,40.0,High,intermediate,Maintenance,4,Non-Vegetarian,2151,146,256,37,Upper Lower
42,Female,164,109.1,28.4,Light,beginner,Maintenance,5,Vegan,2221,102,398,74,Push Pull Legs + Accessories
22,Male,186,107.2,12.0,Moderate,intermediate,Fat Loss,4,Vegan,2317,157,123,54,Push Pull Legs
53,Female,176,81.9,8.1,Light,beginner,Muscle Gain,5,Vegan,3740,132,398,60,Push Pull Legs + Accessories
24,Female,174,75.7,15.3,Light,intermediate,Muscle Gain,5,Non-Vegetarian,3930,197,366,77,Push Pull Legs + Accessories
45,Male,185,46.1,10.8,Very High,beginner,Fat Loss,6,Vegetarian,1719,149,542,44,Push Pull Legs
26,Female,164,93.0,16.1,Low,beginner,Maintenance,3,Vegan,2537,105,407,92,Upper Lower
39,Male,165,84.8,11.5,Moderate,advanced,Fat Loss,3,Non-Vegetarian,1867,159,291,35,Push Pull Legs + Accessories
44,Male,171,51.5,26.6,Light,advanced,Maintenance,3,Non-Vegetarian,3126,134,485,92,Upper Lower + Full Body
19,Male,156,108.7,29.2,Moderate,beginner,Fat Loss,4,Vegetarian,1392,112,320,61,Upper Lower
36,Male,179,49.0,24.6,Very High,beginner,Muscle Gain,3,Vegan,2836,146,426,90,Upper Lower
28,Male,180,69.6,14.3,Low,advanced,Fat Loss,6,Vegetarian,1473,110,336,44,Upper Lower
24,Female,177,59.9,38.1,Moderate,advanced,Maintenance,6,Vegetarian,3397,166,340,92,Push Pull Legs + Accessories
46,Male,167,65.5,30.4,Low,beginner,Recomposition,5,Non-Vegetarian,3182,158,596,46,Upper Lower + Full Body
26,Male,153,59.9,33.9,Low,advanced,Recomposition,6,Vegan,2789,107,174,58,Upper Lower + Full Body
26,Male,165,104.0,26.8,Very High,advanced,Muscle Gain,4,Vegan,2342,143,215,68,Full Body
53,Female,158,98.8,9.6,High,beginner,Fat Loss,4,Vegan,1483,156,271,91,Push Pull Legs
52,Female,155,93.0,19.9,Light,advanced,Maintenance,5,Vegetarian,1767,91,147,38,Push Pull Legs
38,Male,160,94.2,37.9,Very High,beginner,Muscle Gain,4,Non-Vegetarian,2402,156,500,42,Upper Lower + Full Body
27,Male,172,65.3,32.9,Very High,advanced,Maintenance,5,Non-Vegetarian,2026,100,271,96,Full Body
51,Female,154,54.8,38.5,Moderate,advanced,Muscle Gain,5,Non-Vegetarian,3920,105,639,90,Push Pull Legs + Accessories
20,Male,188,48.2,32.5,Light,intermediate,Maintenance,5,Vegetarian,2440,156,401,54,Push Pull Legs + Accessories
54,Female,157,60.3,13.5,Moderate,advanced,Fat Loss,5,Non-Vegetarian,1400,136,437,56,Upper Lower + Full Body
20,Female,185,91.4,31.1,Low,intermediate,Fat Loss,4,Non-Vegetarian,2533,168,591,80,Push Pull Legs
26,Male,154,48.9,37.7,Low,intermediate,Maintenance,3,Vegan,2783,90,387,68,Upper Lower
49,Female,165,78.5,22.0,Light,advanced,Muscle Gain,6,Non-Vegetarian,2992,119,187,53,Push Pull Legs + Accessories
28,Female,183,82.1,32.8,Moderate,intermediate,Maintenance,4,Vegetarian,2197,143,253,82,Upper Lower + Full Body
31,Female,156,65.1,36.8,Low,intermediate,Muscle Gain,6,Non-Vegetarian,3596,120,483,82,Full Body
29,Male,175,96.3,34.7,Moderate,intermediate,Fat Loss,5,Vegetarian,1347,175,206,95,Push Pull Legs + Accessories
44,Female,167,101.1,27.0,Very High,advanced,Muscle Gain,4,Vegan,2446,147,367,99,Upper Lower + Full Body
35,Male,171,92.2,13.0,Very High,advanced,Muscle Gain,5,Vegetarian,3186,187,178,72,Upper Lower
31,Male,163,108.0,38.5,Light,advanced,Maintenance,5,Vegan,1950,140,347,53,Push Pull Legs
24,Male,195,84.0,27.5,Low,advanced,Muscle Gain,4,Vegetarian,2374,180,322,98,Upper Lower
43,Male,191,66.0,16.4,High,beginner,Muscle Gain,3,Vegan,4068,163,455,84,Push Pull Legs
50,Female,176,95.6,34.7,Very High,beginner,Muscle Gain,4,Vegetarian,2108,203,150,48,Full Body
25,Female,185,53.3,30.1,Low,beginner,Recomposition,5,Non-Vegetarian,2904,179,629,68,Full Body
44,Male,150,102.3,33.2,High,intermediate,Maintenance,4,Vegetarian,1856,129,192,50,Upper Lower + Full Body
24,Female,184,64.0,16.6,Very High,intermediate,Maintenance,3,Vegan,1985,142,319,56,Upper Lower
50,Male,159,49.8,24.7,Moderate,intermediate,Recomposition,3,Vegetarian,2122,94,421,51,Upper Lower + Full Body
20,Female,173,86.0,36.8,Moderate,beginner,Recomposition,6,Non-Vegetarian,2491,95,218,49,Upper Lower
19,Female,152,106.4,40.4,Low,advanced,Fat Loss,5,Non-Vegetarian,2114,167,210,38,Push Pull Legs + Accessories
47,Male,154,65.8,35.6,Low,beginner,Fat Loss,5,Non-Vegetarian,2028,96,560,100,Upper Lower + Full Body
45,Male,186,52.1,31.2,High,intermediate,Fat Loss,4,Vegan,1840,127,161,49,Upper Lower
53,Female,150,96.6,44.5,Light,intermediate,Maintenance,4,Non-Vegetarian,3066,160,259,87,Push Pull Legs
32,Male,191,69.3,34.8,Low,beginner,Maintenance,6,Vegan,3121,92,168,99,Full Body
36,Male,168,82.3,42.6,High,intermediate,Fat Loss,6,Vegan,2473,169,550,83,Full Body
23,Female,183,64.2,27.8,Moderate,advanced,Recomposition,4,Vegetarian,2276,162,225,72,Push Pull Legs
54,Female,189,96.5,39.7,Light,beginner,Muscle Gain,4,Vegetarian,3205,199,264,90,Push Pull Legs + Accessories
44,Male,189,90.5,44.6,High,beginner,Recomposition,3,Non-Vegetarian,3164,143,151,91,Upper Lower
37,Male,185,106.3,34.8,Very High,advanced,Fat Loss,5,Vegan,2533,136,369,52,Upper Lower + Full Body
36,Male,150,103.3,43.5,Low,beginner,Recomposition,5,Vegetarian,2724,108,535,80,Upper Lower + Full Body
45,Male,192,62.3,37.0,High,advanced,Recomposition,5,Non-Vegetarian,2890,99,341,36,Upper Lower + Full Body
45,Female,156,88.7,33.4,Light,beginner,Maintenance,5,Vegetarian,2215,114,393,86,Upper Lower + Full Body
33,Male,187,96.8,19.5,Very High,intermediate,Muscle Gain,3,Vegetarian,3959,196,349,35,Push Pull Legs
43,Female,174,49.1,10.0,High,advanced,Fat Loss,3,Vegetarian,1695,168,462,38,Push Pull Legs
42,Male,183,48.6,32.0,Low,intermediate,Muscle Gain,5,Vegetarian,3856,152,301,60,Upper Lower + Full Body
44,Female,190,54.3,35.0,Light,advanced,Maintenance,5,Vegetarian,2714,146,573,71,Push Pull Legs + Accessories
21,Male,195,106.3,40.8,High,intermediate,Fat Loss,4,Non-Vegetarian,1339,161,214,97,Push Pull Legs + Accessories
21,Female,160,81.8,42.5,Low,intermediate,Muscle Gain,6,Vegan,4185,133,188,59,Upper Lower
47,Male,164,50.8,12.9,Moderate,intermediate,Fat Loss,4,Non-Vegetarian,2121,103,598,45,Push Pull Legs + Accessories
31,Male,160,89.1,10.9,Light,beginner,Recomposition,3,Vegetarian,3136,144,363,100,Full Body
47,Male,181,80.5,44.1,High,beginner,Fat Loss,4,Non-Vegetarian,1452,175,423,74,Full Body
28,Male,187,66.0,13.2,High,intermediate,Muscle Gain,3,Non-Vegetarian,3128,136,174,65,Push Pull Legs + Accessories
34,Male,156,70.9,27.8,Light,intermediate,Recomposition,4,Vegetarian,1753,91,285,46,Push Pull Legs + Accessories
24,Male,190,57.6,27.2,High,beginner,Maintenance,6,Vegan,3106,167,568,64,Push Pull Legs + Accessories
52,Male,165,102.0,39.4,Light,advanced,Maintenance,6,Vegetarian,2393,119,580,37,Push Pull Legs + Accessories
43,Female,193,105.3,12.4,High,advanced,Muscle Gain,6,Non-Vegetarian,2966,151,650,53,Push Pull Legs
18,Female,174,80.1,11.1,Light,beginner,Fat Loss,5,Non-Vegetarian,1626,101,522,81,Push Pull Legs
52,Female,178,105.9,33.4,High,advanced,Fat Loss,3,Vegan,1656,99,262,76,Upper Lower + Full Body
47,Female,188,107.1,28.6,Very High,advanced,Maintenance,4,Non-Vegetarian,2976,167,415,37,Upper Lower
20,Male,171,96.9,43.2,Light,advanced,Recomposition,5,Vegan,2197,172,253,73,Upper Lower + Full Body
50,Female,185,85.9,31.9,Moderate,intermediate,Recomposition,6,Vegetarian,3023,173,571,46,Full Body
33,Male,184,71.1,22.4,Light,advanced,Fat Loss,3,Vegan,2225,125,509,44,Upper Lower + Full Body
47,Male,181,84.7,26.2,Very High,beginner,Recomposition,6,Vegan,1915,106,447,60,Push Pull Legs + Accessories
52,Male,170,89.3,8.0,Light,advanced,Fat Loss,5,Vegetarian,1851,93,489,84,Push Pull Legs + Accessories
47,Female,186,47.5,32.9,Light,intermediate,Fat Loss,5,Non-Vegetarian,1849,122,306,85,Push Pull Legs + Accessories
30,Female,158,67.9,38.2,Moderate,beginner,Fat Loss,4,Vegan,2390,163,395,85,Upper Lower
52,Male,186,105.7,20.6,Light,intermediate,Muscle Gain,5,Vegetarian,4183,197,465,96,Upper Lower
42,Female,160,108.0,14.4,Very High,beginner,Fat Loss,5,Vegan,2545,177,498,48,Upper Lower
53,Male,195,70.4,21.5,High,advanced,Maintenance,6,Vegan,2364,92,448,97,Full Body
32,Female,150,57.6,31.2,Low,advanced,Muscle Gain,3,Non-Vegetarian,3983,121,168,60,Upper Lower + Full Body
55,Female,165,62.5,9.4,Moderate,beginner,Recomposition,5,Vegetarian,2266,127,584,48,Full Body
30,Female,156,59.1,14.4,Very High,beginner,Recomposition,6,Vegan,2674,102,363,89,Push Pull Legs + Accessories
20,Female,151,107.4,17.8,Light,advanced,Muscle Gain,5,Vegetarian,2144,199,482,57,Push Pull Legs + Accessories
51,Female,157,90.2,27.4,Very High,beginner,Fat Loss,6,Vegetarian,1856,136,252,65,Upper Lower + Full Body
43,Female,160,102.9,42.6,Very High,intermediate,Recomposition,3,Non-Vegetarian,3182,164,638,88,Push Pull Legs + Accessories
35,Female,169,101.1,13.1,Moderate,advanced,Maintenance,5,Vegan,2994,133,552,81,Full Body
29,Female,182,53.4,43.4,Low,beginner,Recomposition,5,Vegetarian,1878,90,160,40,Upper Lower
41,Female,190,59.9,32.0,Light,beginner,Fat Loss,4,Vegan,1537,131,444,43,Upper Lower
38,Male,171,76.2,27.3,High,advanced,Fat Loss,3,Non-Vegetarian,1921,126,512,84,Upper Lower + Full Body
27,Female,181,107.6,33.5,Light,intermediate,Recomposition,6,Vegan,2199,172,543,54,Push Pull Legs
41,Male,182,109.0,34.0,Moderate,intermediate,Fat Loss,3,Vegan,1747,112,228,52,Upper Lower
26,Male,162,84.4,40.5,Low,advanced,Maintenance,3,Vegetarian,2472,91,212,66,Push Pull Legs + Accessories
49,Female,160,58.3,28.5,Moderate,beginner,Fat Loss,6,Non-Vegetarian,2362,180,209,93,Upper Lower
40,Male,180,75.2,17.6,Moderate,advanced,Maintenance,6,Vegetarian,2476,109,153,76,Upper Lower
50,Male,192,93.2,22.1,Very High,beginner,Muscle Gain,6,Vegetarian,2744,191,570,50,Push Pull Legs + Accessories
22,Male,179,89.7,15.3,Light,advanced,Fat Loss,3,Non-Vegetarian,1672,112,278,62,Push Pull Legs + Accessories
24,Male,177,97.0,32.3,Very High,beginner,Maintenance,4,Vegan,2827,108,362,56,Full Body
33,Female,186,100.6,28.0,Moderate,advanced,Maintenance,5,Non-Vegetarian,1950,152,594,98,Upper Lower
43,Male,168,61.1,8.7,Moderate,intermediate,Maintenance,6,Vegan,3165,104,304,92,Upper Lower + Full Body
18,Female,161,82.1,24.3,Light,beginner,Maintenance,4,Vegan,2920,149,629,49,Upper Lower
38,Female,158,82.7,28.7,Very High,beginner,Fat Loss,4,Vegetarian,1501,107,493,85,Push Pull Legs
29,Male,152,102.4,17.8,Very High,intermediate,Recomposition,6,Non-Vegetarian,3000,116,501,100,Full Body
33,Male,190,79.8,42.2,Low,beginner,Muscle Gain,5,Non-Vegetarian,2967,149,203,76,Push Pull Legs
22,Female,172,99.3,14.0,Light,advanced,Muscle Gain,3,Vegetarian,2685,199,476,38,Push Pull Legs
30,Female,180,63.0,40.1,Very High,beginner,Muscle Gain,4,Vegetarian,3702,160,204,61,Upper Lower + Full Body
23,Female,188,107.9,13.4,Low,advanced,Fat Loss,4,Vegetarian,1724,110,240,93,Push Pull Legs + Accessories
26,Female,153,52.5,36.5,Low,beginner,Muscle Gain,6,Non-Vegetarian,2428,116,305,40,Push Pull Legs
46,Male,158,92.0,32.5,Very High,intermediate,Fat Loss,4,Vegan,1738,94,420,59,Push Pull Legs + Accessories
39,Female,163,79.8,32.4,High,advanced,Maintenance,3,Vegetarian,3265,126,300,47,Push Pull Legs
19,Female,185,89.4,31.1,Light,intermediate,Muscle Gain,5,Vegetarian,2614,176,413,83,Upper Lower
55,Male,162,90.5,21.6,Moderate,advanced,Recomposition,3,Vegan,3107,173,121,62,Upper Lower + Full Body
26,Female,194,82.9,38.5,Low,beginner,Recomposition,3,Vegetarian,2164,114,554,80,Upper Lower + Full Body
52,Female,173,70.2,36.2,Light,beginner,Muscle Gain,5,Vegetarian,2639,103,264,96,Push Pull Legs
25,Female,173,84.9,25.7,Very High,intermediate,Maintenance,3,Vegetarian,2926,169,182,91,Push Pull Legs
45,Female,187,46.5,16.4,Light,intermediate,Muscle Gain,5,Non-Vegetarian,3069,210,282,35,Upper Lower
20,Female,165,48.8,8.6,Moderate,intermediate,Recomposition,6,Non-Vegetarian,2466,129,186,82,Push Pull Legs + Accessories
41,Female,168,72.6,14.4,Light,intermediate,Recomposition,3,Vegetarian,2114,149,564,35,Push Pull Legs
53,Male,153,95.0,37.5,Very High,beginner,Muscle Gain,4,Vegetarian,3689,170,355,47,Push Pull Legs + Accessories
35,Female,155,76.8,23.7,Low,advanced,Muscle Gain,3,Vegan,3500,157,229,53,Upper Lower + Full Body
24,Male,171,90.8,25.1,Light,advanced,Muscle Gain,6,Non-Vegetarian,2416,131,175,94,Upper Lower
23,Female,153,97.8,18.6,Very High,intermediate,Recomposition,5,Vegetarian,2420,112,236,60,Push Pull Legs
54,Male,177,56.8,27.7,Very High,advanced,Maintenance,6,Non-Vegetarian,3140,144,379,98,Push Pull Legs
25,Male,185,45.4,15.4,Light,advanced,Recomposition,4,Non-Vegetarian,2120,145,523,90,Upper Lower
40,Male,187,49.2,16.9,Light,advanced,Recomposition,3,Vegetarian,1717,124,532,88,Push Pull Legs + Accessories
37,Male,171,85.7,8.9,Low,beginner,Muscle Gain,6,Vegan,3989,185,598,50,Full Body
19,Male,191,62.1,16.7,Very High,beginner,Maintenance,3,Non-Vegetarian,2210,98,444,57,Push Pull Legs
50,Female,152,97.5,19.0,Very High,intermediate,Recomposition,6,Vegan,2058,172,186,60,Push Pull Legs + Accessories
25,Female,176,69.8,28.6,Moderate,beginner,Recomposition,6,Vegetarian,1904,117,616,71,Push Pull Legs
48,Female,186,62.3,16.6,Light,intermediate,Recomposition,4,Vegetarian,3109,178,647,72,Upper Lower + Full Body
46,Male,150,49.4,38.4,Moderate,beginner,Recomposition,4,Vegetarian,2038,149,172,100,Push Pull Legs + Accessories
24,Male,155,71.7,39.1,Low,advanced,Maintenance,3,Vegan,3336,100,360,82,Upper Lower + Full Body
27,Female,157,50.4,24.4,Low,advanced,Maintenance,3,Vegetarian,2819,141,386,73,Upper Lower + Full Body
28,Male,157,74.3,40.6,Moderate,advanced,Fat Loss,6,Vegan,2065,146,131,57,Push Pull Legs
34,Male,184,48.0,25.5,High,advanced,Muscle Gain,4,Vegetarian,3557,172,207,73,Upper Lower + Full Body
23,Female,191,88.4,42.6,Very High,intermediate,Maintenance,4,Vegan,3073,144,636,54,Push Pull Legs + Accessories
55,Female,192,105.5,25.7,Low,intermediate,Muscle Gain,5,Vegetarian,2482,133,210,89,Push Pull Legs
45,Female,152,77.1,28.4,Light,beginner,Recomposition,5,Vegan,3015,160,349,77,Push Pull Legs + Accessories
24,Female,179,82.8,39.8,High,beginner,Maintenance,3,Vegan,2563,126,505,84,Upper Lower + Full Body
34,Male,189,72.9,17.8,Very High,intermediate,Fat Loss,3,Non-Vegetarian,1323,109,466,48,Push Pull Legs + Accessories
28,Male,172,82.7,17.0,High,intermediate,Fat Loss,3,Vegan,2475,118,392,86,Upper Lower + Full Body
20,Male,177,53.9,17.6,High,beginner,Recomposition,3,Non-Vegetarian,1645,169,184,46,Full Body
31,Male,157,83.1,36.0,Light,intermediate,Fat Loss,4,Vegan,2134,103,358,62,Push Pull Legs + Accessories
18,Female,171,57.1,17.2,Moderate,intermediate,Muscle Gain,6,Non-Vegetarian,2089,121,488,70,Full Body
27,Female,166,53.1,11.6,Moderate,advanced,Muscle Gain,4,Vegan,3184,135,148,88,Push Pull Legs + Accessories
48,Male,180,103.3,42.5,Low,advanced,Fat Loss,5,Vegan,2402,163,162,35,Push Pull Legs + Accessories
53,Female,159,51.3,10.9,Moderate,intermediate,Muscle Gain,4,Non-Vegetarian,2756,150,505,68,Upper Lower + Full Body
52,Female,189,97.3,17.2,Very High,intermediate,Recomposition,5,Vegan,2380,162,439,46,Full Body
55,Female,166,108.6,37.7,Low,beginner,Muscle Gain,4,Vegan,2739,107,609,81,Upper Lower
20,Female,172,52.4,25.6,High,advanced,Muscle Gain,4,Vegan,3617,126,551,75,Upper Lower
26,Female,156,78.5,17.6,Moderate,advanced,Muscle Gain,6,Non-Vegetarian,2031,106,145,73,Upper Lower
51,Female,187,61.3,9.7,High,intermediate,Maintenance,6,Non-Vegetarian,2718,142,171,76,Push Pull Legs + Accessories
28,Female,150,98.3,42.5,Moderate,intermediate,Maintenance,6,Non-Vegetarian,2396,158,149,92,Full Body
32,Female,162,95.8,37.8,Low,intermediate,Fat Loss,4,Non-Vegetarian,1828,141,510,51,Upper Lower
39,Female,194,63.8,12.0,Moderate,advanced,Maintenance,4,Vegetarian,1718,144,284,58,Push Pull Legs
27,Male,168,56.8,36.2,High,intermediate,Recomposition,6,Non-Vegetarian,2421,107,443,43,Push Pull Legs + Accessories
24,Male,155,56.5,34.2,Low,beginner,Maintenance,5,Vegan,3332,156,517,42,Push Pull Legs
24,Male,180,83.3,44.3,High,advanced,Recomposition,4,Vegetarian,1762,112,486,91,Push Pull Legs
46,Female,158,109.6,23.1,Moderate,beginner,Recomposition,3,Vegetarian,3095,104,288,41,Upper Lower
32,Female,180,67.2,23.9,Very High,advanced,Recomposition,3,Non-Vegetarian,2734,134,292,82,Full Body
37,Male,158,53.0,28.6,Light,advanced,Maintenance,5,Non-Vegetarian,3332,124,168,39,Push Pull Legs + Accessories
37,Female,191,68.9,32.1,Moderate,advanced,Fat Loss,4,Vegetarian,1528,107,318,54,Push Pull Legs + Accessories
52,Female,189,94.7,35.0,High,advanced,Muscle Gain,6,Non-Vegetarian,3630,197,331,66,Full Body
49,Male,160,47.0,40.1,Very High,advanced,Recomposition,4,Vegetarian,2572,135,132,42,Push Pull Legs
33,Female,152,61.6,34.4,Light,beginner,Recomposition,4,Non-Vegetarian,3072,159,635,53,Full Body
39,Male,164,102.3,8.4,Low,advanced,Muscle Gain,6,Non-Vegetarian,3942,164,413,100,Push Pull Legs
40,Female,161,63.1,17.4,Moderate,intermediate,Maintenance,6,Vegetarian,3391,158,335,81,Push Pull Legs
31,Female,178,90.8,28.4,Low,advanced,Maintenance,4,Vegan,2920,105,270,93,Upper Lower + Full Body
52,Female,174,97.3,29.0,High,advanced,Fat Loss,3,Non-Vegetarian,1944,151,256,96,Push Pull Legs
46,Female,193,53.9,21.9,Low,beginner,Recomposition,5,Vegetarian,2148,106,328,63,Upper Lower + Full Body
28,Female,183,60.3,29.0,Low,beginner,Muscle Gain,6,Vegetarian,3605,204,280,61,Upper Lower
54,Male,185,105.1,14.2,Low,beginner,Muscle Gain,3,Vegetarian,2942,122,122,37,Push Pull Legs
47,Female,177,69.7,9.7,Low,advanced,Recomposition,6,Vegetarian,1622,160,205,72,Upper Lower
42,Female,155,63.8,41.9,Light,advanced,Maintenance,5,Vegan,2199,100,642,41,Push Pull Legs + Accessories
44,Female,185,86.7,15.2,Moderate,intermediate,Maintenance,3,Vegetarian,1707,115,137,93,Push Pull Legs + Accessories
18,Male,173,98.1,18.3,Moderate,advanced,Recomposition,6,Vegetarian,2278,92,167,90,Push Pull Legs + Accessories
45,Female,167,51.0,8.5,High,intermediate,Maintenance,3,Vegan,1884,118,408,35,Push Pull Legs + Accessories
24,Female,175,84.9,42.1,Very High,intermediate,Recomposition,3,Vegan,2859,91,496,59,Push Pull Legs + Accessories
53,Female,162,64.1,13.2,Very High,advanced,Recomposition,4,Non-Vegetarian,2842,148,135,64,Upper Lower + Full Body
53,Female,185,78.8,31.5,Low,intermediate,Recomposition,3,Non-Vegetarian,1662,137,559,58,Full Body
22,Female,186,74.5,22.0,Very High,beginner,Fat Loss,3,Vegetarian,1571,145,487,93,Upper Lower + Full Body
42,Male,150,64.7,10.9,Low,advanced,Maintenance,4,Vegetarian,3305,149,489,77,Upper Lower + Full Body
25,Female,179,76.6,18.8,Low,advanced,Fat Loss,6,Non-Vegetarian,2088,167,309,44,Push Pull Legs
35,Male,155,84.6,29.9,Light,intermediate,Maintenance,4,Vegetarian,1988,167,608,77,Upper Lower + Full Body
46,Male,153,97.7,40.6,Moderate,advanced,Maintenance,5,Vegetarian,1915,160,474,72,Full Body
20,Female,170,73.3,26.7,Low,advanced,Fat Loss,4,Non-Vegetarian,2317,90,138,41,Push Pull Legs
32,Female,195,103.4,23.2,Low,intermediate,Fat Loss,4,Vegetarian,1870,150,301,99,Upper Lower
35,Female,150,48.8,26.0,Very High,beginner,Fat Loss,5,Vegan,2226,120,212,52,Push Pull Legs + Accessories
42,Male,184,105.1,37.4,Moderate,beginner,Recomposition,3,Vegetarian,2319,161,180,46,Push Pull Legs
18,Female,189,56.6,25.2,Low,advanced,Muscle Gain,5,Vegetarian,3750,110,164,81,Upper Lower
21,Female,186,53.9,9.6,High,beginner,Recomposition,5,Vegan,1630,90,615,67,Push Pull Legs
53,Female,195,66.3,18.8,Light,advanced,Recomposition,6,Vegan,2737,163,338,87,Full Body
34,Male,167,107.2,36.3,High,advanced,Muscle Gain,4,Non-Vegetarian,2828,203,438,45,Upper Lower
20,Male,166,66.6,13.7,Very High,advanced,Recomposition,4,Vegan,1975,98,599,72,Upper Lower
46,Female,166,79.1,40.6,Light,intermediate,Fat Loss,6,Vegan,1423,141,399,90,Push Pull Legs
46,Female,162,83.2,16.1,Moderate,intermediate,Fat Loss,5,Vegetarian,1951,119,511,73,Push Pull Legs + Accessories
52,Male,153,66.5,10.0,High,intermediate,Muscle Gain,6,Non-Vegetarian,3839,179,463,80,Push Pull Legs
43,Female,160,58.4,14.8,Low,advanced,Muscle Gain,5,Non-Vegetarian,2438,105,625,74,Push Pull Legs
32,Male,156,106.8,44.9,High,advanced,Recomposition,3,Vegan,3006,92,265,77,Full Body
42,Female,153,89.6,14.6,Low,intermediate,Maintenance,4,Non-Vegetarian,3374,124,205,57,Push Pull Legs
26,Male,161,73.5,19.6,Very High,intermediate,Muscle Gain,3,Vegetarian,3710,197,171,45,Full Body
39,Male,163,101.1,42.4,Moderate,advanced,Maintenance,6,Vegan,2964,133,152,91,Full Body
49,Male,156,94.7,34.1,Light,intermediate,Muscle Gain,5,Vegan,3499,182,148,64,Push Pull Legs
18,Male,175,63.7,33.1,Light,intermediate,Muscle Gain,4,Vegan,2485,100,404,79,Upper Lower
31,Male,177,48.0,30.6,Moderate,beginner,Muscle Gain,5,Vegan,2384,128,464,57,Upper Lower + Full Body
40,Female,165,104.1,33.4,Moderate,beginner,Muscle Gain,5,Non-Vegetarian,2289,104,180,87,Push Pull Legs + Accessories
19,Male,175,82.1,42.9,Very High,beginner,Muscle Gain,6,Vegan,3799,161,389,40,Upper Lower
50,Female,167,90.1,12.6,Light,advanced,Fat Loss,5,Non-Vegetarian,2489,179,503,63,Push Pull Legs
43,Male,181,74.8,36.1,Light,intermediate,Maintenance,3,Vegetarian,2029,134,131,44,Push Pull Legs + Accessories
42,Male,170,61.6,41.3,Light,intermediate,Muscle Gain,6,Vegan,3043,123,182,58,Upper Lower + Full Body
32,Male,164,65.0,39.7,Low,beginner,Muscle Gain,3,Vegan,3727,207,167,80,Upper Lower
52,Male,185,104.4,26.9,Light,beginner,Fat Loss,3,Vegetarian,2086,140,574,63,Upper Lower
36,Male,193,66.7,44.1,High,intermediate,Recomposition,5,Vegan,1981,101,295,89,Full Body
43,Male,152,60.0,39.2,High,advanced,Fat Loss,3,Vegan,1589,148,498,80,Upper Lower + Full Body
22,Male,166,75.0,25.1,Low,advanced,Fat Loss,3,Non-Vegetarian,1534,101,472,55,Upper Lower
29,Male,162,73.0,43.4,Low,advanced,Fat Loss,3,Non-Vegetarian,2374,105,620,35,Full Body
45,Male,156,95.2,26.6,Light,advanced,Maintenance,5,Vegan,2827,100,440,94,Push Pull Legs + Accessories
24,Male,174,81.1,9.6,Low,intermediate,Fat Loss,6,Vegan,2536,117,188,83,Upper Lower + Full Body
50,Male,187,76.2,14.4,Very High,intermediate,Maintenance,5,Vegetarian,3046,102,646,52,Upper Lower
28,Female,150,48.5,28.4,Very High,intermediate,Fat Loss,4,Vegetarian,1618,97,378,46,Full Body
49,Female,167,87.6,35.1,Very High,advanced,Muscle Gain,3,Non-Vegetarian,3474,173,320,36,Upper Lower
26,Male,152,86.2,44.2,Moderate,advanced,Fat Loss,4,Vegetarian,1567,146,629,80,Upper Lower
33,Male,173,91.7,9.5,Light,advanced,Muscle Gain,6,Non-Vegetarian,2192,152,379,85,Upper Lower
21,Male,172,91.5,30.0,High,intermediate,Recomposition,5,Non-Vegetarian,2797,102,349,51,Push Pull Legs
28,Male,188,50.8,33.3,Low,intermediate,Maintenance,6,Vegan,1783,110,343,50,Push Pull Legs
33,Female,184,98.4,10.5,High,intermediate,Fat Loss,4,Vegan,1466,115,241,88,Push Pull Legs + Accessories
50,Male,153,68.8,28.6,Moderate,intermediate,Recomposition,6,Vegetarian,2384,119,523,54,Push Pull Legs
41,Female,173,48.9,29.5,Moderate,intermediate,Muscle Gain,6,Non-Vegetarian,3603,125,433,59,Upper Lower
40,Female,150,64.6,30.4,Light,intermediate,Fat Loss,4,Vegetarian,2089,107,564,50,Push Pull Legs
27,Female,166,59.1,23.2,Light,advanced,Maintenance,5,Non-Vegetarian,3079,109,223,100,Upper Lower + Full Body
52,Male,181,106.7,30.0,Very High,beginner,Recomposition,4,Vegan,2091,129,206,83,Full Body
30,Male,185,67.0,16.9,Light,advanced,Maintenance,6,Vegetarian,2448,97,493,65,Upper Lower
34,Male,162,106.7,9.3,Light,beginner,Muscle Gain,5,Vegan,4166,163,535,38,Full Body
41,Female,179,95.6,22.4,Very High,advanced,Maintenance,6,Non-Vegetarian,3330,148,531,69,Full Body
41,Male,165,73.4,28.9,Moderate,intermediate,Recomposition,6,Vegetarian,2482,116,407,51,Push Pull Legs
39,Male,168,69.0,27.8,Low,advanced,Maintenance,5,Vegan,1879,133,309,86,Upper Lower + Full Body
38,Male,173,82.4,22.7,High,beginner,Muscle Gain,4,Vegetarian,3856,135,259,65,Full Body
35,Male,161,70.0,42.5,Moderate,beginner,Maintenance,4,Vegetarian,3323,110,545,49,Full Body
37,Female,163,91.7,10.1,Very High,intermediate,Fat Loss,6,Vegetarian,1513,177,138,38,Upper Lower + Full Body
49,Male,183,98.4,42.0,Light,beginner,Muscle Gain,5,Vegan,3829,111,407,75,Upper Lower
41,Male,192,63.2,41.2,High,advanced,Recomposition,5,Non-Vegetarian,2993,173,630,41,Push Pull Legs
30,Female,191,107.7,40.2,Low,advanced,Recomposition,5,Vegan,1902,118,575,94,Push Pull Legs + Accessories
54,Male,177,71.0,20.0,Light,beginner,Recomposition,3,Vegetarian,2170,97,167,80,Upper Lower
52,Female,154,46.6,42.6,Moderate,advanced,Muscle Gain,3,Vegetarian,2622,161,302,51,Push Pull Legs
29,Female,170,75.1,39.3,Light,beginner,Recomposition,3,Vegan,2216,119,246,62,Push Pull Legs + Accessories
49,Male,160,104.0,15.3,Light,intermediate,Maintenance,5,Vegan,2015,156,520,57,Push Pull Legs
54,Male,190,100.6,37.0,Moderate,beginner,Maintenance,5,Vegan,3098,117,360,53,Upper Lower
46,Male,164,90.5,15.0,Very High,advanced,Fat Loss,3,Non-Vegetarian,2044,150,347,80,Upper Lower
32,Male,177,72.7,26.8,Low,intermediate,Recomposition,3,Vegetarian,2728,148,166,100,Upper Lower
49,Female,157,94.7,37.9,Light,intermediate,Muscle Gain,3,Vegetarian,4012,115,279,85,Push Pull Legs
53,Female,164,103.0,28.7,Very High,advanced,Fat Loss,3,Non-Vegetarian,2590,145,388,68,Push Pull Legs + Accessories
30,Female,170,73.8,17.7,Light,beginner,Fat Loss,4,Vegetarian,1630,155,137,48,Upper Lower + Full Body
34,Female,159,67.5,44.6,Very High,beginner,Fat Loss,4,Vegan,2024,141,178,83,Upper Lower
31,Female,173,87.6,41.3,Light,advanced,Recomposition,4,Vegetarian,2926,104,176,69,Push Pull Legs + Accessories
35,Female,156,98.8,8.2,Moderate,beginner,Maintenance,3,Vegan,2850,131,272,36,Push Pull Legs
42,Male,161,71.1,10.1,Moderate,advanced,Recomposition,4,Vegan,3074,150,494,84,Push Pull Legs
35,Female,180,47.9,19.8,Very High,beginner,Fat Loss,3,Non-Vegetarian,1477,144,394,44,Push Pull Legs
39,Female,177,62.7,29.1,Low,advanced,Recomposition,4,Vegan,2257,147,628,80,Upper Lower
48,Male,150,97.7,8.7,Light,intermediate,Fat Loss,3,Vegetarian,2575,173,628,47,Upper Lower
27,Male,169,49.8,15.5,Light,advanced,Recomposition,6,Non-Vegetarian,2689,162,584,86,Push Pull Legs
31,Female,154,55.7,26.2,High,beginner,Muscle Gain,4,Vegetarian,3793,183,518,38,Push Pull Legs + Accessories
54,Female,183,79.8,25.6,Very High,intermediate,Maintenance,4,Vegan,2125,170,436,60,Push Pull Legs
42,Male,171,65.1,9.1,Very High,advanced,Maintenance,4,Vegetarian,1955,108,166,55,Push Pull Legs
40,Male,151,95.3,26.0,High,intermediate,Maintenance,6,Non-Vegetarian,2682,90,171,35,Upper Lower
53,Female,179,70.7,19.4,High,intermediate,Recomposition,5,Vegan,2517,165,580,74,Push Pull Legs
30,Female,174,102.9,23.8,Low,intermediate,Maintenance,3,Vegetarian,2532,121,481,75,Upper Lower
30,Female,152,83.3,22.3,Moderate,advanced,Recomposition,4,Non-Vegetarian,2503,100,232,80,Upper Lower
32,Female,170,58.4,33.7,Very High,intermediate,Muscle Gain,4,Non-Vegetarian,3432,114,285,55,Push Pull Legs + Accessories
31,Female,177,64.5,44.5,Moderate,advanced,Maintenance,5,Vegan,2505,134,408,87,Push Pull Legs + Accessories
37,Male,171,94.0,40.4,Moderate,advanced,Fat Loss,5,Vegan,1827,99,432,50,Push Pull Legs + Accessories
33,Male,195,106.4,17.6,Very High,intermediate,Maintenance,4,Vegan,2252,142,390,37,Upper Lower + Full Body
27,Male,164,48.1,20.1,High,beginner,Recomposition,4,Vegan,2970,158,396,47,Upper Lower
24,Male,150,109.9,36.1,High,beginner,Muscle Gain,4,Vegetarian,3960,197,164,96,Full Body
51,Female,172,57.5,31.3,High,intermediate,Maintenance,6,Vegan,1970,106,158,66,Push Pull Legs
37,Male,167,81.8,39.4,High,beginner,Fat Loss,4,Vegan,1411,93,264,80,Push Pull Legs
25,Male,163,92.7,25.1,High,intermediate,Recomposition,4,Non-Vegetarian,2792,133,602,35,Upper Lower + Full Body
23,Female,186,84.6,42.9,Moderate,advanced,Maintenance,5,Vegetarian,2231,131,526,84,Upper Lower
22,Male,164,105.7,28.4,Low,beginner,Maintenance,4,Vegetarian,3397,142,281,52,Push Pull Legs
30,Male,169,74.7,14.8,High,beginner,Muscle Gain,3,Non-Vegetarian,2950,184,581,88,Upper Lower + Full Body
52,Female,151,47.1,37.3,Moderate,advanced,Fat Loss,5,Non-Vegetarian,2493,96,276,46,Push Pull Legs + Accessories
36,Female,154,75.3,15.0,Low,intermediate,Fat Loss,5,Vegetarian,1617,119,495,41,Upper Lower
53,Male,189,106.4,23.6,Moderate,beginner,Recomposition,5,Vegan,3143,110,323,60,Upper Lower
32,Male,150,53.9,13.0,High,advanced,Muscle Gain,4,Vegetarian,2040,129,142,63,Upper Lower
44,Female,179,73.7,35.2,Low,advanced,Recomposition,6,Non-Vegetarian,1621,146,557,53,Push Pull Legs + Accessories
38,Female,165,103.4,10.1,Moderate,advanced,Maintenance,4,Vegetarian,1860,112,356,68,Push Pull Legs + Accessories
33,Male,151,59.1,34.5,Light,beginner,Fat Loss,5,Non-Vegetarian,1439,164,136,46,Push Pull Legs + Accessories
28,Male,192,96.8,18.8,Moderate,beginner,Recomposition,6,Non-Vegetarian,2952,159,593,48,Push Pull Legs + Accessories
38,Female,166,71.9,31.0,Very High,beginner,Maintenance,3,Non-Vegetarian,2436,159,352,91,Upper Lower
27,Female,171,77.9,42.5,Light,beginner,Maintenance,3,Vegan,3301,133,514,85,Upper Lower + Full Body
34,Female,182,92.1,13.5,Light,intermediate,Fat Loss,4,Non-Vegetarian,2474,99,310,47,Upper Lower
23,Male,153,52.7,24.9,Very High,beginner,Fat Loss,5,Vegan,2432,143,171,44,Push Pull Legs + Accessories
49,Male,168,90.1,37.5,Light,advanced,Fat Loss,5,Vegetarian,2503,169,377,80,Upper Lower
25,Female,181,51.6,14.5,High,intermediate,Maintenance,4,Vegetarian,2841,148,306,55,Push Pull Legs
36,Female,159,54.4,21.9,High,advanced,Maintenance,5,Vegan,3023,138,316,59,Push Pull Legs
30,Male,168,64.1,24.4,Low,intermediate,Recomposition,5,Vegetarian,2154,149,141,56,Push Pull Legs
42,Female,182,89.5,10.6,Moderate,beginner,Recomposition,6,Non-Vegetarian,2877,179,306,85,Push Pull Legs + Accessories
28,Male,188,93.2,23.3,Moderate,beginner,Recomposition,6,Non-Vegetarian,2253,111,283,80,Upper Lower + Full Body
19,Male,176,50.2,22.8,Very High,beginner,Fat Loss,4,Vegetarian,2055,163,281,54,Upper Lower + Full Body
25,Female,154,66.0,40.0,High,beginner,Muscle Gain,4,Vegan,3301,140,531,64,Push Pull Legs + Accessories
47,Male,192,91.8,13.7,High,beginner,Maintenance,4,Vegetarian,2583,138,197,77,Full Body
53,Male,171,51.3,15.6,Low,beginner,Muscle Gain,3,Non-Vegetarian,4189,209,349,55,Push Pull Legs
29,Male,159,51.1,38.7,Low,intermediate,Maintenance,3,Vegan,2462,158,277,90,Upper Lower + Full Body
52,Female,181,109.4,19.0,Low,beginner,Muscle Gain,5,Non-Vegetarian,4200,107,518,74,Full Body
18,Male,152,96.6,14.6,Very High,intermediate,Recomposition,6,Vegetarian,2242,156,455,84,Push Pull Legs + Accessories
43,Female,169,95.4,12.4,High,advanced,Fat Loss,4,Non-Vegetarian,1669,104,264,90,Upper Lower
22,Male,162,56.9,19.3,Low,beginner,Maintenance,4,Vegan,2218,158,342,49,Full Body
50,Female,186,95.2,33.9,Low,beginner,Recomposition,6,Vegetarian,3157,142,404,47,Upper Lower
25,Male,185,46.3,16.1,High,intermediate,Recomposition,3,Vegan,3009,111,122,42,Push Pull Legs
30,Female,160,80.1,15.2,High,beginner,Muscle Gain,3,Non-Vegetarian,2190,141,303,69,Upper Lower
53,Male,195,45.1,21.1,Light,intermediate,Fat Loss,3,Vegetarian,2223,140,562,55,Push Pull Legs + Accessories
33,Female,164,56.5,28.6,Light,advanced,Recomposition,4,Vegetarian,2590,142,205,99,Full Body
52,Male,175,56.5,24.8,Light,intermediate,Maintenance,3,Vegetarian,1852,114,278,99,Upper Lower
32,Male,195,84.6,11.7,Very High,advanced,Fat Loss,5,Vegetarian,2244,166,184,96,Full Body
43,Male,180,77.0,11.5,Low,intermediate,Maintenance,4,Vegetarian,3000,158,222,69,Upper Lower
26,Male,179,84.4,43.4,Low,intermediate,Muscle Gain,5,Vegan,3716,174,372,73,Full Body
29,Female,193,46.1,34.5,Light,advanced,Recomposition,6,Non-Vegetarian,3025,141,513,56,Upper Lower + Full Body
54,Female,156,54.0,24.6,Moderate,advanced,Fat Loss,5,Non-Vegetarian,1757,167,399,90,Push Pull Legs
37,Female,158,82.7,30.5,High,intermediate,Recomposition,4,Vegan,2443,144,431,43,Push Pull Legs + Accessories
49,Female,151,81.6,28.5,Very High,intermediate,Maintenance,6,Non-Vegetarian,2845,135,411,86,Full Body
50,Male,162,97.2,37.7,Moderate,beginner,Recomposition,6,Vegetarian,2191,148,471,61,Push Pull Legs + Accessories
42,Male,168,95.5,27.7,Moderate,intermediate,Maintenance,3,Vegan,2041,155,523,36,Full Body
25,Male,152,55.7,13.2,High,beginner,Recomposition,6,Non-Vegetarian,2732,167,182,37,Upper Lower + Full Body
35,Male,184,99.2,21.3,Low,beginner,Muscle Gain,4,Vegan,2168,142,614,74,Upper Lower + Full Body
48,Male,166,99.2,35.5,Low,advanced,Maintenance,6,Vegetarian,1729,109,577,82,Push Pull Legs
18,Male,163,48.0,20.8,High,advanced,Recomposition,3,Vegan,3194,166,484,61,Push Pull Legs
42,Female,168,51.3,17.7,Very High,beginner,Recomposition,5,Non-Vegetarian,2519,162,173,99,Push Pull Legs + Accessories
25,Male,183,75.7,23.3,Low,beginner,Muscle Gain,4,Non-Vegetarian,3525,188,245,41,Upper Lower
36,Female,169,106.7,17.3,Very High,advanced,Muscle Gain,6,Non-Vegetarian,3123,185,471,89,Upper Lower + Full Body
41,Female,160,64.6,9.4,Light,beginner,Muscle Gain,5,Non-Vegetarian,3786,161,260,75,Push Pull Legs + Accessories
29,Male,161,53.1,8.3,Light,beginner,Maintenance,6,Vegetarian,2229,153,434,96,Push Pull Legs + Accessories
52,Female,168,89.5,20.1,Very High,beginner,Recomposition,5,Vegetarian,1797,119,350,75,Push Pull Legs
23,Female,158,63.7,35.0,Light,beginner,Fat Loss,3,Vegetarian,1810,140,250,58,Push Pull Legs
48,Male,165,105.0,31.7,High,intermediate,Fat Loss,6,Non-Vegetarian,2397,172,372,79,Upper Lower + Full Body
38,Female,185,66.1,14.7,Moderate,beginner,Maintenance,4,Vegan,2340,102,535,49,Upper Lower + Full Body
49,Female,173,85.0,24.6,Low,intermediate,Muscle Gain,3,Non-Vegetarian,3263,176,214,68,Push Pull Legs + Accessories
37,Female,167,75.7,36.3,Light,intermediate,Fat Loss,5,Non-Vegetarian,2383,127,234,94,Push Pull Legs
55,Female,169,90.7,44.3,High,beginner,Maintenance,5,Vegan,2116,94,461,64,Push Pull Legs + Accessories
32,Male,162,53.1,16.1,Low,beginner,Fat Loss,4,Vegan,2367,166,306,89,Push Pull Legs
50,Female,184,102.8,38.0,Very High,beginner,Maintenance,4,Non-Vegetarian,2812,150,321,36,Full Body
29,Female,170,89.5,19.6,Low,intermediate,Maintenance,6,Non-Vegetarian,3053,117,455,63,Push Pull Legs + Accessories
24,Male,182,81.7,12.0,High,advanced,Recomposition,4,Non-Vegetarian,2171,138,628,46,Push Pull Legs + Accessories
42,Female,160,83.5,22.7,Low,intermediate,Fat Loss,4,Non-Vegetarian,1579,165,383,83,Push Pull Legs + Accessories
39,Female,153,84.6,29.3,Low,advanced,Muscle Gain,3,Vegetarian,4180,176,468,96,Upper Lower
52,Male,164,99.1,33.3,Moderate,beginner,Muscle Gain,3,Vegan,3677,184,417,71,Upper Lower
42,Female,167,92.8,27.0,Very High,intermediate,Recomposition,5,Non-Vegetarian,1949,161,499,97,Full Body
51,Female,158,106.5,35.5,Very High,beginner,Fat Loss,4,Vegetarian,2203,164,593,44,Upper Lower
51,Female,184,57.2,30.5,High,beginner,Recomposition,3,Non-Vegetarian,3137,164,426,68,Full Body
35,Male,163,72.7,36.1,Light,advanced,Recomposition,3,Vegetarian,1973,117,150,61,Upper Lower + Full Body
45,Female,184,52.4,11.0,Light,advanced,Recomposition,3,Non-Vegetarian,2289,163,131,37,Upper Lower + Full Body
24,Male,178,75.4,9.7,Moderate,beginner,Recomposition,6,Vegan,2025,118,502,46,Full Body
47,Male,150,95.0,32.8,Light,beginner,Recomposition,3,Vegan,3124,105,244,65,Upper Lower + Full Body
18,Male,165,107.3,27.7,Very High,intermediate,Maintenance,4,Vegan,2345,134,244,66,Push Pull Legs + Accessories
54,Male,153,89.9,20.1,Very High,beginner,Muscle Gain,3,Non-Vegetarian,3342,107,258,73,Upper Lower
31,Female,175,49.5,20.7,Very High,intermediate,Fat Loss,6,Non-Vegetarian,1586,146,200,62,Full Body
54,Female,165,58.6,17.0,Very High,beginner,Muscle Gain,5,Vegan,3317,196,560,46,Full Body
46,Female,192,61.0,32.1,High,intermediate,Fat Loss,6,Vegan,1680,135,475,49,Push Pull Legs
36,Female,165,70.5,33.1,Low,advanced,Fat Loss,4,Non-Vegetarian,2295,113,587,38,Upper Lower
42,Female,176,45.3,41.8,Moderate,beginner,Muscle Gain,6,Non-Vegetarian,3050,108,542,44,Push Pull Legs
47,Male,170,86.2,15.6,Very High,advanced,Maintenance,6,Non-Vegetarian,1787,137,247,39,Upper Lower
26,Male,181,108.7,8.3,Light,intermediate,Recomposition,4,Non-Vegetarian,1875,155,224,68,Full Body
47,Female,157,79.4,29.4,Very High,intermediate,Fat Loss,3,Vegan,2143,163,165,88,Push Pull Legs + Accessories
34,Female,194,94.2,41.9,Very High,advanced,Muscle Gain,4,Vegetarian,4071,168,404,100,Push Pull Legs + Accessories
38,Female,172,52.3,34.2,Moderate,advanced,Recomposition,4,Non-Vegetarian,1852,148,392,60,Push Pull Legs
53,Female,185,109.0,37.2,High,intermediate,Muscle Gain,4,Non-Vegetarian,2853,175,635,43,Upper Lower + Full Body
31,Female,185,75.5,32.1,Moderate,advanced,Fat Loss,4,Vegetarian,2128,126,606,92,Push Pull Legs
24,Female,164,91.6,30.4,Very High,beginner,Maintenance,4,Vegan,3391,143,143,58,Upper Lower + Full Body
43,Male,158,67.7,37.1,Low,intermediate,Muscle Gain,4,Vegetarian,2348,178,155,80,Push Pull Legs + Accessories
26,Female,150,62.5,18.3,Low,beginner,Recomposition,5,Vegetarian,2757,117,283,69,Full Body
53,Male,191,49.9,31.0,Very High,intermediate,Muscle Gain,4,Vegetarian,3134,169,596,38,Upper Lower + Full Body
27,Female,174,108.9,40.0,Very High,intermediate,Fat Loss,4,Vegetarian,2064,100,627,73,Upper Lower
36,Male,150,62.2,40.9,Light,beginner,Recomposition,3,Vegetarian,2692,169,172,39,Upper Lower
42,Female,183,73.1,33.4,Light,beginner,Recomposition,3,Vegetarian,2718,141,579,56,Push Pull Legs
20,Male,152,83.6,36.8,Light,intermediate,Recomposition,4,Vegetarian,2769,136,321,87,Upper Lower + Full Body
18,Male,171,75.2,30.4,Low,beginner,Muscle Gain,6,Vegetarian,2559,142,132,38,Push Pull Legs + Accessories
47,Male,155,57.3,36.8,High,beginner,Fat Loss,3,Vegetarian,1718,159,509,40,Upper Lower + Full Body
22,Female,191,70.3,13.3,Low,beginner,Maintenance,5,Vegan,3284,125,537,49,Push Pull Legs + Accessories
54,Male,160,80.6,44.7,Low,intermediate,Muscle Gain,6,Non-Vegetarian,3254,131,536,41,Upper Lower
37,Male,168,100.7,42.4,Light,beginner,Maintenance,4,Vegetarian,3026,140,135,53,Full Body
31,Male,187,62.5,11.0,Low,advanced,Maintenance,5,Vegan,3386,147,605,58,Push Pull Legs + Accessories
31,Male,193,56.9,31.7,Moderate,intermediate,Muscle Gain,4,Vegetarian,3926,152,200,94,Upper Lower + Full Body
53,Female,151,108.1,33.1,Moderate,intermediate,Maintenance,5,Vegetarian,2482,94,254,48,Push Pull Legs
38,Male,184,82.8,39.1,Light,intermediate,Recomposition,5,Vegan,2842,158,543,67,Push Pull Legs + Accessories
50,Female,193,72.4,15.9,High,beginner,Muscle Gain,5,Non-Vegetarian,3868,133,144,100,Upper Lower
53,Female,155,108.5,12.1,Low,intermediate,Maintenance,4,Vegetarian,2595,128,164,41,Push Pull Legs + Accessories
43,Male,188,107.5,31.1,Light,intermediate,Fat Loss,5,Vegan,1850,155,567,69,Push Pull Legs + Accessories
50,Male,160,52.6,29.2,Very High,intermediate,Maintenance,5,Non-Vegetarian,2083,108,129,56,Push Pull Legs
30,Male,181,89.6,35.5,Low,intermediate,Maintenance,3,Vegetarian,3259,117,122,42,Push Pull Legs
53,Male,183,69.5,37.4,High,intermediate,Fat Loss,3,Vegan,1309,90,648,46,Push Pull Legs
25,Female,175,96.9,8.9,Low,intermediate,Fat Loss,4,Vegetarian,2312,115,587,93,Upper Lower + Full Body
42,Male,150,80.2,35.1,Moderate,advanced,Muscle Gain,6,Non-Vegetarian,3056,149,370,40,Push Pull Legs
55,Male,182,63.0,16.1,High,beginner,Muscle Gain,4,Non-Vegetarian,2337,112,207,75,Push Pull Legs
34,Female,171,77.6,36.1,Moderate,beginner,Muscle Gain,4,Vegan,3064,203,132,43,Full Body
38,Male,165,63.1,23.2,High,intermediate,Recomposition,5,Non-Vegetarian,2791,180,399,86,Push Pull Legs + Accessories
27,Female,195,48.5,10.2,Light,intermediate,Muscle Gain,4,Vegan,2375,188,639,54,Upper Lower
50,Male,178,83.8,36.4,Low,beginner,Recomposition,4,Vegetarian,2687,134,632,43,Push Pull Legs + Accessories
38,Female,158,75.4,37.2,Moderate,advanced,Fat Loss,6,Non-Vegetarian,1627,118,472,93,Push Pull Legs
36,Male,155,55.4,11.5,Very High,beginner,Maintenance,3,Vegan,1937,143,191,57,Full Body
54,Female,151,63.6,40.1,High,beginner,Muscle Gain,3,Non-Vegetarian,2708,128,176,68,Push Pull Legs + Accessories
19,Female,153,50.5,28.8,Very High,beginner,Recomposition,3,Vegetarian,1783,112,325,51,Upper Lower + Full Body
22,Female,172,50.8,9.1,Moderate,advanced,Maintenance,3,Non-Vegetarian,3206,144,565,76,Upper Lower
37,Female,174,92.2,43.9,Moderate,advanced,Fat Loss,4,Non-Vegetarian,2158,118,427,84,Push Pull Legs
23,Male,171,60.4,21.5,Light,advanced,Maintenance,6,Vegetarian,2231,120,478,88,Push Pull Legs
44,Female,184,56.0,42.8,Low,advanced,Fat Loss,6,Vegan,1675,140,583,35,Upper Lower + Full Body
44,Female,195,97.6,42.6,High,beginner,Fat Loss,5,Vegetarian,2572,146,538,91,Upper Lower + Full Body
36,Female,180,75.4,11.0,Light,advanced,Muscle Gain,4,Non-Vegetarian,2061,104,542,48,Upper Lower + Full Body
50,Female,186,76.4,19.1,Light,beginner,Fat Loss,5,Non-Vegetarian,1729,129,174,74,Push Pull Legs + Accessories
53,Female,159,106.6,13.6,Moderate,advanced,Recomposition,5,Vegan,3111,135,287,80,Full Body
19,Male,175,87.9,18.2,Moderate,advanced,Muscle Gain,3,Vegetarian,4019,199,320,45,Upper Lower + Full Body
47,Male,165,45.2,32.7,Light,intermediate,Fat Loss,5,Vegan,2501,126,632,99,Upper Lower
51,Male,183,63.0,37.7,Very High,beginner,Recomposition,6,Non-Vegetarian,3185,92,475,47,Push Pull Legs
29,Male,155,55.5,40.5,Moderate,beginner,Maintenance,3,Vegan,2081,121,150,50,Push Pull Legs + Accessories
37,Male,189,93.4,27.5,Low,beginner,Recomposition,4,Vegetarian,3061,172,637,84,Push Pull Legs
30,Male,160,49.1,33.9,Low,advanced,Recomposition,3,Vegetarian,1783,125,153,36,Upper Lower
48,Female,157,60.6,35.8,High,advanced,Muscle Gain,6,Vegan,3699,105,227,84,Upper Lower
21,Female,182,61.8,29.5,Moderate,advanced,Recomposition,5,Non-Vegetarian,1619,170,243,44,Upper Lower
39,Female,164,67.0,14.1,Low,beginner,Recomposition,4,Vegan,2682,176,574,35,Push Pull Legs + Accessories
47,Male,188,94.4,34.5,High,beginner,Recomposition,3,Non-Vegetarian,1656,160,644,49,Upper Lower + Full Body
27,Female,158,103.1,33.0,Very High,advanced,Recomposition,5,Non-Vegetarian,2604,105,322,97,Full Body
20,Male,178,102.1,28.7,Low,beginner,Fat Loss,5,Vegan,1330,176,495,80,Push Pull Legs + Accessories
18,Male,160,87.3,32.8,Moderate,beginner,Fat Loss,4,Non-Vegetarian,1681,110,244,85,Upper Lower + Full Body
42,Male,188,88.5,22.1,Moderate,intermediate,Maintenance,6,Vegan,2666,92,518,91,Full Body
45,Male,189,89.9,17.1,Moderate,advanced,Fat Loss,3,Non-Vegetarian,1412,104,536,73,Upper Lower
22,Female,150,76.2,8.4,Light,intermediate,Muscle Gain,5,Vegetarian,3155,208,336,49,Upper Lower + Full Body
54,Male,158,63.8,39.6,Very High,beginner,Fat Loss,3,Vegetarian,1917,103,555,44,Push Pull Legs
32,Female,152,54.6,21.6,Low,intermediate,Recomposition,5,Vegan,2726,139,417,86,Upper Lower
39,Male,164,65.1,11.4,Low,intermediate,Muscle Gain,3,Non-Vegetarian,4042,153,385,54,Push Pull Legs + Accessories
25,Female,170,75.7,28.4,Moderate,advanced,Muscle Gain,4,Vegan,2312,157,624,77,Push Pull Legs
32,Male,187,69.2,28.8,Very High,beginner,Maintenance,5,Non-Vegetarian,2016,138,166,94,Upper Lower
42,Male,151,55.0,37.1,High,advanced,Maintenance,5,Non-Vegetarian,3283,149,599,53,Push Pull Legs
22,Female,178,51.6,25.0,Low,advanced,Recomposition,3,Non-Vegetarian,2386,123,612,64,Push Pull Legs + Accessories
31,Male,156,76.6,19.4,Light,advanced,Muscle Gain,4,Non-Vegetarian,3214,205,194,73,Upper Lower + Full Body
47,Female,192,56.8,9.8,Very High,beginner,Maintenance,5,Non-Vegetarian,3103,157,532,53,Push Pull Legs + Accessories
53,Male,183,99.2,44.9,High,intermediate,Recomposition,5,Vegetarian,1621,147,506,61,Upper Lower
22,Female,195,58.4,20.5,Very High,intermediate,Recomposition,6,Vegan,1883,135,248,62,Upper Lower + Full Body
50,Female,180,84.5,23.0,Low,intermediate,Recomposition,4,Vegetarian,1717,178,462,82,Upper Lower
18,Female,172,96.2,33.4,Very High,beginner,Recomposition,4,Vegan,2456,100,455,92,Push Pull Legs + Accessories
18,Female,170,57.5,32.3,Moderate,intermediate,Recomposition,3,Vegan,2570,154,594,98,Full Body
34,Female,160,73.4,10.8,Low,beginner,Maintenance,4,Vegetarian,2676,116,532,51,Push Pull Legs + Accessories
29,Male,153,90.9,14.5,Light,intermediate,Muscle Gain,3,Vegetarian,3903,206,499,97,Push Pull Legs + Accessories
49,Male,156,72.5,10.1,Moderate,beginner,Maintenance,3,Non-Vegetarian,2249,160,533,64,Push Pull Legs
29,Female,156,99.3,43.3,Low,beginner,Fat Loss,4,Vegetarian,1669,142,134,47,Full Body
43,Male,167,77.2,10.9,High,advanced,Muscle Gain,3,Non-Vegetarian,3902,197,139,62,Push Pull Legs
30,Female,178,102.7,9.5,Moderate,advanced,Muscle Gain,3,Non-Vegetarian,2812,126,309,87,Push Pull Legs + Accessories
34,Male,167,69.5,16.3,Low,intermediate,Fat Loss,5,Non-Vegetarian,2187,120,125,63,Upper Lower + Full Body
43,Male,170,61.9,13.8,Moderate,advanced,Maintenance,3,Vegan,2936,118,350,51,Push Pull Legs + Accessories
49,Male,161,80.2,11.2,Very High,beginner,Recomposition,4,Non-Vegetarian,2935,96,425,89,Push Pull Legs
45,Male,195,72.3,22.6,Moderate,beginner,Recomposition,4,Vegan,2919,128,484,61,Upper Lower + Full Body
34,Female,189,93.7,29.7,Low,intermediate,Muscle Gain,6,Non-Vegetarian,2011,153,627,81,Push Pull Legs + Accessories
28,Male,152,80.5,32.6,Low,advanced,Fat Loss,3,Vegetarian,1681,99,500,73,Upper Lower
35,Male,166,80.2,41.8,Very High,beginner,Fat Loss,4,Non-Vegetarian,1694,121,331,57,Push Pull Legs
33,Male,172,49.4,13.7,Moderate,advanced,Maintenance,5,Vegetarian,1932,169,351,78,Full Body
20,Female,164,100.6,29.5,Very High,advanced,Maintenance,4,Vegan,2096,121,317,55,Full Body
43,Male,160,83.5,12.9,Very High,beginner,Maintenance,4,Vegetarian,1958,124,396,46,Upper Lower
46,Male,171,93.8,22.5,Very High,advanced,Fat Loss,3,Vegetarian,1592,121,628,86,Upper Lower
48,Male,179,65.1,21.8,Light,beginner,Muscle Gain,6,Vegetarian,3098,182,215,61,Push Pull Legs + Accessories
24,Female,187,53.6,22.6,Low,advanced,Fat Loss,3,Non-Vegetarian,2062,119,530,51,Push Pull Legs + Accessories
48,Female,170,54.8,39.6,High,intermediate,Recomposition,3,Vegetarian,3036,93,555,50,Push Pull Legs + Accessories
19,Male,150,82.1,13.9,Very High,intermediate,Maintenance,4,Non-Vegetarian,1825,114,290,48,Push Pull Legs
32,Female,171,68.1,19.8,Moderate,beginner,Fat Loss,3,Vegan,1515,128,363,41,Upper Lower + Full Body
49,Female,187,75.0,13.2,High,advanced,Fat Loss,5,Vegan,1814,106,277,46,Upper Lower + Full Body
34,Male,190,96.9,19.9,Very High,beginner,Fat Loss,3,Non-Vegetarian,2411,151,624,40,Push Pull Legs + Accessories
42,Female,186,57.9,15.7,Light,beginner,Recomposition,5,Vegetarian,2333,169,178,56,Full Body
52,Female,192,63.8,24.0,Low,advanced,Maintenance,5,Vegan,2779,157,316,56,Full Body
48,Female,158,71.3,14.4,Very High,intermediate,Recomposition,6,Vegetarian,2948,164,292,81,Full Body
38,Male,173,50.2,29.7,Light,advanced,Fat Loss,4,Vegetarian,2017,91,228,58,Full Body
28,Female,169,74.1,28.4,Light,advanced,Maintenance,4,Vegan,1726,101,293,55,Upper Lower
23,Female,168,82.0,14.5,Low,beginner,Recomposition,6,Vegetarian,3020,146,160,52,Push Pull Legs + Accessories
18,Female,166,104.7,41.0,Low,advanced,Maintenance,6,Vegetarian,2079,98,608,71,Push Pull Legs
32,Male,189,49.9,35.3,Low,advanced,Fat Loss,4,Non-Vegetarian,1711,158,301,52,Upper Lower
47,Female,155,50.6,29.9,High,beginner,Muscle Gain,6,Vegetarian,4166,118,592,97,Push Pull Legs
43,Female,167,71.0,42.2,High,beginner,Recomposition,6,Vegetarian,2400,126,343,80,Push Pull Legs
54,Male,170,59.8,14.4,Moderate,intermediate,Muscle Gain,6,Non-Vegetarian,2600,209,348,49,Upper Lower
44,Male,157,45.8,42.7,Very High,intermediate,Maintenance,3,Non-Vegetarian,2313,107,324,47,Push Pull Legs + Accessories
35,Female,168,52.6,35.7,High,beginner,Recomposition,6,Vegan,2395,156,490,96,Push Pull Legs + Accessories
45,Male,194,58.5,17.3,Moderate,beginner,Muscle Gain,5,Non-Vegetarian,2284,160,455,78,Push Pull Legs
19,Female,155,99.3,26.3,Very High,advanced,Fat Loss,4,Non-Vegetarian,1674,95,292,71,Upper Lower + Full Body
46,Male,169,62.3,17.9,High,beginner,Fat Loss,5,Non-Vegetarian,2177,132,321,99,Push Pull Legs + Accessories
46,Female,186,94.5,8.4,Moderate,intermediate,Maintenance,4,Non-Vegetarian,3258,107,548,40,Full Body
29,Female,162,78.5,35.2,Moderate,beginner,Muscle Gain,3,Vegan,3388,129,632,78,Full Body
35,Female,161,50.9,34.9,Light,intermediate,Muscle Gain,3,Vegan,2902,161,199,68,Push Pull Legs + Accessories
37,Male,181,100.0,31.5,Low,intermediate,Fat Loss,6,Vegan,2370,123,402,62,Push Pull Legs + Accessories
43,Male,174,50.4,35.8,Moderate,intermediate,Maintenance,6,Non-Vegetarian,1969,139,359,86,Upper Lower + Full Body
41,Male,192,64.3,33.7,Very High,intermediate,Muscle Gain,3,Vegetarian,3854,160,290,49,Push Pull Legs
39,Female,152,90.3,32.0,Very High,intermediate,Muscle Gain,5,Vegetarian,3488,152,558,39,Full Body
32,Male,195,61.1,17.9,High,advanced,Fat Loss,4,Vegetarian,2111,151,570,62,Push Pull Legs
48,Female,194,96.4,41.5,Very High,beginner,Fat Loss,4,Non-Vegetarian,2140,150,407,45,Upper Lower + Full Body
50,Male,178,78.0,26.8,Moderate,beginner,Maintenance,3,Non-Vegetarian,2664,116,544,61,Full Body
50,Male,194,85.2,39.4,High,intermediate,Muscle Gain,5,Vegan,3321,208,142,73,Upper Lower + Full Body
26,Male,157,90.1,10.2,Very High,intermediate,Muscle Gain,6,Vegan,3813,103,536,85,Upper Lower
21,Male,154,71.1,14.0,Low,intermediate,Fat Loss,4,Vegan,2560,100,283,97,Push Pull Legs
44,Male,194,66.0,40.7,Light,beginner,Recomposition,3,Non-Vegetarian,3110,90,553,74,Upper Lower + Full Body
28,Female,175,83.2,13.8,Light,advanced,Fat Loss,3,Vegan,1786,131,429,37,Push Pull Legs
40,Female,186,84.7,23.5,Low,intermediate,Fat Loss,3,Vegan,1996,158,569,59,Push Pull Legs
34,Female,188,79.5,43.5,Moderate,beginner,Maintenance,4,Vegetarian,3128,108,197,94,Upper Lower + Full Body
44,Male,180,77.6,42.3,High,advanced,Recomposition,5,Vegan,2054,176,236,78,Upper Lower + Full Body
24,Male,174,87.3,17.3,Very High,advanced,Fat Loss,3,Non-Vegetarian,1303,115,579,40,Push Pull Legs
21,Female,188,108.5,23.3,Moderate,beginner,Recomposition,3,Vegetarian,1663,155,152,43,Push Pull Legs + Accessories
43,Male,159,79.4,30.2,High,advanced,Fat Loss,5,Non-Vegetarian,2378,131,150,37,Push Pull Legs + Accessories
51,Male,182,87.9,43.7,Very High,beginner,Recomposition,5,Vegetarian,1754,143,122,89,Upper Lower + Full Body
42,Male,157,56.1,25.5,High,beginner,Muscle Gain,3,Vegan,2546,207,137,65,Upper Lower + Full Body
47,Male,153,86.3,37.8,High,beginner,Maintenance,5,Non-Vegetarian,2147,131,510,58,Full Body
51,Female,193,98.4,25.9,Low,beginner,Fat Loss,3,Vegan,1904,174,266,73,Upper Lower
31,Female,176,83.8,29.7,Light,beginner,Recomposition,5,Vegetarian,1618,113,392,92,Push Pull Legs + Accessories
33,Male,189,69.5,36.2,Low,beginner,Maintenance,4,Non-Vegetarian,2351,107,435,40,Full Body
32,Female,194,94.7,17.5,Low,advanced,Recomposition,5,Non-Vegetarian,2991,92,368,86,Full Body
25,Male,172,101.8,29.1,High,beginner,Maintenance,5,Vegan,2519,142,275,60,Upper Lower
45,Male,152,69.8,37.9,Very High,advanced,Recomposition,5,Vegan,1750,106,501,74,Upper Lower + Full Body
29,Female,158,93.7,43.2,Light,advanced,Recomposition,4,Vegetarian,2441,162,251,36,Push Pull Legs + Accessories
43,Female,154,107.8,43.1,Very High,advanced,Recomposition,4,Vegetarian,2306,138,278,66,Upper Lower
53,Female,180,101.2,22.8,Very High,intermediate,Recomposition,6,Vegan,1983,137,564,36,Full Body
33,Male,166,79.1,9.8,Moderate,advanced,Fat Loss,3,Non-Vegetarian,1709,167,314,45,Upper Lower
43,Male,150,46.9,41.2,Moderate,intermediate,Muscle Gain,6,Non-Vegetarian,2601,207,188,74,Upper Lower
36,Male,186,49.6,19.1,Low,beginner,Recomposition,5,Vegetarian,2901,159,601,51,Push Pull Legs
38,Female,192,69.9,13.9,Light,intermediate,Muscle Gain,5,Vegan,2619,107,307,64,Full Body
19,Male,186,105.6,44.8,High,advanced,Muscle Gain,5,Vegan,3641,116,154,82,Push Pull Legs + Accessories
18,Male,155,75.8,21.5,Low,intermediate,Recomposition,6,Vegetarian,2677,145,461,96,Upper Lower
18,Female,169,61.1,42.8,High,intermediate,Muscle Gain,4,Non-Vegetarian,2923,109,318,96,Upper Lower + Full Body
43,Female,156,45.8,26.4,High,beginner,Fat Loss,3,Non-Vegetarian,2016,97,351,88,Push Pull Legs
20,Male,159,90.2,38.8,Very High,advanced,Muscle Gain,4,Vegan,3983,124,335,93,Push Pull Legs
37,Male,161,97.7,39.5,Moderate,intermediate,Recomposition,5,Vegan,2847,90,397,98,Push Pull Legs + Accessories
46,Male,184,72.0,12.8,Light,intermediate,Muscle Gain,3,Vegan,3926,152,449,44,Upper Lower + Full Body
48,Male,190,47.2,42.0,Very High,intermediate,Muscle Gain,6,Vegan,2978,184,290,79,Push Pull Legs
40,Female,174,57.5,17.5,Very High,beginner,Maintenance,3,Non-Vegetarian,2409,159,200,47,Full Body
34,Female,167,91.7,30.9,Moderate,beginner,Muscle Gain,6,Vegetarian,4014,205,604,35,Push Pull Legs
18,Female,187,61.0,38.7,Low,advanced,Maintenance,5,Non-Vegetarian,1940,159,402,37,Upper Lower
29,Male,155,97.3,8.9,Light,advanced,Recomposition,6,Vegetarian,3171,95,364,100,Full Body
35,Female,190,108.2,35.5,High,advanced,Muscle Gain,4,Non-Vegetarian,3317,120,466,46,Push Pull Legs + Accessories
45,Female,195,84.0,40.1,Light,intermediate,Recomposition,4,Vegetarian,1713,114,599,73,Full Body
50,Male,182,103.5,36.2,High,intermediate,Muscle Gain,6,Vegetarian,2688,105,240,46,Upper Lower + Full Body
32,Female,155,51.0,33.2,Light,intermediate,Recomposition,3,Vegetarian,2286,158,402,78,Upper Lower + Full Body
39,Male,160,97.0,16.9,Low,beginner,Recomposition,3,Non-Vegetarian,2531,177,282,53,Push Pull Legs
32,Female,188,103.8,33.1,High,intermediate,Maintenance,5,Vegan,2270,127,611,42,Upper Lower + Full Body
30,Male,155,73.8,10.4,High,advanced,Muscle Gain,5,Vegan,2998,173,398,88,Push Pull Legs + Accessories
44,Female,158,101.7,14.7,Moderate,advanced,Recomposition,3,Non-Vegetarian,2075,91,261,84,Push Pull Legs
19,Female,158,69.3,38.1,High,beginner,Fat Loss,6,Vegan,2121,96,458,41,Push Pull Legs + Accessories
20,Male,175,70.7,24.1,Low,intermediate,Muscle Gain,4,Vegan,4174,182,209,89,Full Body
52,Male,187,52.8,39.8,Very High,beginner,Muscle Gain,4,Vegetarian,2971,181,149,53,Full Body
19,Male,188,62.0,13.8,Light,intermediate,Maintenance,6,Vegan,2923,136,356,49,Upper Lower + Full Body
43,Male,152,48.2,34.5,High,beginner,Fat Loss,6,Non-Vegetarian,2309,127,449,67,Full Body
20,Male,170,63.6,28.6,Very High,intermediate,Maintenance,5,Vegetarian,2752,101,247,37,Upper Lower + Full Body
53,Male,188,70.3,31.3,Very High,beginner,Maintenance,5,Non-Vegetarian,2515,141,280,56,Upper Lower + Full Body
27,Female,157,77.1,26.3,Moderate,advanced,Recomposition,6,Vegetarian,2080,142,225,88,Upper Lower
52,Female,177,47.0,8.4,High,advanced,Fat Loss,6,Non-Vegetarian,1332,106,321,80,Push Pull Legs
50,Female,173,46.8,21.9,Light,advanced,Muscle Gain,3,Non-Vegetarian,2943,186,212,89,Push Pull Legs + Accessories
38,Male,177,48.5,27.5,Very High,beginner,Maintenance,4,Vegetarian,2223,128,196,61,Upper Lower
37,Female,178,81.9,10.1,High,intermediate,Maintenance,4,Vegetarian,3092,130,598,41,Full Body
25,Female,186,105.7,11.0,Very High,advanced,Recomposition,6,Vegan,2215,141,339,89,Full Body
25,Female,185,60.3,40.6,Very High,intermediate,Maintenance,6,Non-Vegetarian,2820,90,503,94,Push Pull Legs
33,Male,194,76.1,25.5,Low,advanced,Maintenance,4,Vegetarian,3350,102,310,55,Push Pull Legs
45,Female,181,60.7,15.0,Light,advanced,Recomposition,4,Vegan,1872,116,534,72,Full Body
29,Male,185,104.9,19.9,Light,intermediate,Recomposition,6,Vegan,2815,173,311,68,Upper Lower
48,Female,165,85.4,34.2,Light,advanced,Maintenance,4,Vegetarian,1979,120,306,37,Upper Lower + Full Body
34,Male,194,109.5,10.4,Very High,beginner,Fat Loss,4,Vegan,1871,127,261,62,Full Body
22,Female,188,83.4,13.5,Very High,beginner,Recomposition,5,Non-Vegetarian,1772,132,395,78,Upper Lower
21,Female,178,66.0,29.0,Very High,advanced,Muscle Gain,4,Vegan,2905,115,150,35,Push Pull Legs + Accessories
33,Female,163,88.8,14.8,High,advanced,Fat Loss,4,Non-Vegetarian,2220,149,598,62,Upper Lower
44,Male,182,90.5,9.2,High,intermediate,Maintenance,6,Vegetarian,3343,146,123,61,Upper Lower + Full Body
21,Female,165,69.6,9.3,Very High,intermediate,Fat Loss,5,Vegetarian,2590,126,206,39,Push Pull Legs + Accessories
21,Female,158,103.4,18.0,High,intermediate,Maintenance,4,Non-Vegetarian,2628,143,261,82,Upper Lower + Full Body
45,Male,160,45.9,9.5,High,beginner,Maintenance,6,Non-Vegetarian,2543,99,409,92,Full Body
49,Female,191,83.1,11.9,Light,advanced,Recomposition,5,Vegan,1758,122,638,89,Push Pull Legs
38,Female,150,101.3,30.1,Light,beginner,Recomposition,6,Non-Vegetarian,2043,106,254,63,Upper Lower + Full Body
42,Female,156,53.5,13.8,Very High,advanced,Muscle Gain,3,Non-Vegetarian,3180,171,467,64,Full Body
18,Male,194,49.8,33.3,High,advanced,Fat Loss,4,Vegetarian,2511,157,431,98,Full Body
28,Male,171,70.8,25.1,Very High,advanced,Recomposition,3,Vegan,3185,154,264,51,Upper Lower
51,Female,191,80.5,25.9,Moderate,advanced,Maintenance,3,Non-Vegetarian,2769,96,513,44,Upper Lower
54,Female,191,69.1,19.3,Very High,advanced,Maintenance,6,Vegetarian,3242,131,647,89,Push Pull Legs + Accessories
54,Female,174,57.5,33.1,Light,beginner,Recomposition,4,Vegetarian,2408,105,171,42,Upper Lower + Full Body
44,Male,155,70.0,12.9,Low,intermediate,Maintenance,5,Non-Vegetarian,3200,147,638,87,Full Body
49,Female,192,105.2,43.0,Moderate,intermediate,Maintenance,6,Non-Vegetarian,1904,112,380,95,Push Pull Legs + Accessories
18,Female,150,48.4,27.4,Moderate,advanced,Recomposition,4,Non-Vegetarian,2999,97,485,44,Push Pull Legs + Accessories
40,Female,166,66.1,13.7,Moderate,intermediate,Maintenance,3,Vegan,2905,168,603,72,Push Pull Legs
30,Male,162,79.4,41.7,High,beginner,Fat Loss,5,Non-Vegetarian,1385,98,583,37,Upper Lower
30,Female,152,102.3,19.0,Moderate,beginner,Fat Loss,6,Vegetarian,1655,95,460,41,Upper Lower + Full Body
19,Male,188,95.5,18.3,Low,beginner,Maintenance,3,Vegan,3277,145,187,95,Upper Lower + Full Body
54,Female,181,53.8,18.1,Light,advanced,Maintenance,3,Vegetarian,2442,139,396,36,Full Body
20,Female,179,58.3,35.9,High,advanced,Recomposition,5,Vegan,1629,163,449,98,Upper Lower
19,Female,171,83.0,31.2,Very High,beginner,Fat Loss,6,Vegetarian,1645,168,376,69,Upper Lower
32,Male,155,68.0,27.6,Light,intermediate,Maintenance,3,Non-Vegetarian,2091,129,277,40,Upper Lower
54,Male,178,88.2,25.4,Very High,intermediate,Recomposition,5,Vegan,2348,104,436,43,Upper Lower + Full Body
35,Female,193,79.0,13.9,Low,advanced,Fat Loss,5,Vegan,2364,140,646,70,Push Pull Legs
28,Female,165,87.0,16.1,High,beginner,Maintenance,6,Vegan,2975,125,289,93,Push Pull Legs + Accessories
36,Female,183,58.6,39.4,High,beginner,Muscle Gain,6,Non-Vegetarian,2744,207,338,46,Full Body
51,Male,155,75.5,26.5,Moderate,beginner,Recomposition,5,Non-Vegetarian,2753,129,544,37,Push Pull Legs + Accessories
33,Male,158,74.9,13.3,High,beginner,Recomposition,3,Vegetarian,1950,119,602,42,Push Pull Legs
38,Female,167,101.7,34.4,High,beginner,Maintenance,6,Non-Vegetarian,2889,131,385,44,Push Pull Legs + Accessories
49,Female,170,65.4,30.0,Low,advanced,Muscle Gain,6,Vegan,2860,159,646,43,Full Body
38,Male,181,84.2,28.6,Moderate,intermediate,Recomposition,4,Non-Vegetarian,2726,116,637,68,Upper Lower + Full Body
44,Female,163,79.1,39.9,Low,advanced,Recomposition,6,Vegetarian,1909,120,528,48,Upper Lower
19,Male,190,100.2,35.3,Very High,advanced,Muscle Gain,4,Vegan,4142,182,516,47,Upper Lower + Full Body
19,Male,191,98.8,8.3,High,intermediate,Muscle Gain,3,Vegetarian,3862,175,255,63,Push Pull Legs + Accessories
55,Male,185,54.4,28.5,Light,beginner,Maintenance,6,Vegan,2322,167,585,40,Upper Lower
20,Female,176,76.9,25.0,Very High,intermediate,Fat Loss,4,Non-Vegetarian,2025,178,576,36,Push Pull Legs + Accessories
33,Female,156,94.8,39.1,Light,beginner,Maintenance,5,Non-Vegetarian,2994,95,445,91,Push Pull Legs
26,Female,191,51.1,25.7,Very High,advanced,Fat Loss,5,Vegan,1873,123,165,74,Full Body
24,Male,154,65.2,19.4,High,beginner,Muscle Gain,4,Vegetarian,3321,208,170,60,Push Pull Legs + Accessories
25,Female,170,85.8,22.6,Very High,advanced,Muscle Gain,3,Vegan,3793,157,577,41,Upper Lower
37,Male,190,62.4,23.8,Moderate,intermediate,Recomposition,6,Vegan,2200,93,357,89,Push Pull Legs + Accessories
19,Female,154,73.1,42.7,Very High,intermediate,Recomposition,4,Non-Vegetarian,2636,174,333,50,Full Body
41,Female,178,90.9,13.9,Light,advanced,Recomposition,4,Vegetarian,2642,140,333,39,Upper Lower
39,Male,185,68.9,34.1,Moderate,advanced,Fat Loss,4,Vegetarian,1658,128,212,83,Full Body
53,Male,172,85.7,17.4,Light,advanced,Recomposition,6,Vegetarian,2555,116,427,72,Push Pull Legs + Accessories
34,Female,174,56.5,12.5,Very High,intermediate,Maintenance,3,Vegan,2697,124,237,89,Push Pull Legs
18,Female,171,45.9,14.0,Light,beginner,Muscle Gain,6,Vegan,2294,182,413,47,Upper Lower
35,Female,192,76.2,33.9,Low,advanced,Maintenance,4,Vegan,2697,147,414,38,Upper Lower
52,Male,175,63.8,31.6,Light,beginner,Muscle Gain,4,Non-Vegetarian,3424,195,150,84,Upper Lower
53,Male,162,72.0,24.7,Low,advanced,Recomposition,6,Non-Vegetarian,2491,99,121,52,Full Body
33,Female,167,56.3,43.2,Low,beginner,Fat Loss,4,Vegan,1750,124,160,44,Upper Lower
45,Female,185,59.3,23.6,Moderate,advanced,Muscle Gain,3,Non-Vegetarian,3852,178,193,76,Upper Lower
35,Female,175,52.8,18.9,Very High,beginner,Fat Loss,4,Non-Vegetarian,1428,148,431,85,Full Body
37,Female,158,101.5,21.9,Low,beginner,Recomposition,4,Non-Vegetarian,3139,106,508,62,Push Pull Legs
42,Female,189,86.2,21.2,Light,advanced,Fat Loss,6,Vegan,2198,138,389,46,Full Body
19,Male,163,105.3,43.8,Very High,intermediate,Muscle Gain,4,Vegan,3370,143,185,61,Full Body
34,Female,185,71.0,13.2,Very High,advanced,Fat Loss,3,Non-Vegetarian,2260,120,359,43,Full Body
35,Female,174,92.5,33.7,Moderate,advanced,Recomposition,5,Vegan,2005,109,486,46,Push Pull Legs
55,Female,179,79.2,25.3,Moderate,beginner,Muscle Gain,4,Vegan,2033,137,134,76,Full Body
46,Male,181,87.3,23.7,Very High,beginner,Muscle Gain,5,Vegan,2211,107,222,96,Upper Lower
37,Male,163,82.8,20.0,Low,intermediate,Fat Loss,6,Non-Vegetarian,2395,142,294,48,Push Pull Legs
53,Female,154,80.7,11.6,Very High,advanced,Recomposition,5,Non-Vegetarian,2216,106,458,93,Push Pull Legs
53,Female,191,99.5,13.3,High,advanced,Fat Loss,4,Vegan,1447,137,389,57,Upper Lower
43,Male,152,48.4,15.2,Light,advanced,Recomposition,5,Vegan,3015,132,139,76,Upper Lower
36,Male,156,51.2,37.2,Low,intermediate,Recomposition,6,Vegetarian,1811,130,197,67,Full Body
19,Male,156,108.9,22.9,Light,beginner,Fat Loss,4,Vegetarian,1579,125,158,39,Full Body
55,Male,158,57.0,14.5,Moderate,intermediate,Fat Loss,3,Vegetarian,2557,95,197,49,Upper Lower
52,Female,169,58.6,29.3,Light,beginner,Fat Loss,5,Vegetarian,2358,138,239,62,Upper Lower
34,Male,171,99.1,23.2,Moderate,intermediate,Fat Loss,4,Non-Vegetarian,1680,154,529,73,Full Body
45,Female,150,56.3,29.6,High,intermediate,Fat Loss,5,Vegetarian,1411,164,485,66,Push Pull Legs + Accessories
48,Female,190,103.8,38.4,Moderate,advanced,Maintenance,4,Vegan,2666,119,484,86,Push Pull Legs
29,Female,174,108.8,23.0,Moderate,advanced,Muscle Gain,5,Non-Vegetarian,3597,120,498,66,Upper Lower + Full Body
44,Male,176,64.5,17.9,Moderate,beginner,Fat Loss,6,Vegan,2059,110,415,91,Full Body
45,Female,170,88.4,20.5,Very High,advanced,Recomposition,4,Vegan,3168,163,467,66,Upper Lower
30,Female,195,94.1,22.4,Very High,beginner,Maintenance,3,Non-Vegetarian,2672,100,280,93,Push Pull Legs + Accessories
53,Male,164,66.1,15.9,Moderate,intermediate,Maintenance,6,Vegetarian,3069,163,146,87,Push Pull Legs
52,Female,159,64.2,25.4,Light,advanced,Muscle Gain,6,Vegetarian,3451,210,349,99,Push Pull Legs
43,Male,182,87.6,33.7,Low,beginner,Fat Loss,3,Non-Vegetarian,1726,150,253,83,Push Pull Legs
28,Female,150,106.3,18.1,Very High,intermediate,Recomposition,3,Vegan,1886,139,401,61,Push Pull Legs
25,Male,168,70.9,15.3,Moderate,intermediate,Recomposition,4,Non-Vegetarian,2915,125,267,56,Push Pull Legs + Accessories
40,Female,175,58.3,38.2,Very High,beginner,Recomposition,4,Vegan,2798,165,427,36,Upper Lower
54,Female,166,77.9,32.6,Low,beginner,Recomposition,6,Vegan,2198,162,591,46,Upper Lower + Full Body
46,Female,193,46.7,33.2,Very High,beginner,Fat Loss,5,Vegetarian,2528,104,153,48,Push Pull Legs + Accessories
28,Male,172,96.0,29.1,Low,intermediate,Fat Loss,5,Vegan,2498,94,203,59,Upper Lower
35,Male,167,59.0,42.0,High,intermediate,Fat Loss,5,Vegan,1505,126,166,68,Push Pull Legs
22,Male,177,77.1,16.0,Low,intermediate,Muscle Gain,3,Non-Vegetarian,2042,136,205,38,Push Pull Legs
28,Female,152,54.8,28.8,High,intermediate,Muscle Gain,6,Vegan,2135,195,194,40,Upper Lower
27,Female,157,107.1,36.5,Moderate,advanced,Maintenance,5,Vegan,2234,109,181,61,Full Body
22,Male,177,49.0,25.7,Low,intermediate,Muscle Gain,4,Vegan,3565,107,201,76,Push Pull Legs + Accessories
23,Male,181,52.5,40.4,Low,advanced,Maintenance,3,Vegetarian,2321,149,124,55,Upper Lower + Full Body
36,Male,155,52.8,39.1,High,advanced,Maintenance,5,Vegetarian,2692,99,338,90,Push Pull Legs + Accessories
49,Female,174,64.1,23.9,Very High,beginner,Fat Loss,3,Vegetarian,2322,128,233,83,Push Pull Legs
28,Female,165,86.7,12.4,Moderate,beginner,Muscle Gain,4,Vegetarian,3374,127,459,41,Push Pull Legs + Accessories
29,Female,174,49.3,28.3,Moderate,intermediate,Fat Loss,5,Vegetarian,2317,129,196,35,Upper Lower
36,Female,181,91.8,10.4,High,advanced,Maintenance,5,Non-Vegetarian,2499,167,409,99,Upper Lower + Full Body
21,Male,151,69.0,29.9,Moderate,intermediate,Recomposition,5,Vegan,2423,116,494,81,Upper Lower + Full Body
27,Female,161,74.1,34.8,High,beginner,Recomposition,6,Vegetarian,3157,173,490,86,Full Body
34,Male,174,101.8,25.6,Low,beginner,Maintenance,5,Vegetarian,2155,90,507,100,Push Pull Legs + Accessories
34,Male,152,96.2,26.9,Low,beginner,Muscle Gain,6,Non-Vegetarian,2241,186,398,47,Push Pull Legs + Accessories
52,Male,159,45.5,23.1,Light,advanced,Muscle Gain,3,Non-Vegetarian,2660,117,354,53,Upper Lower + Full Body
29,Male,161,81.1,18.5,Very High,intermediate,Recomposition,5,Vegetarian,2677,114,486,73,Push Pull Legs
35,Male,155,47.5,35.8,Moderate,intermediate,Muscle Gain,4,Non-Vegetarian,2416,190,238,66,Full Body
38,Male,162,65.7,36.9,High,beginner,Fat Loss,4,Vegetarian,2194,127,240,81,Push Pull Legs + Accessories
47,Male,183,60.6,12.7,Very High,beginner,Muscle Gain,3,Non-Vegetarian,2419,179,414,77,Upper Lower
22,Female,189,66.6,36.1,Very High,beginner,Maintenance,5,Non-Vegetarian,2838,142,585,71,Upper Lower
29,Male,155,86.7,32.9,Very High,beginner,Muscle Gain,6,Vegetarian,3410,163,145,64,Push Pull Legs + Accessories
27,Male,156,59.4,32.4,High,intermediate,Fat Loss,6,Vegan,2479,91,446,77,Upper Lower + Full Body
40,Female,181,96.0,29.9,Moderate,advanced,Muscle Gain,5,Vegetarian,2002,206,549,90,Upper Lower + Full Body
37,Male,172,103.1,27.2,Very High,intermediate,Muscle Gain,6,Vegetarian,2198,149,459,88,Push Pull Legs + Accessories
32,Male,178,94.1,21.7,Low,beginner,Recomposition,5,Vegetarian,2509,143,215,63,Push Pull Legs + Accessories
37,Male,187,103.4,10.2,Moderate,beginner,Muscle Gain,5,Vegetarian,3961,192,528,55,Upper Lower + Full Body
36,Female,167,64.6,36.6,High,beginner,Maintenance,3,Vegan,2277,113,366,53,Full Body
31,Male,169,78.3,36.4,Moderate,beginner,Recomposition,4,Non-Vegetarian,1826,132,470,66,Push Pull Legs + Accessories
38,Male,184,67.0,25.0,Very High,beginner,Recomposition,4,Non-Vegetarian,2753,138,135,55,Full Body
41,Male,178,49.0,44.9,Light,beginner,Fat Loss,5,Vegan,2528,127,487,58,Upper Lower
38,Male,190,80.0,38.0,Very High,intermediate,Fat Loss,3,Non-Vegetarian,1341,107,565,85,Upper Lower
46,Male,160,51.4,18.9,Light,advanced,Fat Loss,4,Vegetarian,1918,101,537,94,Upper Lower + Full Body
25,Male,172,89.5,29.8,High,intermediate,Fat Loss,6,Vegetarian,2111,118,249,80,Push Pull Legs
25,Male,164,83.1,26.5,Moderate,advanced,Maintenance,3,Vegetarian,2009,95,548,47,Upper Lower + Full Body
24,Male,186,60.6,17.0,Moderate,advanced,Fat Loss,6,Vegan,2297,100,183,35,Push Pull Legs
29,Male,195,82.8,20.6,Low,intermediate,Fat Loss,4,Non-Vegetarian,2071,176,407,98,Push Pull Legs
40,Female,188,65.1,34.9,Very High,advanced,Fat Loss,4,Vegetarian,1885,134,342,52,Upper Lower
42,Male,191,85.8,25.2,Very High,beginner,Maintenance,5,Non-Vegetarian,2293,146,414,66,Push Pull Legs + Accessories
25,Male,189,64.2,36.0,Light,advanced,Muscle Gain,3,Vegan,3848,163,558,88,Push Pull Legs + Accessories
21,Female,172,56.5,25.4,High,beginner,Fat Loss,3,Vegan,1627,160,208,76,Push Pull Legs + Accessories
44,Male,192,49.8,34.7,Low,beginner,Fat Loss,4,Vegetarian,1533,140,609,91,Push Pull Legs
48,Female,190,72.8,20.4,Light,beginner,Fat Loss,6,Vegetarian,2404,135,279,44,Upper Lower
51,Female,168,87.1,21.6,Light,intermediate,Muscle Gain,3,Non-Vegetarian,2623,177,439,59,Push Pull Legs
19,Male,165,74.5,20.5,Light,advanced,Fat Loss,4,Vegan,1449,116,266,68,Push Pull Legs + Accessories
50,Female,174,69.7,15.7,High,advanced,Maintenance,3,Non-Vegetarian,3049,160,326,98,Push Pull Legs + Accessories
54,Female,154,102.4,20.6,Light,advanced,Fat Loss,3,Vegetarian,1501,125,151,84,Full Body
45,Male,175,64.0,24.0,Light,intermediate,Muscle Gain,4,Non-Vegetarian,2749,135,443,79,Upper Lower
49,Male,173,88.7,19.6,High,advanced,Recomposition,6,Non-Vegetarian,2683,146,643,72,Upper Lower + Full Body
28,Female,160,63.1,37.7,Moderate,advanced,Maintenance,3,Vegetarian,2328,142,261,75,Push Pull Legs
55,Female,158,108.1,23.5,High,advanced,Maintenance,3,Vegetarian,3376,96,551,51,Push Pull Legs + Accessories
49,Female,161,83.8,16.6,Moderate,advanced,Muscle Gain,6,Vegan,2882,132,395,52,Push Pull Legs
54,Male,157,64.6,40.1,Moderate,beginner,Fat Loss,4,Vegetarian,1899,153,592,35,Full Body
49,Female,186,75.1,40.5,Moderate,beginner,Maintenance,3,Non-Vegetarian,1749,116,355,52,Push Pull Legs
46,Female,185,89.2,43.0,Light,beginner,Fat Loss,6,Vegan,1619,178,177,69,Full Body
43,Male,181,71.0,35.0,Low,intermediate,Fat Loss,6,Vegan,1749,175,263,89,Upper Lower
25,Male,154,109.2,40.7,Light,beginner,Muscle Gain,5,Vegan,3099,116,517,67,Upper Lower + Full Body
31,Male,163,72.5,24.7,Very High,intermediate,Muscle Gain,4,Vegan,3660,163,207,61,Push Pull Legs + Accessories
39,Male,190,89.0,30.4,Moderate,intermediate,Fat Loss,3,Vegan,2058,143,406,41,Push Pull Legs
27,Male,166,85.4,36.3,Low,advanced,Fat Loss,5,Vegetarian,1301,99,230,77,Full Body
25,Female,180,67.4,41.3,Low,advanced,Muscle Gain,4,Vegan,4087,173,156,71,Full Body
21,Male,168,49.0,17.0,Moderate,intermediate,Recomposition,5,Vegetarian,3007,117,458,59,Upper Lower + Full Body
35,Male,182,87.0,25.7,High,intermediate,Maintenance,3,Vegetarian,1786,169,132,48,Push Pull Legs + Accessories
42,Female,168,74.1,26.0,High,advanced,Maintenance,3,Vegetarian,2945,94,278,94,Push Pull Legs
51,Female,194,81.3,34.0,High,advanced,Muscle Gain,6,Vegetarian,2437,146,648,84,Push Pull Legs + Accessories
25,Female,155,82.0,25.4,High,intermediate,Maintenance,4,Vegan,2107,110,543,43,Push Pull Legs + Accessories
38,Male,151,66.6,44.2,Light,intermediate,Fat Loss,5,Non-Vegetarian,2404,98,476,89,Full Body
27,Female,184,69.0,21.5,Light,beginner,Fat Loss,5,Vegetarian,2094,141,265,47,Push Pull Legs + Accessories
39,Female,185,47.8,33.2,Very High,intermediate,Recomposition,6,Vegan,2593,167,333,35,Upper Lower
27,Male,182,67.2,13.8,High,beginner,Recomposition,6,Non-Vegetarian,2813,161,347,67,Full Body
41,Male,195,49.0,19.8,Very High,intermediate,Maintenance,6,Vegetarian,2188,90,598,59,Push Pull Legs
26,Female,150,86.5,36.3,Light,advanced,Fat Loss,6,Non-Vegetarian,2260,148,238,50,Upper Lower + Full Body
26,Female,170,53.3,35.1,Very High,intermediate,Fat Loss,3,Vegan,1425,91,573,45,Upper Lower
21,Male,159,91.6,18.3,Light,intermediate,Maintenance,6,Vegetarian,3088,96,477,96,Push Pull Legs + Accessories
24,Female,189,99.2,37.0,High,beginner,Recomposition,3,Non-Vegetarian,2347,180,564,79,Push Pull Legs + Accessories
47,Female,176,64.2,30.5,High,advanced,Fat Loss,4,Non-Vegetarian,1844,92,137,81,Upper Lower
36,Male,158,109.1,22.1,Moderate,beginner,Recomposition,4,Vegan,1973,106,210,44,Full Body
18,Male,179,46.4,33.7,High,advanced,Fat Loss,6,Vegetarian,1533,132,624,49,Push Pull Legs
20,Female,194,51.3,10.6,Light,intermediate,Muscle Gain,3,Vegan,2133,117,530,79,Upper Lower + Full Body
34,Male,179,104.1,30.1,Very High,beginner,Fat Loss,5,Non-Vegetarian,2339,154,331,80,Push Pull Legs + Accessories
29,Male,156,63.4,22.9,Very High,beginner,Maintenance,6,Vegetarian,3155,154,543,84,Full Body
27,Male,151,102.0,11.4,High,advanced,Fat Loss,6,Non-Vegetarian,2047,108,650,53,Full Body
52,Female,171,62.2,40.9,Light,advanced,Recomposition,4,Non-Vegetarian,1605,95,155,53,Push Pull Legs
21,Female,155,64.8,35.6,Low,intermediate,Muscle Gain,3,Vegan,3384,135,333,53,Push Pull Legs + Accessories
43,Male,191,58.2,10.1,Light,beginner,Maintenance,6,Vegan,2144,138,325,36,Push Pull Legs
21,Male,152,83.3,27.5,Very High,advanced,Fat Loss,3,Vegan,2208,156,236,35,Full Body
29,Male,183,86.8,43.1,Moderate,advanced,Maintenance,3,Non-Vegetarian,2813,166,304,41,Upper Lower + Full Body
21,Male,166,90.9,31.4,High,intermediate,Muscle Gain,4,Non-Vegetarian,3613,121,145,100,Push Pull Legs
26,Male,193,86.3,27.2,Moderate,advanced,Maintenance,6,Vegan,2225,148,123,79,Upper Lower
23,Male,152,108.7,33.2,Light,advanced,Fat Loss,3,Vegan,2186,153,327,92,Upper Lower + Full Body
26,Female,156,81.3,44.5,Moderate,beginner,Recomposition,4,Non-Vegetarian,2435,135,149,48,Push Pull Legs + Accessories
45,Female,180,89.9,11.6,High,intermediate,Recomposition,4,Vegan,2687,159,341,87,Upper Lower
52,Female,183,103.9,32.7,Low,beginner,Recomposition,4,Non-Vegetarian,2422,112,282,58,Push Pull Legs + Accessories
45,Female,178,78.5,33.6,Low,advanced,Fat Loss,6,Vegan,2113,100,524,76,Upper Lower
53,Male,191,84.1,41.0,Very High,advanced,Muscle Gain,6,Non-Vegetarian,2990,203,445,48,Upper Lower
39,Female,189,76.0,25.2,High,intermediate,Recomposition,6,Non-Vegetarian,1651,160,312,82,Upper Lower + Full Body
38,Male,151,105.1,42.0,Moderate,beginner,Recomposition,3,Non-Vegetarian,2275,151,312,43,Upper Lower
43,Female,172,97.1,27.8,High,beginner,Muscle Gain,5,Vegan,3755,105,177,81,Push Pull Legs
29,Male,166,62.5,34.0,Light,advanced,Recomposition,6,Non-Vegetarian,2909,149,170,64,Push Pull Legs
55,Male,162,46.2,11.8,Light,intermediate,Muscle Gain,3,Vegan,4077,150,156,98,Full Body
54,Male,151,71.1,31.8,Moderate,beginner,Fat Loss,4,Vegetarian,1687,142,335,50,Upper Lower + Full Body
42,Male,160,102.6,8.5,High,advanced,Fat Loss,3,Vegetarian,1835,112,514,89,Upper Lower
54,Female,178,68.6,25.4,Moderate,beginner,Maintenance,6,Vegan,1888,125,432,85,Upper Lower + Full Body
44,Female,193,95.5,26.4,Low,advanced,Recomposition,6,Vegetarian,2341,172,431,67,Full Body
34,Male,171,92.1,18.4,High,advanced,Recomposition,5,Vegan,2006,175,394,99,Upper Lower
53,Female,164,88.0,42.3,Very High,intermediate,Fat Loss,6,Non-Vegetarian,1742,145,521,73,Upper Lower + Full Body
33,Female,159,46.9,32.5,High,intermediate,Maintenance,6,Vegetarian,2740,167,417,66,Upper Lower
53,Female,163,87.7,32.0,Moderate,beginner,Recomposition,5,Vegan,1664,135,144,74,Full Body
41,Male,152,83.7,27.7,High,intermediate,Fat Loss,3,Vegetarian,2237,115,407,57,Upper Lower + Full Body
54,Male,152,90.3,24.5,High,beginner,Maintenance,5,Vegan,3314,134,124,65,Upper Lower + Full Body
22,Male,176,54.0,28.7,Moderate,beginner,Maintenance,3,Vegan,1971,90,427,78,Push Pull Legs
53,Male,156,65.3,20.7,Low,beginner,Recomposition,5,Vegan,3006,176,358,63,Push Pull Legs + Accessories
30,Female,155,96.8,34.8,Low,beginner,Fat Loss,4,Vegan,2022,163,149,70,Upper Lower
40,Female,161,102.5,38.2,Light,advanced,Recomposition,6,Vegetarian,2967,134,233,41,Upper Lower + Full Body
49,Female,164,79.4,28.5,Moderate,intermediate,Maintenance,5,Vegetarian,2231,170,561,40,Upper Lower + Full Body
55,Male,164,66.1,10.9,Moderate,intermediate,Maintenance,5,Vegan,2150,148,152,88,Upper Lower
29,Female,184,99.9,23.4,Light,beginner,Recomposition,5,Non-Vegetarian,1795,107,208,75,Push Pull Legs + Accessories
45,Female,160,94.5,17.5,Low,beginner,Recomposition,3,Vegan,2127,157,241,100,Push Pull Legs + Accessories
28,Female,150,83.3,42.5,High,advanced,Fat Loss,3,Vegan,2183,120,140,65,Upper Lower + Full Body
22,Female,177,93.4,42.8,Moderate,intermediate,Muscle Gain,5,Vegan,2585,205,248,88,Push Pull Legs + Accessories
24,Male,161,106.9,16.0,Light,advanced,Muscle Gain,5,Vegan,3409,208,212,72,Upper Lower
27,Male,173,84.5,17.0,Moderate,intermediate,Muscle Gain,4,Vegan,2719,200,363,48,Upper Lower
26,Female,180,68.5,21.7,High,intermediate,Fat Loss,3,Vegetarian,1978,127,144,71,Full Body
23,Male,183,100.3,15.5,Moderate,beginner,Recomposition,5,Vegetarian,1773,94,280,96,Push Pull Legs + Accessories
24,Male,170,46.0,13.4,Very High,beginner,Recomposition,4,Non-Vegetarian,2295,98,582,62,Upper Lower
45,Male,159,89.5,11.1,Low,advanced,Recomposition,4,Vegan,1918,110,220,66,Push Pull Legs + Accessories
38,Male,178,59.2,25.0,High,beginner,Muscle Gain,5,Vegetarian,4104,187,582,97,Push Pull Legs
36,Female,172,100.3,35.4,Low,intermediate,Fat Loss,3,Non-Vegetarian,1861,130,172,36,Upper Lower
26,Male,191,69.5,37.9,Light,advanced,Recomposition,3,Vegetarian,3125,129,474,42,Upper Lower
50,Female,175,74.4,22.7,Light,advanced,Muscle Gain,5,Vegetarian,2842,134,537,93,Full Body
22,Female,184,91.2,13.4,High,advanced,Muscle Gain,3,Vegetarian,2997,206,255,92,Upper Lower
21,Male,170,51.5,17.0,High,beginner,Muscle Gain,5,Vegetarian,2609,100,220,65,Upper Lower + Full Body
41,Male,165,56.3,36.5,Light,advanced,Muscle Gain,6,Vegan,2497,192,540,63,Push Pull Legs + Accessories
33,Male,184,81.7,32.7,Low,advanced,Recomposition,4,Vegan,2379,166,132,94,Upper Lower + Full Body
49,Female,177,76.3,9.7,Low,intermediate,Fat Loss,3,Non-Vegetarian,1504,96,605,36,Push Pull Legs + Accessories
45,Male,165,62.5,21.5,Low,advanced,Maintenance,3,Vegetarian,2143,148,126,82,Push Pull Legs
55,Male,155,85.4,37.5,Moderate,intermediate,Maintenance,5,Non-Vegetarian,2940,150,265,85,Full Body
42,Female,157,84.0,24.8,High,beginner,Fat Loss,6,Non-Vegetarian,1538,178,633,99,Push Pull Legs + Accessories
45,Male,165,83.0,22.8,Light,advanced,Recomposition,6,Non-Vegetarian,2713,118,145,82,Full Body
31,Female,179,51.4,28.1,Very High,intermediate,Maintenance,3,Vegetarian,3193,107,342,71,Push Pull Legs + Accessories
37,Male,169,96.2,40.8,Light,intermediate,Recomposition,4,Vegan,2047,90,423,49,Push Pull Legs
44,Female,156,89.5,14.4,Low,intermediate,Fat Loss,5,Vegan,1764,104,526,88,Upper Lower
34,Female,180,46.8,17.3,Moderate,intermediate,Recomposition,6,Vegetarian,2043,138,356,35,Push Pull Legs
52,Female,164,76.6,30.3,Light,intermediate,Fat Loss,3,Non-Vegetarian,2480,113,268,49,Upper Lower
21,Female,174,66.4,16.3,Low,beginner,Maintenance,3,Non-Vegetarian,3221,108,216,45,Upper Lower + Full Body
28,Female,158,78.4,18.4,Low,advanced,Fat Loss,3,Vegetarian,2398,104,577,86,Push Pull Legs
39,Female,193,74.1,30.7,Very High,advanced,Maintenance,6,Non-Vegetarian,2891,168,579,42,Full Body
26,Male,156,76.9,12.1,Very High,intermediate,Maintenance,6,Non-Vegetarian,2758,102,224,36,Push Pull Legs + Accessories
49,Male,163,86.1,33.3,Moderate,intermediate,Fat Loss,3,Non-Vegetarian,1709,102,292,94,Full Body
46,Female,161,93.4,35.9,Low,intermediate,Maintenance,6,Vegetarian,2699,161,639,44,Push Pull Legs
51,Male,194,91.2,32.0,Very High,beginner,Recomposition,4,Vegan,1696,104,332,36,Push Pull Legs + Accessories
45,Male,181,67.6,37.4,Light,beginner,Recomposition,4,Vegan,1998,143,243,65,Push Pull Legs
51,Female,171,62.4,9.4,Low,intermediate,Muscle Gain,4,Non-Vegetarian,2669,176,485,72,Full Body
50,Female,164,67.2,23.6,Light,advanced,Muscle Gain,4,Non-Vegetarian,3140,193,343,54,Upper Lower
39,Female,156,73.5,18.1,Very High,advanced,Fat Loss,5,Vegan,1436,170,380,98,Push Pull Legs + Accessories
24,Male,195,109.4,34.1,High,beginner,Muscle Gain,6,Vegetarian,3069,145,384,47,Upper Lower
38,Female,164,51.1,22.4,Low,advanced,Fat Loss,3,Non-Vegetarian,2524,141,465,40,Upper Lower + Full Body
37,Female,173,102.3,29.4,High,beginner,Maintenance,3,Vegan,3234,168,300,48,Push Pull Legs + Accessories
30,Female,171,87.3,36.1,Low,intermediate,Recomposition,3,Vegetarian,2022,117,601,59,Push Pull Legs + Accessories
19,Female,180,90.0,12.5,Light,advanced,Maintenance,3,Vegan,2069,129,255,56,Upper Lower
24,Female,194,85.1,40.5,Light,beginner,Recomposition,4,Vegetarian,3102,120,564,75,Full Body
24,Male,184,51.5,37.3,Moderate,intermediate,Fat Loss,5,Vegan,1854,109,151,55,Full Body
41,Male,150,90.4,19.4,High,intermediate,Muscle Gain,3,Vegan,4108,154,186,78,Push Pull Legs + Accessories
18,Female,189,97.2,18.5,Moderate,intermediate,Maintenance,4,Vegan,2804,169,186,59,Push Pull Legs + Accessories
38,Male,169,99.0,13.0,Moderate,beginner,Muscle Gain,4,Non-Vegetarian,2311,185,192,38,Upper Lower
42,Female,170,85.1,14.7,Very High,advanced,Fat Loss,3,Vegan,1657,120,611,83,Push Pull Legs + Accessories
55,Female,192,105.9,23.7,Light,beginner,Maintenance,4,Vegetarian,2800,139,215,67,Push Pull Legs
52,Male,162,84.6,8.6,Very High,beginner,Maintenance,4,Non-Vegetarian,3038,170,272,72,Push Pull Legs
45,Female,193,56.5,35.6,Moderate,intermediate,Fat Loss,4,Non-Vegetarian,2359,158,355,65,Full Body
48,Male,173,51.7,43.4,Very High,intermediate,Recomposition,5,Vegan,1676,154,565,81,Full Body
36,Male,165,92.3,14.5,Very High,beginner,Maintenance,5,Vegetarian,2621,124,329,78,Push Pull Legs
28,Female,185,86.2,42.6,Very High,intermediate,Maintenance,6,Vegan,1716,121,557,89,Full Body
31,Female,170,84.1,39.1,High,intermediate,Maintenance,3,Non-Vegetarian,2637,105,326,35,Push Pull Legs
35,Female,158,80.8,43.1,Light,intermediate,Maintenance,6,Vegan,2472,156,564,90,Push Pull Legs + Accessories
47,Female,151,71.6,11.9,Low,intermediate,Muscle Gain,3,Non-Vegetarian,3803,110,202,38,Upper Lower
46,Female,156,66.9,25.8,Moderate,intermediate,Recomposition,5,Vegetarian,2936,133,198,99,Push Pull Legs + Accessories
24,Male,174,76.9,18.8,Very High,advanced,Fat Loss,4,Non-Vegetarian,1724,137,565,76,Push Pull Legs
38,Female,151,87.0,36.9,High,advanced,Fat Loss,6,Non-Vegetarian,1936,95,258,68,Upper Lower
22,Female,180,99.0,27.9,Light,intermediate,Recomposition,3,Non-Vegetarian,1668,106,458,42,Upper Lower
49,Female,177,93.4,36.0,Moderate,advanced,Muscle Gain,6,Vegetarian,4118,182,414,66,Push Pull Legs + Accessories
42,Male,162,66.0,21.0,Low,advanced,Muscle Gain,3,Vegetarian,2578,156,506,77,Push Pull Legs
18,Male,168,86.8,26.6,Moderate,beginner,Recomposition,6,Non-Vegetarian,2673,138,606,41,Upper Lower
38,Female,176,54.5,43.0,High,beginner,Maintenance,5,Vegan,2276,117,384,86,Upper Lower + Full Body
33,Female,164,51.8,10.7,Light,beginner,Fat Loss,5,Non-Vegetarian,2163,101,608,41,Push Pull Legs + Accessories
25,Male,178,64.6,40.1,High,intermediate,Recomposition,4,Vegan,2446,107,517,66,Push Pull Legs + Accessories
52,Female,170,90.3,26.8,Very High,advanced,Recomposition,6,Non-Vegetarian,2615,137,399,71,Upper Lower
50,Female,195,66.7,29.7,Light,intermediate,Recomposition,5,Vegetarian,3142,120,607,84,Push Pull Legs + Accessories
53,Female,180,63.3,17.8,Light,beginner,Recomposition,6,Non-Vegetarian,2326,100,435,91,Full Body
37,Male,155,49.9,35.9,Light,advanced,Fat Loss,3,Vegan,2504,97,153,40,Upper Lower + Full Body
20,Female,176,69.2,21.2,Very High,beginner,Fat Loss,5,Vegan,1839,133,370,77,Push Pull Legs + Accessories
33,Female,171,107.0,41.8,Light,intermediate,Recomposition,3,Vegan,2999,175,133,39,Full Body
19,Female,186,92.9,10.6,Light,intermediate,Maintenance,6,Vegetarian,1861,166,633,86,Full Body
23,Male,185,51.6,40.8,Very High,beginner,Recomposition,5,Non-Vegetarian,2473,99,439,74,Push Pull Legs + Accessories
45,Female,155,78.2,36.3,High,advanced,Recomposition,3,Non-Vegetarian,3075,149,541,86,Push Pull Legs + Accessories
19,Male,173,91.3,21.6,Moderate,advanced,Maintenance,3,Vegan,3014,169,189,70,Upper Lower
32,Male,150,92.4,29.2,Light,intermediate,Recomposition,5,Vegetarian,2246,125,612,65,Upper Lower + Full Body
29,Female,159,49.4,10.0,Low,beginner,Muscle Gain,6,Non-Vegetarian,2132,139,616,74,Push Pull Legs + Accessories
31,Male,185,83.4,11.3,High,advanced,Maintenance,4,Non-Vegetarian,2632,128,429,51,Push Pull Legs
38,Male,188,62.1,11.8,Light,advanced,Fat Loss,6,Vegan,1762,135,204,87,Push Pull Legs + Accessories
49,Female,180,64.7,15.5,Light,intermediate,Muscle Gain,4,Vegetarian,2578,145,646,82,Upper Lower
44,Female,170,79.7,10.9,Light,advanced,Maintenance,4,Vegan,1943,152,455,78,Upper Lower + Full Body
54,Male,183,64.7,40.8,Low,beginner,Recomposition,5,Non-Vegetarian,2662,104,505,93,Full Body
31,Male,184,58.4,39.6,Very High,beginner,Maintenance,3,Vegan,3167,95,176,60,Upper Lower + Full Body
34,Male,174,57.3,12.7,Very High,beginner,Maintenance,4,Vegetarian,3111,167,498,94,Upper Lower
55,Male,156,56.3,27.1,Light,intermediate,Fat Loss,5,Vegetarian,1478,127,531,46,Upper Lower
23,Male,171,102.4,21.2,Light,beginner,Muscle Gain,5,Vegetarian,2159,124,180,74,Full Body
46,Male,178,79.6,32.9,Low,beginner,Recomposition,5,Vegan,2724,128,440,75,Push Pull Legs + Accessories
45,Female,165,93.7,19.3,Moderate,beginner,Fat Loss,3,Vegetarian,2132,168,393,78,Upper Lower
44,Male,169,89.5,42.6,Low,beginner,Recomposition,3,Vegan,3132,138,509,46,Push Pull Legs
51,Male,190,53.6,32.6,Light,advanced,Muscle Gain,6,Vegan,2579,153,635,51,Upper Lower
49,Male,172,105.3,22.9,High,advanced,Recomposition,4,Vegetarian,2683,114,397,98,Upper Lower + Full Body
18,Male,150,67.4,16.5,Moderate,intermediate,Fat Loss,4,Vegan,2584,148,170,60,Upper Lower
19,Male,152,107.4,32.5,Moderate,advanced,Maintenance,6,Vegan,1963,122,315,94,Push Pull Legs
40,Male,155,64.2,14.9,Low,intermediate,Muscle Gain,4,Vegan,4113,151,136,83,Push Pull Legs
53,Female,151,56.3,42.6,Light,intermediate,Muscle Gain,6,Non-Vegetarian,3230,161,389,92,Push Pull Legs + Accessories
20,Female,195,82.7,17.5,Low,advanced,Maintenance,6,Non-Vegetarian,3108,123,329,39,Push Pull Legs
39,Female,190,99.7,24.0,Light,beginner,Recomposition,6,Vegan,2380,134,555,65,Push Pull Legs
42,Male,192,107.3,23.4,Light,beginner,Muscle Gain,3,Vegetarian,2792,171,511,36,Full Body
55,Female,167,88.3,24.5,Low,advanced,Muscle Gain,4,Vegan,2068,126,457,50,Full Body
33,Female,185,56.0,34.6,Moderate,intermediate,Muscle Gain,3,Non-Vegetarian,3882,203,168,81,Upper Lower
46,Female,158,81.5,29.8,Low,advanced,Recomposition,6,Vegetarian,2909,97,459,63,Upper Lower
49,Female,150,97.5,17.5,Very High,advanced,Recomposition,6,Non-Vegetarian,2378,178,272,56,Full Body
28,Male,183,103.9,34.5,Low,beginner,Fat Loss,4,Vegetarian,2064,116,162,90,Upper Lower + Full Body
45,Female,184,92.3,33.2,High,intermediate,Recomposition,6,Vegan,1637,168,528,70,Full Body
48,Male,167,92.7,29.3,Very High,intermediate,Maintenance,4,Vegetarian,2173,135,325,45,Push Pull Legs + Accessories
40,Female,193,96.2,20.2,Light,advanced,Recomposition,5,Vegan,3051,148,403,46,Push Pull Legs
51,Female,174,89.5,44.4,Light,intermediate,Recomposition,5,Vegetarian,3132,173,240,98,Push Pull Legs + Accessories
39,Female,164,62.4,23.0,Moderate,beginner,Maintenance,6,Non-Vegetarian,1928,168,532,91,Upper Lower + Full Body
33,Female,150,104.4,9.8,Light,intermediate,Fat Loss,3,Vegetarian,2111,114,158,45,Full Body
27,Female,161,104.9,13.3,Very High,intermediate,Fat Loss,5,Vegan,2529,111,611,83,Push Pull Legs + Accessories
54,Male,190,78.8,17.4,Low,beginner,Muscle Gain,5,Vegetarian,2835,125,427,35,Push Pull Legs
32,Female,178,93.6,21.9,Very High,intermediate,Recomposition,6,Vegetarian,2308,131,387,69,Push Pull Legs + Accessories
40,Male,165,83.1,41.0,Low,advanced,Recomposition,6,Non-Vegetarian,3131,141,261,98,Upper Lower
39,Male,163,70.7,33.8,Moderate,advanced,Muscle Gain,3,Vegan,2627,190,477,87,Push Pull Legs + Accessories
50,Male,173,93.0,14.3,Low,intermediate,Maintenance,4,Vegan,2203,92,629,93,Full Body
53,Female,158,50.8,13.9,Light,intermediate,Maintenance,4,Vegan,2459,140,609,100,Full Body
43,Female,150,74.0,30.6,Low,intermediate,Maintenance,3,Vegan,3300,162,222,99,Push Pull Legs
48,Female,173,69.1,13.7,Moderate,intermediate,Muscle Gain,5,Vegan,2676,143,330,47,Push Pull Legs + Accessories
52,Female,161,78.8,32.9,Light,advanced,Maintenance,6,Non-Vegetarian,2601,146,564,79,Push Pull Legs + Accessories
55,Female,152,76.3,21.4,Moderate,advanced,Maintenance,4,Vegan,2326,118,562,95,Push Pull Legs + Accessories
39,Male,176,97.0,14.5,Light,advanced,Muscle Gain,5,Vegan,2220,162,534,65,Full Body
40,Male,163,68.4,25.2,Low,beginner,Muscle Gain,3,Vegetarian,3364,182,378,94,Push Pull Legs + Accessories
36,Male,189,107.5,16.9,Low,advanced,Maintenance,6,Vegetarian,2054,135,494,94,Upper Lower + Full Body
43,Female,166,51.8,20.7,High,intermediate,Muscle Gain,6,Vegan,3346,183,503,94,Upper Lower
27,Female,165,100.9,27.8,Moderate,intermediate,Muscle Gain,5,Non-Vegetarian,3234,206,619,81,Upper Lower + Full Body
44,Male,175,47.9,37.1,Very High,intermediate,Muscle Gain,4,Non-Vegetarian,2686,130,338,73,Push Pull Legs + Accessories
37,Male,151,75.2,17.3,Very High,intermediate,Muscle Gain,5,Vegan,4018,185,620,66,Full Body
53,Male,172,91.4,29.2,Low,advanced,Fat Loss,6,Non-Vegetarian,2063,141,157,50,Push Pull Legs + Accessories
30,Male,188,98.6,11.7,Low,intermediate,Maintenance,3,Vegan,1780,103,568,39,Push Pull Legs + Accessories
54,Female,191,62.5,9.2,Very High,intermediate,Fat Loss,5,Non-Vegetarian,1500,140,279,49,Full Body
53,Male,187,72.6,22.9,Light,intermediate,Fat Loss,6,Non-Vegetarian,1791,137,484,87,Push Pull Legs
21,Female,179,53.3,27.8,Light,intermediate,Muscle Gain,4,Vegetarian,3414,204,229,59,Upper Lower + Full Body
22,Male,167,57.3,30.3,Moderate,beginner,Recomposition,5,Vegan,2064,145,534,63,Full Body
54,Female,176,73.7,38.3,Low,advanced,Maintenance,3,Vegetarian,3140,91,172,93,Upper Lower
45,Female,173,81.4,13.7,Low,advanced,Fat Loss,5,Vegetarian,2150,120,602,68,Push Pull Legs
50,Male,183,70.4,42.7,Low,beginner,Fat Loss,4,Vegetarian,1640,99,390,56,Full Body
42,Male,155,105.0,29.7,Very High,advanced,Fat Loss,5,Vegan,1926,140,446,92,Full Body
42,Female,173,90.5,14.7,Moderate,intermediate,Maintenance,3,Vegetarian,2766,102,470,45,Upper Lower
46,Female,162,78.2,8.7,Moderate,beginner,Muscle Gain,4,Vegan,2410,188,341,91,Push Pull Legs + Accessories
24,Female,184,95.6,18.3,High,beginner,Maintenance,6,Vegan,1975,111,148,44,Full Body
30,Male,165,66.0,44.1,Low,beginner,Fat Loss,6,Vegetarian,2409,116,518,36,Upper Lower
50,Male,180,102.1,22.6,Moderate,intermediate,Recomposition,3,Vegan,2773,91,551,96,Push Pull Legs + Accessories
52,Male,165,95.4,22.0,Very High,intermediate,Muscle Gain,6,Non-Vegetarian,3977,188,187,88,Upper Lower
49,Male,159,47.7,28.2,Very High,intermediate,Muscle Gain,5,Vegetarian,4052,149,347,40,Upper Lower
42,Male,169,87.5,37.4,Moderate,advanced,Recomposition,6,Non-Vegetarian,1823,165,205,86,Push Pull Legs
32,Female,188,89.3,22.3,Moderate,advanced,Muscle Gain,6,Vegan,2063,129,425,51,Full Body
46,Male,193,48.5,28.4,Moderate,advanced,Muscle Gain,4,Non-Vegetarian,2582,174,520,94,Push Pull Legs
35,Female,161,52.7,20.3,Light,beginner,Fat Loss,6,Vegan,1583,133,295,86,Push Pull Legs
29,Male,157,72.5,35.2,Low,advanced,Recomposition,5,Non-Vegetarian,2653,91,264,64,Upper Lower
52,Female,164,94.1,38.6,Light,advanced,Muscle Gain,3,Non-Vegetarian,3483,157,365,76,Push Pull Legs
37,Female,171,104.7,22.0,Light,advanced,Maintenance,3,Vegetarian,2033,100,431,41,Push Pull Legs
52,Male,165,57.3,29.1,Moderate,advanced,Recomposition,3,Vegetarian,2294,167,584,47,Push Pull Legs + Accessories
23,Female,181,90.5,15.1,Moderate,intermediate,Recomposition,3,Vegan,2221,99,252,67,Push Pull Legs + Accessories
39,Male,155,107.6,17.4,Light,advanced,Maintenance,4,Vegetarian,2617,139,385,49,Upper Lower + Full Body
43,Female,179,75.2,32.7,Low,beginner,Recomposition,5,Vegetarian,2235,131,585,64,Push Pull Legs
33,Female,152,59.8,14.6,Very High,intermediate,Recomposition,5,Non-Vegetarian,2140,133,239,35,Full Body
52,Female,152,83.1,33.9,High,advanced,Fat Loss,3,Vegan,1489,134,516,37,Full Body
28,Female,180,48.3,30.0,Very High,intermediate,Maintenance,6,Non-Vegetarian,1940,103,230,41,Push Pull Legs + Accessories
43,Female,169,102.3,21.4,Moderate,intermediate,Maintenance,6,Vegetarian,2748,162,586,54,Upper Lower
54,Female,163,64.2,20.5,Low,beginner,Muscle Gain,5,Vegan,3557,167,477,88,Push Pull Legs
42,Female,187,92.4,14.7,High,beginner,Fat Loss,4,Non-Vegetarian,2422,150,154,91,Push Pull Legs + Accessories
46,Female,188,69.3,9.5,Light,advanced,Recomposition,4,Non-Vegetarian,2056,153,599,58,Push Pull Legs + Accessories
23,Male,153,106.5,36.1,Moderate,beginner,Fat Loss,6,Vegetarian,1683,174,153,87,Upper Lower + Full Body
36,Male,162,55.7,15.1,Light,beginner,Fat Loss,4,Vegan,2507,119,378,70,Push Pull Legs + Accessories
43,Male,195,102.8,38.9,High,advanced,Maintenance,4,Vegan,1704,141,472,51,Upper Lower
46,Female,184,102.2,20.0,Light,advanced,Maintenance,3,Vegetarian,2735,133,368,96,Push Pull Legs
42,Male,166,61.5,40.8,Very High,intermediate,Maintenance,6,Non-Vegetarian,2202,103,239,36,Full Body
41,Male,172,107.6,41.5,Very High,beginner,Maintenance,4,Non-Vegetarian,2540,128,255,81,Full Body
48,Male,185,100.9,43.2,Very High,advanced,Recomposition,6,Vegetarian,2990,113,163,64,Upper Lower + Full Body
28,Male,157,61.2,10.8,High,beginner,Muscle Gain,5,Vegan,3643,153,333,51,Upper Lower + Full Body
54,Female,183,95.5,13.9,Very High,intermediate,Fat Loss,3,Non-Vegetarian,1622,129,490,87,Upper Lower
48,Male,192,82.5,19.5,Low,intermediate,Muscle Gain,4,Vegetarian,2748,169,638,35,Push Pull Legs + Accessories
19,Male,170,50.1,9.5,Very High,intermediate,Maintenance,5,Vegan,1862,109,141,53,Upper Lower
23,Male,181,68.5,21.6,Moderate,beginner,Recomposition,5,Vegan,2620,169,260,43,Push Pull Legs
43,Female,176,53.6,25.3,Low,beginner,Maintenance,4,Non-Vegetarian,3094,163,578,67,Full Body
21,Male,164,101.4,22.7,High,advanced,Maintenance,5,Vegan,2811,114,326,36,Upper Lower + Full Body
50,Female,181,54.2,16.8,Very High,beginner,Recomposition,3,Non-Vegetarian,1700,101,385,77,Push Pull Legs + Accessories
32,Male,158,71.1,10.8,Very High,intermediate,Muscle Gain,6,Vegetarian,2391,146,165,48,Upper Lower + Full Body
49,Female,188,108.8,44.1,Light,beginner,Fat Loss,5,Vegetarian,2470,106,167,50,Upper Lower + Full Body
53,Male,172,53.2,16.4,Light,advanced,Recomposition,3,Non-Vegetarian,2778,172,322,96,Upper Lower + Full Body
50,Female,160,83.6,11.8,Very High,advanced,Maintenance,5,Vegetarian,1858,144,336,91,Push Pull Legs
28,Female,151,103.8,25.3,High,intermediate,Muscle Gain,5,Vegetarian,3224,171,598,65,Upper Lower + Full Body
28,Female,174,53.5,30.2,Very High,advanced,Fat Loss,3,Vegetarian,1915,173,601,92,Upper Lower
47,Female,180,56.2,35.8,Moderate,beginner,Maintenance,4,Vegan,2401,128,593,98,Upper Lower
41,Female,180,52.2,41.4,Moderate,beginner,Muscle Gain,4,Vegan,2192,197,351,69,Upper Lower + Full Body
36,Male,158,64.0,29.5,High,beginner,Muscle Gain,3,Vegan,3175,101,187,88,Full Body
32,Female,180,72.0,18.7,Light,intermediate,Recomposition,4,Vegetarian,2349,123,277,39,Upper Lower
32,Female,153,83.7,11.1,Moderate,advanced,Muscle Gain,3,Vegan,3360,118,597,65,Push Pull Legs
47,Male,161,98.3,22.7,Low,intermediate,Recomposition,5,Non-Vegetarian,2770,91,131,43,Upper Lower + Full Body
26,Female,189,96.8,16.0,Moderate,advanced,Maintenance,6,Non-Vegetarian,2035,110,368,76,Upper Lower + Full Body
44,Female,194,76.3,25.6,Low,intermediate,Fat Loss,3,Vegetarian,1640,145,287,73,Push Pull Legs + Accessories
43,Male,170,45.7,34.6,Light,advanced,Muscle Gain,3,Vegan,2227,155,427,93,Push Pull Legs + Accessories
37,Male,169,54.5,26.6,Light,advanced,Maintenance,5,Non-Vegetarian,3048,96,410,57,Upper Lower
43,Male,189,77.0,13.3,Low,advanced,Recomposition,6,Non-Vegetarian,2148,163,350,60,Full Body
54,Male,175,83.2,18.3,Light,advanced,Fat Loss,5,Vegetarian,2351,150,347,77,Push Pull Legs + Accessories
33,Male,182,51.4,16.2,Low,intermediate,Fat Loss,5,Non-Vegetarian,1809,170,333,41,Upper Lower
45,Male,169,51.6,14.6,Moderate,intermediate,Maintenance,3,Vegan,2867,158,503,59,Push Pull Legs + Accessories
21,Male,165,60.0,9.7,Low,intermediate,Muscle Gain,4,Vegetarian,2540,141,218,38,Push Pull Legs + Accessories
41,Male,172,66.1,39.8,Low,advanced,Maintenance,3,Non-Vegetarian,2011,109,426,78,Push Pull Legs + Accessories
22,Female,155,83.6,13.8,Moderate,beginner,Fat Loss,5,Vegetarian,2345,94,617,44,Upper Lower + Full Body
33,Male,172,103.7,20.9,Light,advanced,Maintenance,5,Vegetarian,2962,150,232,77,Push Pull Legs + Accessories
40,Female,181,106.7,41.1,High,intermediate,Fat Loss,4,Vegan,2593,173,254,70,Push Pull Legs + Accessories
19,Male,177,52.8,23.2,Low,advanced,Maintenance,6,Vegetarian,2347,106,129,35,Push Pull Legs + Accessories
22,Female,170,47.7,13.7,Moderate,advanced,Recomposition,5,Vegan,2935,143,576,93,Push Pull Legs
30,Female,193,59.0,43.7,Low,advanced,Muscle Gain,3,Vegetarian,2180,110,411,88,Push Pull Legs
31,Male,188,54.7,38.7,Very High,advanced,Muscle Gain,4,Vegetarian,3151,202,520,49,Push Pull Legs + Accessories
53,Male,183,52.4,43.8,High,advanced,Maintenance,3,Vegan,3373,135,550,40,Full Body
55,Male,174,66.7,22.8,Very High,advanced,Fat Loss,6,Non-Vegetarian,1660,157,155,36,Push Pull Legs + Accessories
49,Male,160,98.6,34.8,Very High,beginner,Maintenance,6,Vegetarian,2994,114,589,61,Full Body
36,Female,151,75.3,16.3,Low,advanced,Fat Loss,3,Non-Vegetarian,2536,146,500,48,Full Body
36,Female,188,80.7,23.2,Low,intermediate,Recomposition,6,Non-Vegetarian,2755,94,565,83,Upper Lower + Full Body
46,Female,173,49.4,28.8,High,beginner,Muscle Gain,6,Non-Vegetarian,3451,155,166,79,Upper Lower + Full Body
43,Female,163,109.8,17.2,Low,advanced,Muscle Gain,6,Vegetarian,2600,102,153,52,Full Body
45,Female,171,94.3,15.9,High,advanced,Recomposition,6,Vegetarian,1637,176,324,47,Push Pull Legs + Accessories
53,Female,180,52.0,37.0,High,beginner,Maintenance,5,Vegan,2684,109,132,48,Upper Lower
21,Female,158,107.0,43.3,Moderate,intermediate,Maintenance,3,Vegan,1818,133,422,39,Upper Lower + Full Body
54,Male,187,104.7,39.2,Very High,intermediate,Recomposition,6,Vegetarian,2665,155,609,52,Full Body
24,Female,175,58.9,15.5,Moderate,beginner,Fat Loss,3,Vegetarian,1361,164,201,72,Upper Lower
28,Female,189,65.0,42.7,Low,intermediate,Maintenance,3,Non-Vegetarian,2863,162,542,75,Full Body
42,Female,159,78.3,26.4,Light,intermediate,Muscle Gain,6,Vegetarian,2595,143,278,92,Full Body
21,Female,150,55.8,17.2,Light,beginner,Maintenance,3,Non-Vegetarian,2482,149,582,48,Upper Lower
23,Female,192,69.0,28.9,Low,intermediate,Muscle Gain,4,Vegan,2049,143,191,87,Push Pull Legs + Accessories
20,Female,195,80.2,12.2,Light,beginner,Fat Loss,6,Vegan,2433,127,402,97,Upper Lower + Full Body
55,Male,185,69.8,15.2,Low,intermediate,Fat Loss,6,Non-Vegetarian,2552,131,408,73,Full Body
18,Male,159,55.4,44.2,Very High,beginner,Maintenance,6,Vegetarian,3183,99,370,94,Upper Lower
22,Female,169,68.9,16.4,Low,beginner,Muscle Gain,4,Non-Vegetarian,3559,180,244,68,Push Pull Legs
54,Male,176,45.4,11.2,Moderate,intermediate,Muscle Gain,3,Vegetarian,2512,193,442,83,Upper Lower + Full Body
37,Male,181,71.6,28.4,Light,intermediate,Muscle Gain,3,Vegetarian,3072,110,407,46,Upper Lower
51,Male,156,52.2,39.7,Very High,advanced,Muscle Gain,5,Vegetarian,3400,110,357,55,Full Body
46,Male,187,88.5,19.5,High,beginner,Maintenance,6,Vegetarian,2872,125,168,84,Push Pull Legs + Accessories
36,Male,192,98.1,25.0,Light,beginner,Muscle Gain,4,Vegetarian,3075,203,482,84,Full Body
48,Female,158,106.5,13.6,Moderate,advanced,Recomposition,5,Vegetarian,2531,124,147,63,Upper Lower
34,Female,166,85.2,29.5,Very High,intermediate,Muscle Gain,4,Vegetarian,2436,190,354,85,Upper Lower + Full Body
23,Female,161,98.0,23.0,Moderate,beginner,Muscle Gain,6,Vegetarian,2918,121,556,92,Full Body
22,Male,194,87.0,9.7,High,intermediate,Fat Loss,3,Vegan,1374,100,147,86,Full Body
44,Female,156,55.8,16.4,Low,intermediate,Maintenance,3,Vegetarian,2275,146,417,86,Push Pull Legs + Accessories
53,Female,174,95.4,31.5,Very High,advanced,Maintenance,5,Vegan,1842,149,132,66,Push Pull Legs + Accessories
19,Male,153,104.9,24.9,High,beginner,Muscle Gain,6,Non-Vegetarian,2908,183,612,75,Upper Lower + Full Body
30,Female,162,98.0,42.6,High,advanced,Muscle Gain,3,Vegetarian,3811,113,553,41,Push Pull Legs
19,Female,160,104.9,17.9,Moderate,beginner,Maintenance,5,Vegan,2566,147,406,64,Upper Lower
51,Male,169,88.1,35.0,Moderate,intermediate,Fat Loss,4,Vegan,1523,151,147,62,Upper Lower
33,Female,150,102.0,36.0,Moderate,advanced,Fat Loss,6,Vegan,2127,134,339,84,Push Pull Legs
47,Female,165,51.7,24.8,Very High,intermediate,Recomposition,4,Non-Vegetarian,2637,153,275,60,Upper Lower + Full Body
51,Female,174,100.8,43.9,Light,advanced,Fat Loss,6,Vegan,2094,160,584,46,Full Body
33,Male,167,82.5,37.3,High,advanced,Recomposition,6,Vegetarian,2481,90,494,81,Upper Lower + Full Body
48,Male,164,98.6,25.1,Light,beginner,Muscle Gain,6,Vegetarian,3388,103,522,59,Full Body
43,Female,169,71.0,38.3,Very High,advanced,Recomposition,3,Vegetarian,2206,174,455,81,Push Pull Legs + Accessories
32,Male,188,91.6,17.3,Light,intermediate,Muscle Gain,6,Non-Vegetarian,2618,146,449,51,Upper Lower + Full Body
39,Male,151,85.4,14.4,Low,beginner,Muscle Gain,3,Vegetarian,2226,110,454,89,Push Pull Legs
22,Female,187,74.9,28.8,Moderate,advanced,Muscle Gain,4,Vegetarian,2946,100,168,100,Upper Lower
51,Male,169,88.3,21.9,Very High,advanced,Muscle Gain,6,Non-Vegetarian,2523,125,343,44,Push Pull Legs
34,Female,183,53.1,33.0,High,advanced,Fat Loss,6,Non-Vegetarian,1949,143,191,52,Upper Lower
51,Male,185,53.9,13.2,High,beginner,Muscle Gain,6,Non-Vegetarian,2497,161,513,43,Upper Lower
27,Male,162,71.9,36.3,High,advanced,Fat Loss,6,Vegan,1687,130,187,87,Push Pull Legs + Accessories
35,Female,150,99.4,13.5,Very High,advanced,Muscle Gain,4,Vegan,2735,143,263,54,Push Pull Legs + Accessories
24,Female,161,69.7,30.3,High,advanced,Maintenance,5,Vegetarian,2081,130,309,88,Full Body
37,Female,193,78.8,36.1,Light,advanced,Recomposition,6,Vegan,1831,104,196,74,Upper Lower
20,Male,177,61.7,30.4,Very High,beginner,Maintenance,6,Non-Vegetarian,1874,132,444,79,Upper Lower + Full Body
42,Male,194,102.8,36.9,Very High,intermediate,Muscle Gain,4,Non-Vegetarian,2401,188,275,37,Full Body
33,Female,179,55.9,23.3,High,intermediate,Muscle Gain,4,Vegetarian,2779,141,640,73,Push Pull Legs
29,Male,189,65.8,32.3,Very High,advanced,Recomposition,6,Vegetarian,3077,148,320,80,Push Pull Legs + Accessories
40,Female,154,81.7,31.8,Light,intermediate,Recomposition,5,Vegan,1774,99,185,96,Upper Lower
47,Female,150,59.2,27.5,Light,intermediate,Recomposition,6,Non-Vegetarian,1813,103,284,81,Upper Lower + Full Body
28,Female,163,58.5,37.5,Very High,beginner,Maintenance,6,Vegetarian,1765,155,269,56,Full Body
50,Male,179,59.5,41.6,Light,beginner,Muscle Gain,6,Vegan,4136,167,327,45,Upper Lower
32,Female,195,72.7,21.1,Moderate,advanced,Maintenance,4,Vegetarian,1705,150,256,35,Push Pull Legs
19,Female,185,64.2,28.2,Moderate,advanced,Muscle Gain,6,Vegan,2656,162,560,61,Push Pull Legs + Accessories
22,Female,160,85.6,35.0,Moderate,intermediate,Muscle Gain,3,Vegetarian,3488,110,153,100,Push Pull Legs
52,Female,166,91.2,12.8,Light,beginner,Muscle Gain,3,Vegetarian,3713,101,582,52,Upper Lower
38,Male,152,55.0,32.2,Light,beginner,Fat Loss,5,Vegan,1591,171,401,60,Push Pull Legs + Accessories
31,Female,186,52.5,24.1,Very High,beginner,Muscle Gain,3,Non-Vegetarian,3623,128,246,89,Push Pull Legs + Accessories
53,Female,180,92.2,19.3,Light,beginner,Muscle Gain,5,Non-Vegetarian,3140,132,185,37,Push Pull Legs + Accessories
45,Male,175,62.2,25.2,Low,advanced,Maintenance,5,Vegan,2378,160,148,47,Full Body
49,Male,176,64.5,29.5,High,advanced,Fat Loss,3,Vegan,1565,127,218,50,Full Body
38,Male,151,87.5,43.7,High,advanced,Recomposition,3,Vegan,3072,114,245,77,Upper Lower
41,Female,160,90.4,33.8,Light,advanced,Muscle Gain,5,Vegan,2790,158,575,73,Upper Lower
35,Female,153,107.1,39.5,Moderate,intermediate,Recomposition,4,Non-Vegetarian,3128,176,323,81,Push Pull Legs
23,Male,157,104.5,36.7,Moderate,intermediate,Recomposition,4,Non-Vegetarian,2512,180,301,86,Push Pull Legs
23,Male,178,63.0,29.7,Light,beginner,Maintenance,5,Vegan,3333,154,127,95,Push Pull Legs
22,Female,169,98.7,12.9,Very High,beginner,Maintenance,5,Vegan,3273,127,493,58,Push Pull Legs
40,Female,186,71.4,19.9,High,advanced,Muscle Gain,3,Vegan,2771,200,579,63,Push Pull Legs
39,Female,179,71.8,13.3,Moderate,intermediate,Muscle Gain,3,Non-Vegetarian,2002,170,485,94,Push Pull Legs
40,Male,192,105.3,14.2,Low,beginner,Fat Loss,6,Vegan,2368,166,504,42,Push Pull Legs
35,Male,179,73.1,35.7,Light,advanced,Fat Loss,3,Vegan,2315,125,519,48,Push Pull Legs
54,Male,188,94.1,25.7,Very High,beginner,Recomposition,3,Vegan,2272,179,523,41,Upper Lower
51,Male,193,76.6,28.0,Very High,advanced,Maintenance,4,Vegan,2448,161,644,85,Upper Lower + Full Body
52,Male,166,95.4,43.9,High,intermediate,Fat Loss,3,Vegan,2464,91,124,95,Upper Lower
55,Female,168,85.0,44.3,Moderate,intermediate,Maintenance,6,Vegan,3015,122,437,70,Push Pull Legs
46,Male,175,82.8,38.6,High,beginner,Recomposition,5,Non-Vegetarian,2939,119,424,92,Full Body
43,Male,151,105.9,35.1,Light,intermediate,Fat Loss,5,Vegan,2462,96,593,89,Full Body
46,Female,182,94.2,42.1,High,intermediate,Recomposition,3,Non-Vegetarian,2576,157,436,62,Full Body
49,Male,194,58.7,44.9,Low,advanced,Recomposition,6,Non-Vegetarian,1792,177,317,75,Push Pull Legs
49,Male,182,79.7,22.4,Light,beginner,Fat Loss,4,Vegan,2326,131,409,36,Upper Lower
44,Male,187,83.2,20.6,Very High,intermediate,Muscle Gain,4,Vegetarian,2356,197,261,85,Full Body
28,Male,179,60.5,33.7,Moderate,beginner,Maintenance,6,Vegetarian,2237,166,174,59,Upper Lower
33,Male,167,76.3,10.8,High,advanced,Maintenance,3,Vegan,2197,135,441,82,Full Body
20,Female,159,47.4,23.2,High,intermediate,Muscle Gain,4,Non-Vegetarian,3266,133,489,70,Push Pull Legs + Accessories
25,Female,160,52.0,28.9,Very High,beginner,Fat Loss,6,Vegan,1329,143,452,38,Push Pull Legs + Accessories
24,Female,159,56.0,13.5,Very High,advanced,Fat Loss,3,Non-Vegetarian,2090,127,410,88,Upper Lower + Full Body
33,Female,192,45.3,17.5,Moderate,intermediate,Maintenance,5,Vegetarian,1958,142,337,77,Push Pull Legs + Accessories
49,Male,181,76.7,27.9,Moderate,beginner,Fat Loss,4,Non-Vegetarian,2139,114,183,68,Push Pull Legs + Accessories
19,Male,183,56.6,35.4,Light,intermediate,Recomposition,4,Non-Vegetarian,2752,92,308,58,Upper Lower
54,Male,178,69.3,20.5,Low,intermediate,Muscle Gain,6,Vegan,2152,155,593,38,Push Pull Legs
24,Female,161,47.5,15.7,Light,intermediate,Maintenance,3,Non-Vegetarian,2593,166,607,55,Push Pull Legs
29,Female,154,80.8,15.2,Light,advanced,Fat Loss,3,Vegan,2521,110,506,53,Push Pull Legs
39,Male,164,46.6,11.1,Light,intermediate,Muscle Gain,3,Vegan,2515,118,643,64,Push Pull Legs + Accessories
35,Female,161,74.5,10.0,Moderate,advanced,Maintenance,6,Vegan,2808,158,575,56,Upper Lower + Full Body
21,Male,175,57.6,13.9,Very High,advanced,Muscle Gain,3,Vegetarian,3726,173,174,72,Full Body
44,Female,173,77.7,20.0,Moderate,intermediate,Recomposition,3,Vegan,2453,178,139,89,Full Body
27,Female,194,85.8,41.9,Moderate,beginner,Maintenance,6,Vegetarian,2627,160,596,67,Push Pull Legs + Accessories
53,Female,184,62.0,24.3,Very High,intermediate,Recomposition,5,Non-Vegetarian,2558,148,174,90,Push Pull Legs
50,Male,182,84.4,43.3,Light,advanced,Maintenance,4,Non-Vegetarian,2769,97,259,100,Upper Lower
22,Female,195,86.9,22.0,Low,intermediate,Muscle Gain,3,Non-Vegetarian,2802,210,624,44,Upper Lower + Full Body
20,Female,171,70.2,34.5,Very High,advanced,Muscle Gain,4,Vegetarian,3644,148,432,95,Upper Lower + Full Body
22,Female,159,75.3,27.4,Low,beginner,Maintenance,4,Vegan,3102,136,363,82,Full Body
43,Male,151,50.5,30.3,Very High,advanced,Maintenance,3,Vegan,2601,90,241,95,Push Pull Legs
49,Female,156,68.9,9.5,High,advanced,Muscle Gain,3,Non-Vegetarian,3168,107,411,63,Upper Lower
53,Female,187,69.2,24.4,High,intermediate,Fat Loss,5,Non-Vegetarian,1470,175,174,76,Push Pull Legs
20,Male,186,105.1,9.9,High,beginner,Muscle Gain,6,Vegan,3483,103,300,36,Full Body
27,Male,172,88.2,28.9,Light,advanced,Fat Loss,4,Vegetarian,1467,91,296,95,Full Body
35,Female,191,74.9,33.6,Moderate,advanced,Fat Loss,6,Non-Vegetarian,2518,147,436,67,Upper Lower
27,Female,174,88.1,33.2,Moderate,advanced,Fat Loss,3,Non-Vegetarian,1470,141,411,49,Full Body
46,Male,168,47.6,37.4,Moderate,beginner,Fat Loss,4,Non-Vegetarian,2554,119,574,89,Push Pull Legs + Accessories
42,Female,184,52.5,33.0,High,beginner,Maintenance,5,Non-Vegetarian,3270,101,588,73,Upper Lower + Full Body
41,Male,183,64.4,34.8,Very High,advanced,Muscle Gain,5,Non-Vegetarian,2142,165,179,62,Full Body
28,Female,168,92.7,32.9,High,intermediate,Maintenance,5,Vegetarian,2856,169,567,61,Upper Lower
41,Female,165,65.6,44.0,Very High,beginner,Muscle Gain,3,Vegetarian,2232,189,650,82,Push Pull Legs
44,Female,193,72.6,26.9,Very High,advanced,Maintenance,4,Vegetarian,1856,121,485,87,Push Pull Legs
21,Male,192,74.5,33.7,Moderate,advanced,Muscle Gain,3,Vegetarian,2605,184,548,68,Upper Lower
49,Female,192,105.6,8.3,Moderate,intermediate,Fat Loss,6,Vegan,1508,168,264,43,Full Body
34,Female,188,92.4,18.4,Moderate,intermediate,Muscle Gain,5,Vegetarian,3015,158,226,96,Upper Lower + Full Body
48,Female,161,50.2,23.9,High,beginner,Recomposition,5,Vegan,1697,124,472,53,Upper Lower + Full Body
45,Male,178,101.2,39.0,Very High,advanced,Recomposition,6,Non-Vegetarian,2277,127,405,77,Upper Lower + Full Body
46,Female,168,107.8,16.7,Low,beginner,Fat Loss,4,Non-Vegetarian,1306,178,456,90,Upper Lower
39,Female,192,109.4,44.6,Very High,beginner,Maintenance,6,Vegetarian,2756,167,147,49,Upper Lower
51,Female,168,96.2,25.7,Light,intermediate,Maintenance,6,Vegetarian,1843,136,539,86,Upper Lower
33,Male,153,107.8,38.0,Low,advanced,Recomposition,5,Vegan,2116,156,150,75,Upper Lower
42,Male,152,53.5,12.8,Moderate,beginner,Fat Loss,3,Vegetarian,2201,176,300,97,Push Pull Legs
28,Female,168,64.4,40.3,Moderate,intermediate,Fat Loss,3,Vegetarian,1566,170,198,61,Upper Lower + Full Body
49,Male,184,100.1,28.6,High,advanced,Muscle Gain,6,Non-Vegetarian,2317,140,425,79,Upper Lower + Full Body
50,Female,175,69.5,21.1,Moderate,advanced,Maintenance,3,Vegan,1758,111,300,78,Upper Lower
28,Male,192,79.0,28.0,High,advanced,Muscle Gain,5,Vegan,3116,149,437,57,Upper Lower + Full Body
52,Male,168,74.2,9.3,Light,beginner,Fat Loss,3,Vegan,1751,176,291,93,Push Pull Legs
31,Male,160,104.7,15.7,High,intermediate,Recomposition,5,Vegetarian,2506,151,518,52,Push Pull Legs + Accessories
29,Female,180,54.4,25.1,High,beginner,Fat Loss,4,Vegetarian,2335,151,579,63,Full Body
23,Female,150,71.4,32.6,Light,beginner,Maintenance,5,Vegan,3142,137,611,66,Full Body
29,Female,162,107.0,12.8,High,intermediate,Muscle Gain,3,Non-Vegetarian,3354,127,467,80,Upper Lower + Full Body
31,Female,153,106.2,36.7,Light,advanced,Fat Loss,4,Vegan,2005,147,143,74,Upper Lower
20,Female,159,66.5,20.5,High,advanced,Fat Loss,6,Non-Vegetarian,1379,127,226,48,Push Pull Legs + Accessories
53,Female,184,100.5,10.6,Very High,intermediate,Maintenance,6,Vegan,2642,119,520,78,Push Pull Legs + Accessories
37,Male,167,78.5,42.3,Moderate,advanced,Recomposition,6,Vegan,2067,116,311,57,Upper Lower + Full Body
28,Male,168,80.4,20.2,Very High,intermediate,Recomposition,3,Vegetarian,2950,144,285,65,Upper Lower + Full Body
38,Female,187,99.6,33.1,Moderate,beginner,Recomposition,5,Vegetarian,2599,142,144,76,Upper Lower
23,Male,158,106.4,9.7,Light,advanced,Muscle Gain,3,Vegetarian,4066,163,213,83,Upper Lower
33,Male,172,72.6,31.1,Moderate,advanced,Muscle Gain,3,Vegan,2069,114,494,62,Upper Lower
35,Female,162,66.2,25.0,Light,advanced,Recomposition,6,Vegetarian,2647,148,192,75,Push Pull Legs + Accessories
45,Female,192,85.4,25.1,Very High,advanced,Maintenance,5,Non-Vegetarian,2397,162,471,82,Full Body
39,Male,170,103.3,16.9,High,beginner,Muscle Gain,6,Vegetarian,3230,165,493,71,Push Pull Legs
40,Male,160,89.8,12.8,Moderate,beginner,Muscle Gain,6,Vegan,4169,182,632,55,Push Pull Legs
38,Female,156,101.8,30.6,Light,beginner,Maintenance,5,Non-Vegetarian,2304,127,447,54,Push Pull Legs
20,Male,192,53.8,31.3,Very High,intermediate,Recomposition,4,Vegetarian,2650,160,264,73,Push Pull Legs
41,Male,193,100.8,14.4,Low,beginner,Maintenance,5,Vegetarian,3208,112,325,90,Upper Lower
19,Female,186,61.3,14.5,Low,advanced,Muscle Gain,5,Vegan,2674,145,609,75,Upper Lower + Full Body
19,Male,168,105.1,25.7,Moderate,beginner,Fat Loss,4,Vegetarian,1965,128,536,36,Push Pull Legs
25,Male,163,97.0,35.4,Light,intermediate,Maintenance,6,Vegetarian,2113,117,562,57,Push Pull Legs + Accessories
52,Female,176,50.7,26.3,Moderate,beginner,Muscle Gain,3,Vegetarian,2106,198,289,46,Upper Lower
32,Male,152,51.0,29.9,Moderate,advanced,Muscle Gain,4,Vegan,4153,177,171,43,Upper Lower + Full Body
44,Female,169,97.6,13.8,Low,advanced,Muscle Gain,3,Vegan,2631,108,342,59,Full Body
53,Female,194,58.4,24.4,Light,beginner,Recomposition,6,Non-Vegetarian,1710,128,190,96,Push Pull Legs
31,Male,194,80.6,28.8,Very High,beginner,Recomposition,5,Vegetarian,2257,93,234,65,Upper Lower
19,Male,165,62.7,37.6,Very High,intermediate,Recomposition,3,Non-Vegetarian,1756,122,606,85,Full Body
49,Male,179,67.5,34.0,Moderate,advanced,Recomposition,4,Vegetarian,1754,138,333,50,Push Pull Legs + Accessories
30,Male,192,77.3,31.8,Low,beginner,Muscle Gain,5,Vegan,3800,208,151,59,Upper Lower + Full Body
31,Female,153,72.6,40.2,Low,beginner,Maintenance,5,Non-Vegetarian,2923,140,526,66,Upper Lower
31,Male,194,75.0,9.1,Low,advanced,Maintenance,3,Vegetarian,2887,153,187,70,Push Pull Legs
30,Female,165,56.9,19.0,Low,intermediate,Maintenance,6,Non-Vegetarian,2284,159,317,56,Upper Lower
39,Female,188,92.6,39.1,High,beginner,Fat Loss,5,Vegan,1589,177,502,78,Full Body
38,Female,157,58.8,36.5,Very High,intermediate,Muscle Gain,4,Non-Vegetarian,4127,210,289,65,Push Pull Legs + Accessories
52,Female,185,104.1,28.3,High,beginner,Recomposition,4,Vegetarian,2092,158,137,39,Full Body
44,Male,166,73.5,27.2,High,intermediate,Maintenance,6,Vegan,2682,124,220,85,Upper Lower
23,Female,158,47.5,16.4,High,intermediate,Maintenance,4,Vegan,2605,151,529,39,Push Pull Legs
40,Female,182,64.6,27.0,Low,advanced,Maintenance,5,Vegetarian,2457,146,302,49,Full Body
42,Male,154,49.7,27.9,Low,beginner,Maintenance,6,Vegetarian,2106,138,197,46,Upper Lower + Full Body
43,Male,151,95.9,20.6,Moderate,intermediate,Maintenance,5,Vegetarian,3218,140,632,66,Push Pull Legs + Accessories
32,Female,181,74.4,44.6,Low,beginner,Maintenance,5,Vegan,3104,130,407,78,Upper Lower + Full Body
44,Female,177,46.9,16.5,Low,beginner,Muscle Gain,6,Vegan,2563,119,628,54,Upper Lower
55,Female,180,104.0,33.4,Low,advanced,Recomposition,4,Non-Vegetarian,2686,119,496,42,Upper Lower + Full Body
46,Female,151,108.7,29.7,Moderate,beginner,Muscle Gain,6,Vegan,3477,104,236,43,Upper Lower
34,Female,151,60.6,38.2,Moderate,advanced,Maintenance,4,Vegan,2670,149,154,36,Push Pull Legs + Accessories
49,Male,186,66.5,32.4,Moderate,advanced,Muscle Gain,5,Vegetarian,3455,132,411,84,Push Pull Legs + Accessories
36,Female,158,99.3,44.3,High,advanced,Maintenance,6,Vegetarian,2672,133,292,99,Push Pull Legs
25,Male,176,107.8,35.5,Low,advanced,Recomposition,4,Non-Vegetarian,2226,149,411,75,Upper Lower + Full Body
32,Male,170,88.8,38.2,Light,advanced,Fat Loss,4,Non-Vegetarian,1870,155,618,46,Push Pull Legs
23,Male,178,45.8,28.6,Low,beginner,Maintenance,5,Non-Vegetarian,2529,99,365,40,Full Body
53,Female,168,50.8,42.1,Moderate,beginner,Fat Loss,5,Vegan,2018,109,326,62,Push Pull Legs + Accessories
52,Male,180,91.3,39.8,High,advanced,Muscle Gain,4,Vegetarian,2567,153,453,83,Full Body
48,Female,156,98.8,20.6,Very High,beginner,Muscle Gain,6,Vegetarian,4137,201,404,44,Push Pull Legs
54,Female,157,52.5,23.4,Low,intermediate,Recomposition,5,Non-Vegetarian,2381,173,203,48,Upper Lower + Full Body
21,Male,186,74.7,37.6,Light,advanced,Maintenance,6,Vegetarian,3198,156,464,58,Upper Lower
48,Female,168,81.4,39.0,High,intermediate,Muscle Gain,3,Non-Vegetarian,2495,180,270,78,Upper Lower
39,Male,156,55.2,35.8,Very High,beginner,Fat Loss,4,Non-Vegetarian,2289,163,181,87,Push Pull Legs + Accessories
19,Female,159,80.2,21.3,Light,advanced,Fat Loss,5,Non-Vegetarian,1429,142,434,86,Upper Lower + Full Body
24,Male,195,45.1,8.5,High,beginner,Muscle Gain,6,Vegetarian,3007,162,182,100,Push Pull Legs + Accessories
55,Female,164,55.7,26.5,Low,advanced,Fat Loss,5,Vegan,1855,166,278,90,Push Pull Legs + Accessories
52,Female,178,101.2,42.6,Light,advanced,Recomposition,5,Vegetarian,2572,126,395,78,Push Pull Legs + Accessories
46,Female,158,72.8,22.6,Moderate,beginner,Fat Loss,3,Non-Vegetarian,2500,124,630,96,Upper Lower + Full Body
18,Female,152,57.6,20.4,Light,beginner,Muscle Gain,4,Non-Vegetarian,2735,150,351,42,Upper Lower
42,Male,192,106.9,17.5,Light,intermediate,Recomposition,4,Vegetarian,1620,168,153,94,Full Body
42,Male,164,66.8,24.0,Moderate,beginner,Fat Loss,5,Non-Vegetarian,2118,151,496,50,Upper Lower
53,Female,162,76.3,31.4,Very High,beginner,Muscle Gain,5,Vegetarian,3636,192,537,61,Upper Lower
49,Male,177,60.0,44.7,Light,beginner,Maintenance,6,Vegetarian,3283,156,356,94,Upper Lower
49,Male,193,56.5,20.5,Very High,beginner,Muscle Gain,3,Vegetarian,2939,191,602,41,Push Pull Legs
27,Female,191,58.5,42.6,Low,beginner,Recomposition,3,Non-Vegetarian,2004,114,358,60,Push Pull Legs
52,Male,167,68.9,31.5,Low,beginner,Maintenance,6,Vegan,2981,91,395,94,Upper Lower
24,Female,187,79.0,34.3,Moderate,advanced,Muscle Gain,6,Non-Vegetarian,3579,169,136,84,Full Body
40,Female,169,64.7,38.8,Light,beginner,Maintenance,6,Vegan,3126,159,347,94,Upper Lower + Full Body
45,Male,168,47.0,15.6,Light,advanced,Recomposition,4,Vegan,2833,144,491,61,Full Body
51,Male,185,58.9,37.7,Low,beginner,Recomposition,6,Vegan,2976,156,342,62,Push Pull Legs
19,Female,165,55.7,30.0,Moderate,advanced,Recomposition,5,Non-Vegetarian,3196,100,150,51,Full Body
43,Male,177,73.2,41.7,Very High,intermediate,Muscle Gain,6,Vegan,3874,128,424,98,Push Pull Legs + Accessories
23,Female,169,98.9,29.3,Very High,intermediate,Fat Loss,4,Vegan,2495,135,211,35,Upper Lower
29,Female,169,54.5,25.4,Light,beginner,Muscle Gain,5,Non-Vegetarian,3640,130,572,72,Upper Lower
32,Female,188,84.2,30.8,Very High,intermediate,Muscle Gain,4,Vegan,3424,141,412,88,Full Body
41,Female,162,49.8,10.2,High,beginner,Muscle Gain,3,Vegetarian,2372,102,269,94,Upper Lower
42,Female,164,89.4,44.0,Moderate,advanced,Recomposition,6,Vegetarian,3074,180,310,56,Upper Lower
50,Female,178,62.4,15.9,Low,intermediate,Recomposition,3,Vegetarian,2788,105,154,36,Full Body
43,Female,151,93.6,15.7,Light,intermediate,Maintenance,5,Non-Vegetarian,3284,161,322,95,Upper Lower + Full Body
41,Female,190,106.1,11.4,High,beginner,Muscle Gain,4,Non-Vegetarian,2396,153,419,81,Upper Lower + Full Body
18,Male,168,67.8,26.2,Light,advanced,Maintenance,6,Non-Vegetarian,2876,128,381,98,Upper Lower
52,Male,178,94.9,40.6,Moderate,beginner,Muscle Gain,5,Non-Vegetarian,3788,144,209,59,Push Pull Legs + Accessories
46,Female,178,50.9,27.6,Very High,advanced,Fat Loss,6,Non-Vegetarian,1802,123,483,40,Upper Lower + Full Body
50,Female,170,85.2,26.6,High,beginner,Maintenance,3,Vegetarian,2190,95,643,84,Full Body
28,Female,166,105.5,19.0,Light,intermediate,Maintenance,6,Vegan,2375,112,234,58,Push Pull Legs
42,Female,152,98.5,26.7,Low,beginner,Muscle Gain,4,Non-Vegetarian,3271,153,417,83,Push Pull Legs + Accessories
37,Male,187,97.2,15.8,High,intermediate,Recomposition,5,Non-Vegetarian,2481,164,245,45,Push Pull Legs + Accessories
29,Male,161,52.5,20.5,Light,advanced,Recomposition,5,Non-Vegetarian,2728,142,634,43,Upper Lower + Full Body
20,Male,169,53.0,27.3,Light,beginner,Fat Loss,5,Vegetarian,2413,143,530,35,Push Pull Legs
50,Male,170,65.5,8.0,Low,beginner,Maintenance,6,Vegetarian,3317,156,131,48,Push Pull Legs
29,Male,168,97.7,39.7,Low,advanced,Muscle Gain,5,Vegan,2224,149,212,72,Upper Lower + Full Body
30,Male,175,85.7,34.8,Low,intermediate,Maintenance,3,Vegan,1894,165,347,87,Upper Lower + Full Body
23,Female,182,73.2,32.4,Low,intermediate,Muscle Gain,3,Vegan,3274,178,271,61,Upper Lower
19,Female,181,104.7,34.0,Very High,intermediate,Muscle Gain,4,Vegan,2901,126,263,44,Upper Lower
54,Female,172,55.6,13.0,Very High,intermediate,Muscle Gain,3,Vegetarian,3957,186,194,95,Push Pull Legs + Accessories
51,Female,185,67.7,13.7,High,intermediate,Muscle Gain,6,Non-Vegetarian,2435,108,305,88,Upper Lower
32,Male,153,109.7,29.9,Moderate,beginner,Recomposition,5,Non-Vegetarian,2979,101,292,49,Push Pull Legs
21,Female,191,49.1,11.0,Low,advanced,Fat Loss,4,Vegan,2558,167,346,60,Push Pull Legs
38,Male,172,82.9,35.6,High,advanced,Fat Loss,3,Non-Vegetarian,1608,118,237,71,Full Body
53,Female,192,89.7,33.9,Low,beginner,Recomposition,3,Vegan,3162,141,169,71,Full Body
40,Male,160,50.8,13.2,Low,beginner,Recomposition,3,Vegan,1850,141,400,48,Upper Lower + Full Body
34,Male,166,93.6,37.9,Low,advanced,Muscle Gain,6,Vegetarian,3051,104,361,69,Push Pull Legs + Accessories
34,Female,167,81.8,21.0,High,beginner,Maintenance,3,Non-Vegetarian,3395,106,587,68,Full Body
45,Female,188,81.2,33.3,Very High,intermediate,Muscle Gain,6,Non-Vegetarian,2580,177,400,45,Full Body
19,Male,168,85.3,24.8,High,intermediate,Fat Loss,5,Vegetarian,2584,158,414,93,Push Pull Legs + Accessories
23,Female,188,97.4,15.2,Low,intermediate,Maintenance,6,Vegetarian,2774,170,530,50,Push Pull Legs + Accessories
42,Female,183,65.8,41.5,Light,advanced,Recomposition,4,Vegan,2513,139,206,50,Push Pull Legs + Accessories
26,Female,184,70.9,8.3,Light,intermediate,Fat Loss,5,Non-Vegetarian,2423,166,542,96,Push Pull Legs
43,Male,173,69.6,39.0,High,advanced,Maintenance,3,Vegetarian,1828,136,629,51,Upper Lower
27,Male,170,54.6,14.6,Light,intermediate,Fat Loss,5,Vegan,2099,94,120,76,Upper Lower + Full Body
42,Female,154,74.4,12.0,Low,intermediate,Fat Loss,3,Vegan,2037,119,458,60,Push Pull Legs
25,Male,182,62.7,42.0,Low,intermediate,Fat Loss,5,Vegan,1605,121,273,51,Push Pull Legs
23,Male,159,104.9,29.4,Moderate,advanced,Fat Loss,3,Non-Vegetarian,1453,125,151,97,Upper Lower + Full Body
34,Male,194,104.0,39.8,High,intermediate,Fat Loss,5,Vegetarian,1604,102,237,89,Upper Lower + Full Body
32,Male,155,59.1,31.0,Very High,advanced,Muscle Gain,3,Vegan,2063,105,512,54,Full Body
44,Male,172,109.6,27.2,Very High,intermediate,Fat Loss,5,Non-Vegetarian,2332,150,582,71,Full Body
44,Male,163,94.9,19.1,Very High,advanced,Fat Loss,4,Vegan,2311,170,272,75,Full Body
29,Female,158,86.6,15.5,Low,beginner,Recomposition,4,Vegan,1651,132,167,66,Full Body
41,Female,164,81.0,27.5,Very High,intermediate,Fat Loss,3,Non-Vegetarian,2203,140,604,90,Push Pull Legs + Accessories
20,Female,184,53.4,28.2,High,intermediate,Maintenance,6,Vegetarian,3180,106,176,95,Full Body
22,Male,193,99.7,16.0,High,advanced,Maintenance,4,Vegetarian,2460,107,525,51,Push Pull Legs
48,Male,168,91.3,42.8,Moderate,intermediate,Fat Loss,3,Vegan,1549,91,516,45,Full Body
40,Female,159,83.4,40.1,High,intermediate,Maintenance,6,Non-Vegetarian,2255,116,338,43,Upper Lower + Full Body
24,Female,157,89.4,21.4,Light,beginner,Maintenance,6,Vegetarian,2974,145,598,38,Push Pull Legs
20,Male,163,96.5,19.2,Moderate,intermediate,Recomposition,5,Vegan,3057,159,484,87,Push Pull Legs
48,Male,182,71.2,43.1,Light,beginner,Maintenance,4,Non-Vegetarian,2943,122,342,93,Push Pull Legs + Accessories
50,Male,158,76.9,18.7,Low,beginner,Fat Loss,3,Vegetarian,1642,113,354,76,Full Body
46,Male,150,63.8,15.6,Low,intermediate,Fat Loss,6,Vegan,2248,129,590,95,Push Pull Legs + Accessories
18,Female,179,46.2,22.9,High,intermediate,Recomposition,3,Vegetarian,2976,147,506,52,Upper Lower
25,Male,161,96.2,31.9,Light,beginner,Fat Loss,6,Vegan,1637,151,387,91,Upper Lower
34,Female,195,96.4,30.2,Light,beginner,Maintenance,5,Vegan,2900,145,290,39,Push Pull Legs + Accessories
43,Female,152,102.7,28.1,Light,beginner,Fat Loss,4,Non-Vegetarian,1841,116,468,70,Upper Lower + Full Body
25,Male,183,87.8,44.3,High,intermediate,Muscle Gain,4,Non-Vegetarian,2742,115,149,84,Upper Lower
53,Female,193,50.7,36.0,Low,intermediate,Fat Loss,6,Non-Vegetarian,2581,157,217,45,Push Pull Legs + Accessories
55,Female,172,105.2,35.3,Very High,advanced,Maintenance,5,Vegetarian,1850,169,372,98,Upper Lower + Full Body
24,Male,163,94.6,23.2,High,intermediate,Recomposition,4,Non-Vegetarian,2418,149,557,98,Push Pull Legs + Accessories
41,Female,186,58.6,37.2,High,beginner,Fat Loss,5,Vegetarian,2294,122,194,79,Upper Lower
53,Male,191,80.4,19.0,High,intermediate,Fat Loss,4,Vegetarian,2544,167,133,97,Push Pull Legs + Accessories
41,Male,151,47.2,10.8,Light,advanced,Muscle Gain,5,Non-Vegetarian,4153,100,435,71,Upper Lower
44,Male,166,77.5,13.8,Low,intermediate,Muscle Gain,3,Vegetarian,4148,150,219,84,Full Body
19,Female,169,99.6,44.3,Very High,advanced,Muscle Gain,5,Non-Vegetarian,2918,167,147,83,Push Pull Legs + Accessories
47,Female,192,60.0,24.7,Low,advanced,Recomposition,3,Vegetarian,1971,114,589,58,Push Pull Legs + Accessories
32,Female,193,56.3,21.5,High,advanced,Recomposition,4,Non-Vegetarian,2343,169,600,48,Full Body
46,Female,189,57.7,36.4,High,intermediate,Muscle Gain,3,Vegetarian,3374,139,218,94,Push Pull Legs + Accessories
29,Male,176,45.3,43.8,High,advanced,Maintenance,6,Vegan,2830,158,550,43,Push Pull Legs
48,Female,162,106.2,26.5,High,advanced,Maintenance,4,Vegan,2098,142,400,69,Push Pull Legs + Accessories
28,Male,174,58.0,26.1,High,advanced,Recomposition,5,Vegan,2406,123,462,91,Push Pull Legs + Accessories
34,Female,187,86.1,44.0,Low,intermediate,Maintenance,4,Non-Vegetarian,2607,122,447,39,Upper Lower
19,Female,173,60.7,26.3,Very High,advanced,Muscle Gain,5,Vegan,4147,178,527,75,Upper Lower
39,Female,151,60.4,37.8,Moderate,intermediate,Muscle Gain,6,Vegan,2029,147,355,62,Upper Lower
43,Female,187,57.3,34.7,Low,beginner,Recomposition,6,Non-Vegetarian,3116,157,163,70,Push Pull Legs
32,Female,179,58.6,43.8,Moderate,beginner,Maintenance,3,Vegan,2491,117,300,67,Push Pull Legs
24,Female,152,97.1,40.5,High,intermediate,Fat Loss,6,Vegan,2490,145,330,60,Full Body
47,Female,167,87.1,17.9,High,intermediate,Muscle Gain,4,Vegetarian,2559,162,321,95,Full Body
39,Male,188,54.5,10.0,Very High,intermediate,Muscle Gain,3,Vegetarian,2086,122,620,90,Push Pull Legs
52,Female,157,89.3,30.1,Low,intermediate,Maintenance,5,Vegan,2645,150,600,60,Upper Lower + Full Body
33,Male,151,72.8,17.8,Light,intermediate,Recomposition,5,Non-Vegetarian,3045,150,335,78,Push Pull Legs
29,Female,176,47.1,36.1,Low,advanced,Recomposition,6,Non-Vegetarian,2486,150,181,96,Push Pull Legs
28,Male,188,56.9,40.7,High,beginner,Fat Loss,3,Vegetarian,1684,152,592,67,Full Body
24,Female,194,92.9,15.7,Light,intermediate,Recomposition,6,Vegetarian,2284,178,637,36,Push Pull Legs + Accessories
20,Male,190,97.2,23.0,Moderate,beginner,Muscle Gain,6,Non-Vegetarian,2167,163,156,93,Upper Lower + Full Body
52,Male,193,87.0,24.3,Moderate,advanced,Fat Loss,3,Vegetarian,1820,156,479,94,Upper Lower
39,Female,192,63.5,33.1,Moderate,intermediate,Fat Loss,6,Vegetarian,2352,97,130,59,Push Pull Legs
53,Female,182,60.9,32.5,High,intermediate,Fat Loss,3,Non-Vegetarian,2308,156,453,99,Full Body
35,Female,152,80.8,32.4,Moderate,advanced,Fat Loss,3,Vegetarian,1681,170,154,94,Full Body
18,Female,195,98.6,13.7,Very High,advanced,Muscle Gain,3,Vegan,3481,120,331,39,Upper Lower
42,Female,162,59.2,43.5,Light,beginner,Maintenance,6,Non-Vegetarian,2242,90,370,38,Push Pull Legs + Accessories
40,Male,167,97.3,39.1,Light,advanced,Recomposition,4,Vegetarian,1652,105,269,80,Upper Lower
53,Male,170,45.3,18.8,Light,beginner,Fat Loss,3,Vegan,2087,156,249,42,Full Body
20,Male,186,60.4,43.8,Moderate,intermediate,Maintenance,6,Vegetarian,2757,135,574,97,Upper Lower + Full Body
31,Female,187,97.7,42.8,Light,intermediate,Maintenance,5,Vegetarian,2777,103,503,45,Upper Lower + Full Body
49,Male,159,100.9,14.9,Very High,beginner,Recomposition,5,Vegetarian,2801,135,220,99,Full Body
41,Male,173,87.0,33.4,Very High,advanced,Muscle Gain,5,Non-Vegetarian,2168,131,174,100,Push Pull Legs
39,Female,169,62.0,26.6,High,beginner,Maintenance,3,Vegan,3260,127,644,71,Upper Lower + Full Body
38,Male,151,78.2,13.0,Moderate,intermediate,Recomposition,5,Vegetarian,2086,132,147,91,Push Pull Legs + Accessories
40,Female,172,84.1,37.6,Light,intermediate,Maintenance,3,Vegetarian,2739,107,276,92,Push Pull Legs + Accessories
37,Female,178,94.9,24.7,High,intermediate,Maintenance,5,Vegan,2068,137,410,50,Upper Lower
50,Male,178,54.6,18.7,Very High,beginner,Recomposition,6,Vegan,1678,92,625,42,Full Body
41,Female,188,108.9,28.3,Moderate,advanced,Recomposition,6,Non-Vegetarian,3073,103,566,89,Upper Lower
54,Male,171,96.2,32.4,High,beginner,Fat Loss,5,Non-Vegetarian,2500,118,471,38,Upper Lower
45,Female,178,62.1,35.2,Low,intermediate,Maintenance,3,Vegetarian,3288,109,622,53,Push Pull Legs + Accessories
41,Female,162,97.3,42.9,Moderate,beginner,Fat Loss,5,Vegetarian,2316,171,170,42,Full Body
41,Female,171,81.1,37.2,Moderate,intermediate,Maintenance,5,Non-Vegetarian,3341,113,245,89,Upper Lower + Full Body
31,Male,173,96.6,42.3,High,advanced,Recomposition,6,Vegan,1710,161,484,35,Full Body
19,Male,182,72.1,34.5,Moderate,beginner,Muscle Gain,6,Vegetarian,3517,142,602,76,Upper Lower
55,Male,179,82.9,16.3,Very High,intermediate,Muscle Gain,4,Vegetarian,3721,104,650,99,Upper Lower + Full Body
19,Female,155,47.2,21.8,Very High,beginner,Muscle Gain,3,Vegetarian,3513,207,329,57,Push Pull Legs
43,Male,168,48.2,30.6,Light,advanced,Fat Loss,4,Vegan,2187,121,631,40,Upper Lower
33,Male,184,81.4,24.6,Light,advanced,Muscle Gain,4,Vegan,3217,136,580,47,Push Pull Legs + Accessories
45,Female,175,61.2,40.6,Light,advanced,Muscle Gain,4,Non-Vegetarian,4099,189,214,58,Full Body
43,Male,177,64.0,18.3,High,intermediate,Maintenance,3,Non-Vegetarian,2648,161,318,56,Push Pull Legs + Accessories
44,Female,165,73.8,37.0,Moderate,advanced,Muscle Gain,6,Non-Vegetarian,3238,134,292,74,Push Pull Legs + Accessories
23,Female,169,105.6,17.5,Very High,beginner,Maintenance,4,Vegetarian,3359,131,458,90,Push Pull Legs + Accessories
27,Female,162,85.0,8.4,Light,advanced,Recomposition,3,Vegan,2757,138,394,84,Push Pull Legs + Accessories
51,Female,154,107.3,12.5,Very High,beginner,Fat Loss,4,Vegetarian,2590,172,259,69,Push Pull Legs + Accessories
26,Female,161,103.7,16.4,Light,beginner,Recomposition,5,Vegetarian,2392,176,185,61,Upper Lower + Full Body
49,Female,169,90.9,44.6,Moderate,intermediate,Fat Loss,3,Non-Vegetarian,1975,131,514,76,Push Pull Legs + Accessories
41,Female,179,77.7,28.8,Low,beginner,Maintenance,5,Vegetarian,3204,106,525,96,Push Pull Legs + Accessories
34,Female,188,62.2,43.8,Light,beginner,Recomposition,3,Non-Vegetarian,2441,103,381,90,Full Body
34,Male,166,56.5,10.3,Light,beginner,Recomposition,6,Non-Vegetarian,2533,102,497,52,Push Pull Legs
38,Male,155,86.1,11.4,Very High,intermediate,Muscle Gain,5,Non-Vegetarian,3532,180,223,65,Upper Lower
53,Female,170,48.2,11.2,Moderate,beginner,Fat Loss,4,Vegan,2452,154,607,89,Push Pull Legs + Accessories
29,Male,181,88.7,33.6,Low,intermediate,Fat Loss,4,Vegetarian,2422,102,121,86,Push Pull Legs
49,Male,152,47.5,13.6,Very High,beginner,Maintenance,5,Non-Vegetarian,3040,127,536,81,Upper Lower + Full Body
39,Male,158,75.8,34.0,Moderate,advanced,Recomposition,3,Vegetarian,2193,117,444,99,Upper Lower
37,Male,150,85.8,25.7,Moderate,beginner,Fat Loss,3,Non-Vegetarian,1457,91,276,52,Push Pull Legs
53,Female,187,74.6,20.5,Light,intermediate,Muscle Gain,5,Non-Vegetarian,2979,206,278,40,Full Body
23,Male,189,53.2,18.4,Low,beginner,Recomposition,6,Non-Vegetarian,2319,140,164,57,Upper Lower
43,Male,155,103.8,43.8,Moderate,advanced,Muscle Gain,6,Vegetarian,3026,158,453,77,Full Body
44,Male,179,106.1,41.1,Light,intermediate,Recomposition,3,Vegetarian,2531,130,235,35,Push Pull Legs
45,Female,185,76.7,23.8,Low,intermediate,Recomposition,3,Vegetarian,1964,100,213,84,Push Pull Legs + Accessories
29,Male,165,68.7,37.4,Very High,beginner,Fat Loss,3,Vegan,2058,124,408,75,Push Pull Legs
39,Female,180,98.2,41.2,Very High,intermediate,Fat Loss,4,Vegetarian,2381,119,152,53,Full Body
43,Male,193,62.2,35.7,Moderate,advanced,Maintenance,3,Vegan,1750,108,155,73,Push Pull Legs
38,Male,195,64.8,26.7,Moderate,beginner,Muscle Gain,4,Vegetarian,3165,150,493,66,Upper Lower
30,Female,165,45.4,25.8,Moderate,advanced,Maintenance,4,Non-Vegetarian,3134,96,122,71,Push Pull Legs
34,Female,164,74.3,24.6,Light,beginner,Recomposition,3,Vegan,2152,146,182,49,Upper Lower
28,Female,185,103.4,38.9,Light,beginner,Recomposition,3,Non-Vegetarian,2914,159,503,83,Upper Lower + Full Body
47,Male,174,84.3,21.9,Moderate,advanced,Muscle Gain,6,Vegan,2969,188,364,38,Push Pull Legs
40,Male,173,103.0,29.8,High,advanced,Fat Loss,4,Vegan,1450,152,336,83,Full Body
19,Female,183,84.1,38.2,Moderate,beginner,Recomposition,5,Vegan,3069,170,423,80,Upper Lower
54,Female,162,105.5,21.6,Low,advanced,Recomposition,6,Non-Vegetarian,1613,163,387,85,Upper Lower
48,Male,184,102.2,19.9,Light,advanced,Fat Loss,6,Vegetarian,2489,174,283,87,Push Pull Legs
42,Male,154,52.9,24.1,Low,advanced,Muscle Gain,3,Vegan,2902,155,123,43,Upper Lower + Full Body
54,Female,150,97.9,10.5,High,beginner,Muscle Gain,4,Vegetarian,4046,188,535,56,Upper Lower + Full Body
40,Male,192,88.4,27.4,High,intermediate,Recomposition,3,Vegetarian,2168,175,595,52,Push Pull Legs + Accessories
24,Male,156,81.6,23.8,Very High,intermediate,Maintenance,6,Vegetarian,2705,147,327,75,Upper Lower + Full Body
42,Female,194,96.9,33.4,Very High,beginner,Fat Loss,3,Non-Vegetarian,1546,116,497,86,Upper Lower
36,Female,183,95.9,30.6,Moderate,beginner,Muscle Gain,6,Non-Vegetarian,2433,154,598,69,Upper Lower + Full Body
48,Female,162,68.6,12.5,Light,advanced,Muscle Gain,6,Vegan,4034,133,641,92,Full Body
46,Female,188,60.5,39.9,Very High,advanced,Maintenance,5,Vegetarian,2799,120,501,84,Upper Lower + Full Body
25,Female,161,67.8,36.6,Low,advanced,Fat Loss,3,Vegan,2078,122,556,50,Upper Lower
49,Female,157,82.5,29.0,Very High,advanced,Fat Loss,4,Non-Vegetarian,1789,176,158,62,Push Pull Legs
53,Male,180,81.2,9.5,High,advanced,Fat Loss,6,Non-Vegetarian,1775,120,457,77,Upper Lower
28,Female,153,53.8,33.0,Very High,intermediate,Maintenance,6,Vegan,1953,104,310,55,Push Pull Legs + Accessories
36,Male,173,52.9,16.5,Light,beginner,Fat Loss,4,Vegetarian,2202,172,591,100,Push Pull Legs + Accessories
18,Female,165,81.9,18.2,High,intermediate,Muscle Gain,5,Non-Vegetarian,3975,188,626,96,Upper Lower + Full Body
47,Male,169,58.2,41.8,Moderate,beginner,Maintenance,5,Vegetarian,2416,121,634,44,Push Pull Legs
49,Female,172,47.1,29.7,High,beginner,Muscle Gain,5,Vegan,2141,193,312,83,Upper Lower + Full Body
46,Female,191,67.9,23.5,Very High,intermediate,Fat Loss,4,Vegan,1505,142,506,93,Push Pull Legs
38,Female,151,71.0,36.1,Light,advanced,Maintenance,5,Vegetarian,1823,98,136,73,Upper Lower
55,Female,180,61.9,15.1,Moderate,advanced,Fat Loss,3,Vegetarian,1518,157,192,99,Upper Lower + Full Body
25,Female,163,107.4,36.2,Very High,beginner,Maintenance,6,Non-Vegetarian,2130,157,434,99,Push Pull Legs
23,Male,170,91.6,9.4,Light,intermediate,Recomposition,5,Non-Vegetarian,1708,172,214,87,Full Body
42,Male,161,64.6,42.8,Moderate,intermediate,Recomposition,4,Vegetarian,1964,105,356,78,Full Body
28,Female,159,88.1,29.1,Low,intermediate,Muscle Gain,6,Vegetarian,3208,129,402,84,Push Pull Legs + Accessories
39,Male,166,75.7,9.8,Low,intermediate,Muscle Gain,4,Vegan,4152,209,198,41,Push Pull Legs + Accessories
24,Female,175,57.3,12.9,Moderate,advanced,Muscle Gain,4,Vegetarian,2698,121,418,48,Push Pull Legs + Accessories
43,Female,154,69.9,9.5,Very High,intermediate,Recomposition,5,Vegan,1775,157,463,69,Push Pull Legs
31,Male,193,57.8,22.5,Low,beginner,Maintenance,3,Non-Vegetarian,2582,130,239,91,Upper Lower + Full Body
41,Male,180,80.7,28.9,Moderate,beginner,Maintenance,4,Vegetarian,1875,164,238,48,Full Body
54,Male,187,104.2,18.0,Low,intermediate,Muscle Gain,5,Vegetarian,2344,127,645,81,Push Pull Legs + Accessories
55,Male,157,63.5,14.2,Moderate,beginner,Muscle Gain,3,Vegetarian,2125,113,581,73,Push Pull Legs
21,Male,189,103.6,31.9,Moderate,intermediate,Recomposition,6,Non-Vegetarian,2878,128,195,53,Push Pull Legs + Accessories
25,Male,165,88.0,24.9,Moderate,advanced,Muscle Gain,6,Non-Vegetarian,3118,188,246,75,Upper Lower
25,Male,185,87.6,41.0,Low,beginner,Muscle Gain,5,Vegetarian,2891,113,487,86,Upper Lower + Full Body
33,Male,168,56.9,17.3,Low,advanced,Fat Loss,4,Vegan,1815,140,298,85,Push Pull Legs + Accessories
33,Male,160,45.7,13.2,Light,intermediate,Fat Loss,4,Vegan,2168,146,160,92,Push Pull Legs + Accessories
19,Female,169,95.2,30.9,Light,advanced,Recomposition,6,Vegan,2409,150,429,41,Upper Lower + Full Body
49,Female,158,49.9,24.6,Moderate,beginner,Maintenance,3,Vegetarian,2193,117,156,82,Push Pull Legs
49,Male,159,63.4,25.1,Light,intermediate,Maintenance,4,Non-Vegetarian,2409,127,186,90,Upper Lower + Full Body
55,Male,161,76.6,39.2,Light,advanced,Maintenance,4,Vegetarian,2837,103,293,100,Upper Lower + Full Body
42,Male,191,57.5,32.8,Light,intermediate,Recomposition,3,Non-Vegetarian,3110,95,400,58,Upper Lower
47,Female,191,60.0,27.3,Very High,intermediate,Fat Loss,3,Vegetarian,2173,177,311,45,Upper Lower
33,Female,169,91.0,34.6,Moderate,beginner,Recomposition,3,Non-Vegetarian,2581,137,126,73,Upper Lower + Full Body
54,Female,189,84.8,41.8,Light,intermediate,Recomposition,6,Vegan,2452,180,544,51,Push Pull Legs
52,Male,150,97.8,41.7,Moderate,beginner,Maintenance,5,Vegan,2435,125,295,55,Full Body
39,Female,156,57.7,39.3,Light,advanced,Muscle Gain,5,Vegan,2275,144,421,47,Upper Lower + Full Body
31,Female,192,89.8,12.1,Low,beginner,Recomposition,6,Non-Vegetarian,2301,103,355,89,Upper Lower
40,Female,188,45.6,39.6,Low,intermediate,Muscle Gain,6,Vegetarian,4034,118,264,65,Full Body
44,Male,194,76.6,26.6,High,beginner,Fat Loss,4,Vegetarian,2597,159,234,52,Upper Lower + Full Body
46,Male,154,102.6,40.3,Very High,advanced,Fat Loss,5,Non-Vegetarian,2207,177,447,52,Push Pull Legs
28,Male,178,93.7,43.1,High,beginner,Recomposition,4,Vegetarian,1779,129,330,65,Push Pull Legs
52,Male,182,71.2,44.0,Low,intermediate,Maintenance,5,Vegan,3400,93,147,65,Upper Lower + Full Body
50,Male,151,60.8,23.4,Very High,intermediate,Muscle Gain,3,Vegetarian,2528,108,632,54,Full Body
34,Male,151,80.4,24.6,Light,advanced,Maintenance,6,Vegetarian,2569,160,601,92,Upper Lower
22,Male,168,81.9,29.2,Low,beginner,Fat Loss,3,Non-Vegetarian,1684,172,438,98,Full Body
31,Male,169,64.9,11.9,High,intermediate,Muscle Gain,3,Vegetarian,3205,207,524,35,Push Pull Legs
36,Male,157,58.0,16.7,Moderate,intermediate,Recomposition,5,Vegetarian,1696,150,270,51,Upper Lower
45,Female,194,75.2,32.3,High,intermediate,Muscle Gain,6,Vegan,3859,162,553,95,Push Pull Legs + Accessories
22,Female,163,77.5,25.2,Low,beginner,Fat Loss,3,Vegan,2475,118,587,55,Push Pull Legs
50,Female,180,59.6,18.2,Low,advanced,Maintenance,5,Non-Vegetarian,3214,154,539,100,Push Pull Legs
32,Female,167,52.4,28.6,Low,intermediate,Recomposition,5,Vegan,2987,95,373,48,Full Body
38,Female,182,66.5,15.1,Very High,beginner,Maintenance,4,Vegan,2501,107,153,81,Full Body
30,Female,165,82.9,24.6,Very High,intermediate,Maintenance,3,Non-Vegetarian,2166,156,441,88,Push Pull Legs + Accessories
26,Male,153,93.0,43.7,Low,intermediate,Fat Loss,6,Vegan,1871,113,176,79,Full Body
39,Female,164,88.8,17.9,Low,intermediate,Recomposition,6,Non-Vegetarian,3030,154,288,52,Push Pull Legs
20,Male,179,95.7,33.1,Low,intermediate,Muscle Gain,5,Non-Vegetarian,2278,115,297,72,Push Pull Legs + Accessories
46,Male,173,88.5,27.9,Low,intermediate,Muscle Gain,3,Vegan,3272,170,557,87,Push Pull Legs + Accessories
51,Male,176,61.7,18.1,High,beginner,Maintenance,5,Non-Vegetarian,1821,123,544,95,Push Pull Legs
19,Male,157,77.6,25.2,Low,beginner,Fat Loss,4,Non-Vegetarian,2248,96,412,72,Upper Lower
47,Male,165,53.7,39.1,High,advanced,Recomposition,5,Vegan,2991,97,338,42,Full Body
50,Male,156,97.2,24.4,Very High,advanced,Fat Loss,5,Non-Vegetarian,2474,110,410,94,Push Pull Legs
51,Female,157,51.8,42.6,Light,beginner,Muscle Gain,6,Non-Vegetarian,3003,117,373,45,Full Body
42,Female,173,51.3,37.1,Light,intermediate,Maintenance,3,Non-Vegetarian,1816,92,371,69,Upper Lower
35,Female,162,92.4,13.7,High,advanced,Recomposition,5,Vegetarian,3010,132,335,83,Upper Lower
23,Female,191,88.7,15.6,Low,intermediate,Maintenance,3,Vegan,1836,104,147,52,Push Pull Legs
18,Female,181,51.7,35.3,Very High,beginner,Muscle Gain,3,Non-Vegetarian,2526,122,197,74,Full Body
45,Male,178,87.5,43.0,Moderate,beginner,Maintenance,4,Non-Vegetarian,3287,144,242,50,Push Pull Legs + Accessories
38,Male,192,94.7,29.1,Very High,intermediate,Maintenance,4,Non-Vegetarian,3322,100,401,77,Full Body
46,Male,170,79.8,13.7,Very High,beginner,Maintenance,3,Vegan,1918,124,438,39,Upper Lower
26,Male,162,67.6,21.7,Light,intermediate,Muscle Gain,4,Vegan,3365,182,295,100,Upper Lower + Full Body
39,Male,151,105.2,26.3,Low,intermediate,Muscle Gain,6,Vegetarian,3477,133,421,51,Full Body
35,Male,195,90.6,26.2,High,intermediate,Maintenance,5,Vegan,2499,123,371,39,Full Body
36,Female,153,48.2,8.3,Very High,advanced,Fat Loss,6,Non-Vegetarian,2418,145,248,93,Full Body
31,Female,181,75.1,16.4,Very High,intermediate,Maintenance,6,Vegetarian,2893,102,263,50,Push Pull Legs
19,Female,179,55.2,21.3,Moderate,advanced,Fat Loss,6,Vegetarian,1489,145,181,63,Upper Lower
47,Female,151,73.6,13.3,Light,intermediate,Muscle Gain,6,Non-Vegetarian,2824,115,523,42,Upper Lower
41,Male,153,87.2,16.6,Very High,intermediate,Fat Loss,5,Non-Vegetarian,1616,148,486,54,Upper Lower
23,Female,181,83.4,17.8,High,advanced,Maintenance,5,Non-Vegetarian,2938,135,482,93,Upper Lower + Full Body
29,Male,178,92.1,34.8,High,advanced,Maintenance,4,Non-Vegetarian,3193,103,354,51,Upper Lower
19,Female,160,58.9,43.7,High,advanced,Fat Loss,6,Non-Vegetarian,1509,149,538,69,Push Pull Legs
20,Female,167,92.3,22.4,Moderate,beginner,Muscle Gain,4,Vegan,3547,129,636,45,Push Pull Legs
40,Male,150,106.0,34.2,Light,advanced,Fat Loss,3,Non-Vegetarian,1897,176,466,80,Upper Lower
46,Male,176,76.9,37.4,Light,beginner,Fat Loss,5,Vegan,1842,117,354,93,Upper Lower
46,Male,183,107.6,30.5,Very High,beginner,Muscle Gain,5,Vegetarian,2168,101,261,83,Push Pull Legs
46,Female,160,49.4,15.2,Moderate,advanced,Recomposition,6,Non-Vegetarian,2043,153,189,81,Full Body
33,Female,157,108.0,21.2,Low,advanced,Fat Loss,3,Vegan,2228,118,151,81,Push Pull Legs
31,Female,164,75.4,39.4,Light,beginner,Fat Loss,6,Vegetarian,1863,100,438,78,Push Pull Legs
47,Male,192,104.3,21.8,Low,advanced,Fat Loss,6,Vegan,1337,90,180,95,Upper Lower
19,Male,185,87.6,25.7,Light,beginner,Maintenance,5,Vegetarian,2202,166,451,87,Push Pull Legs
33,Male,163,49.9,20.1,Very High,advanced,Recomposition,5,Vegetarian,2542,136,576,38,Upper Lower
30,Male,150,98.2,28.4,Very High,beginner,Recomposition,3,Vegan,2179,98,596,78,Push Pull Legs
35,Male,157,106.5,42.5,Low,intermediate,Recomposition,6,Vegan,2315,156,616,76,Full Body
18,Female,187,67.0,35.9,Moderate,intermediate,Muscle Gain,5,Vegan,3792,122,374,85,Push Pull Legs + Accessories
43,Female,158,73.9,26.6,Moderate,beginner,Muscle Gain,5,Vegan,2550,105,435,63,Upper Lower + Full Body
38,Female,152,89.3,33.5,High,beginner,Muscle Gain,6,Non-Vegetarian,3068,184,318,72,Upper Lower + Full Body
54,Male,168,51.9,37.0,High,intermediate,Maintenance,3,Non-Vegetarian,2838,161,549,100,Full Body
46,Female,167,85.3,43.4,Low,beginner,Recomposition,6,Non-Vegetarian,2912,109,559,72,Push Pull Legs
33,Female,191,82.6,27.9,Moderate,beginner,Recomposition,6,Vegetarian,1748,110,405,62,Push Pull Legs
35,Female,172,88.9,30.1,Light,intermediate,Fat Loss,6,Vegan,1329,124,570,35,Full Body
48,Male,190,83.3,22.4,Low,advanced,Recomposition,5,Non-Vegetarian,2787,112,562,52,Push Pull Legs
28,Male,180,106.9,43.7,High,beginner,Fat Loss,5,Non-Vegetarian,2290,113,194,54,Upper Lower
19,Male,185,95.7,24.9,Very High,advanced,Maintenance,3,Non-Vegetarian,2179,108,432,58,Full Body
42,Female,151,45.4,28.0,Low,intermediate,Recomposition,4,Non-Vegetarian,2938,167,167,61,Push Pull Legs
35,Male,154,98.4,44.1,High,intermediate,Fat Loss,4,Vegan,2355,131,564,69,Upper Lower + Full Body
46,Female,151,92.9,37.6,High,beginner,Muscle Gain,6,Non-Vegetarian,3545,112,404,65,Upper Lower
20,Female,153,96.0,35.1,Low,advanced,Recomposition,5,Non-Vegetarian,2003,139,568,45,Push Pull Legs + Accessories
50,Male,194,74.8,14.9,Low,intermediate,Recomposition,6,Non-Vegetarian,1612,131,381,82,Upper Lower + Full Body
45,Female,157,79.0,18.7,Very High,advanced,Recomposition,5,Vegetarian,2161,111,620,99,Full Body
22,Male,166,52.1,35.2,Very High,advanced,Recomposition,4,Non-Vegetarian,2024,180,384,57,Push Pull Legs
26,Male,163,91.4,29.3,Very High,advanced,Fat Loss,3,Non-Vegetarian,2453,93,134,94,Push Pull Legs
26,Male,192,90.2,18.7,Moderate,advanced,Maintenance,5,Non-Vegetarian,2628,151,192,81,Full Body
47,Male,191,90.2,22.5,Moderate,intermediate,Recomposition,4,Vegan,1773,102,531,74,Full Body
43,Female,181,104.8,38.3,High,intermediate,Maintenance,6,Vegan,2586,139,530,67,Push Pull Legs + Accessories
20,Female,185,67.9,8.3,Moderate,advanced,Fat Loss,6,Non-Vegetarian,1974,131,309,44,Push Pull Legs + Accessories
21,Female,168,82.3,27.9,High,advanced,Fat Loss,6,Vegetarian,2258,136,426,70,Upper Lower
18,Male,177,50.0,33.9,Moderate,advanced,Muscle Gain,6,Vegan,2697,176,598,64,Upper Lower + Full Body
35,Female,152,49.0,37.6,Light,intermediate,Recomposition,6,Vegetarian,2796,94,371,55,Push Pull Legs
33,Female,153,57.6,28.1,Light,advanced,Fat Loss,4,Vegetarian,1461,103,234,100,Full Body
43,Male,172,61.4,27.7,Moderate,advanced,Recomposition,5,Non-Vegetarian,1873,179,416,80,Upper Lower
24,Female,171,49.9,15.1,Very High,intermediate,Maintenance,5,Non-Vegetarian,3148,156,336,75,Push Pull Legs
54,Female,184,58.0,26.6,Low,advanced,Fat Loss,5,Non-Vegetarian,2113,144,562,66,Upper Lower
52,Female,177,88.2,10.5,Very High,beginner,Maintenance,6,Vegetarian,3118,105,233,90,Upper Lower
45,Female,188,64.9,25.4,Light,advanced,Fat Loss,6,Vegan,2399,126,260,90,Upper Lower + Full Body
25,Female,181,107.8,24.9,High,intermediate,Muscle Gain,3,Vegetarian,2537,183,626,44,Upper Lower + Full Body
38,Male,193,101.2,39.0,Light,advanced,Recomposition,4,Vegetarian,1863,105,494,44,Upper Lower + Full Body
35,Male,172,92.5,22.2,Moderate,advanced,Maintenance,6,Vegan,2074,109,156,47,Push Pull Legs + Accessories
45,Female,176,59.1,37.3,Very High,beginner,Maintenance,3,Vegan,2018,126,313,51,Push Pull Legs + Accessories
38,Male,165,88.8,11.4,Moderate,beginner,Fat Loss,3,Vegan,2312,130,440,71,Push Pull Legs
28,Female,153,54.2,18.5,Moderate,beginner,Maintenance,3,Non-Vegetarian,2273,137,134,62,Upper Lower
50,Male,153,100.6,31.7,Very High,advanced,Recomposition,3,Vegetarian,2142,124,124,73,Upper Lower
19,Male,189,45.8,25.9,Very High,beginner,Fat Loss,5,Vegan,1794,106,620,95,Upper Lower
45,Female,172,67.3,24.3,Low,intermediate,Fat Loss,6,Non-Vegetarian,2274,118,465,76,Full Body
36,Male,179,105.9,14.6,High,intermediate,Recomposition,3,Non-Vegetarian,2999,121,342,51,Upper Lower + Full Body
29,Female,179,91.0,38.8,Low,intermediate,Muscle Gain,3,Vegetarian,3043,206,347,66,Upper Lower + Full Body
45,Male,160,75.7,39.6,Very High,advanced,Maintenance,4,Non-Vegetarian,3363,147,604,59,Upper Lower
26,Male,188,101.2,40.0,Light,intermediate,Muscle Gain,3,Vegetarian,3808,144,368,81,Full Body
23,Female,168,97.1,11.1,Low,intermediate,Fat Loss,4,Vegetarian,2101,173,453,46,Push Pull Legs
35,Male,166,57.3,17.3,Light,intermediate,Maintenance,5,Non-Vegetarian,2130,110,548,46,Full Body
28,Male,194,94.4,42.2,Low,advanced,Muscle Gain,6,Vegan,2615,121,572,85,Upper Lower + Full Body
38,Male,160,75.0,9.7,Very High,intermediate,Maintenance,6,Vegetarian,1815,167,343,59,Upper Lower + Full Body
31,Female,152,45.9,29.8,Low,advanced,Recomposition,4,Vegan,1887,133,646,89,Push Pull Legs + Accessories
39,Female,168,71.2,28.4,Low,intermediate,Fat Loss,5,Non-Vegetarian,1356,120,416,70,Push Pull Legs + Accessories
32,Male,161,91.3,38.3,Moderate,advanced,Recomposition,5,Vegetarian,2284,127,540,60,Full Body
47,Male,170,77.2,19.6,Low,advanced,Maintenance,3,Vegan,2723,140,515,80,Upper Lower + Full Body
55,Female,176,66.3,23.2,Low,advanced,Fat Loss,4,Non-Vegetarian,1944,109,306,85,Full Body
26,Female,155,45.6,13.9,Light,intermediate,Muscle Gain,5,Non-Vegetarian,3446,161,497,60,Push Pull Legs + Accessories
32,Male,181,70.8,9.7,Low,intermediate,Fat Loss,6,Non-Vegetarian,1738,97,309,95,Push Pull Legs
32,Male,181,55.1,29.8,Light,beginner,Muscle Gain,4,Non-Vegetarian,2608,139,314,54,Upper Lower
20,Female,155,91.6,32.9,Moderate,advanced,Recomposition,4,Vegan,2133,93,591,90,Upper Lower + Full Body
30,Female,188,48.5,28.2,Very High,beginner,Maintenance,6,Non-Vegetarian,2637,169,144,41,Push Pull Legs + Accessories
37,Male,169,71.0,44.3,High,advanced,Maintenance,4,Non-Vegetarian,3101,90,436,61,Upper Lower + Full Body
50,Female,160,102.1,35.5,Low,advanced,Maintenance,5,Vegan,2070,132,557,56,Upper Lower + Full Body
29,Female,174,69.7,35.8,Light,beginner,Fat Loss,5,Non-Vegetarian,1625,152,370,73,Push Pull Legs + Accessories
48,Male,153,92.3,18.0,Light,beginner,Fat Loss,5,Vegan,1814,145,546,85,Push Pull Legs
40,Male,156,105.9,19.0,High,beginner,Muscle Gain,6,Vegan,3621,121,634,84,Upper Lower + Full Body
28,Female,167,108.2,30.4,Moderate,beginner,Fat Loss,5,Vegetarian,2365,144,451,88,Push Pull Legs
37,Male,167,48.1,28.8,Very High,beginner,Fat Loss,3,Vegan,1807,159,148,50,Push Pull Legs + Accessories
35,Male,180,72.4,10.5,Light,advanced,Fat Loss,6,Non-Vegetarian,2533,121,122,46,Upper Lower
19,Male,154,70.1,11.5,Moderate,beginner,Muscle Gain,3,Vegan,2627,130,221,81,Upper Lower
22,Male,162,60.8,38.6,Light,advanced,Muscle Gain,5,Vegetarian,2726,110,291,97,Push Pull Legs
33,Male,157,80.7,41.9,High,beginner,Muscle Gain,3,Vegetarian,3424,177,138,66,Push Pull Legs
49,Female,190,65.8,41.4,Low,beginner,Muscle Gain,3,Vegan,2324,159,505,78,Upper Lower
36,Male,169,79.4,17.5,Light,advanced,Recomposition,3,Non-Vegetarian,1748,130,411,98,Full Body
25,Female,157,75.2,31.2,Very High,intermediate,Muscle Gain,4,Non-Vegetarian,2576,168,310,39,Full Body
20,Male,189,60.4,44.7,Very High,beginner,Fat Loss,5,Vegan,2463,172,236,57,Upper Lower
25,Male,174,88.3,8.5,Moderate,advanced,Fat Loss,4,Non-Vegetarian,1455,159,359,52,Full Body
46,Male,174,55.4,13.5,Low,beginner,Muscle Gain,4,Vegetarian,2404,155,598,79,Full Body
51,Male,163,55.9,22.3,Low,beginner,Muscle Gain,6,Non-Vegetarian,4070,114,235,90,Push Pull Legs + Accessories
26,Female,188,45.5,19.8,Moderate,beginner,Recomposition,5,Vegetarian,2485,146,359,37,Upper Lower
20,Male,189,82.3,11.1,Moderate,beginner,Muscle Gain,5,Vegan,2048,146,322,44,Upper Lower + Full Body
22,Female,153,88.2,9.0,Moderate,intermediate,Muscle Gain,5,Vegan,3310,120,418,87,Push Pull Legs + Accessories
21,Female,164,95.8,26.7,High,intermediate,Recomposition,3,Vegan,1614,161,352,38,Push Pull Legs + Accessories
35,Female,192,64.1,9.5,Very High,beginner,Maintenance,5,Vegan,1715,100,629,55,Push Pull Legs + Accessories
47,Male,191,83.7,24.4,Light,advanced,Fat Loss,3,Vegetarian,2420,120,253,36,Full Body
23,Male,160,49.1,15.2,Low,intermediate,Fat Loss,6,Vegan,1363,99,160,81,Push Pull Legs
37,Male,152,71.1,10.4,High,advanced,Maintenance,6,Vegetarian,3172,101,591,41,Push Pull Legs + Accessories
52,Female,172,106.0,39.7,Very High,intermediate,Recomposition,4,Vegan,2946,101,287,67,Push Pull Legs
19,Female,169,86.3,28.1,Low,beginner,Muscle Gain,3,Vegetarian,2408,196,400,77,Push Pull Legs + Accessories
43,Female,179,73.5,41.4,Very High,intermediate,Fat Loss,5,Vegan,2117,93,218,96,Push Pull Legs
24,Male,178,72.4,20.3,High,intermediate,Muscle Gain,4,Vegetarian,2842,171,124,67,Full Body
37,Male,178,77.8,14.0,High,advanced,Fat Loss,5,Vegetarian,1604,97,481,58,Upper Lower + Full Body
51,Female,186,81.1,37.0,Moderate,advanced,Recomposition,4,Non-Vegetarian,1951,169,314,62,Full Body
19,Female,160,90.5,17.4,Very High,beginner,Recomposition,6,Vegetarian,3062,167,435,84,Full Body
35,Female,158,89.0,17.2,Very High,beginner,Maintenance,6,Vegan,2410,106,365,44,Upper Lower + Full Body
47,Female,175,55.8,43.9,High,beginner,Maintenance,4,Vegetarian,2338,90,519,55,Push Pull Legs
44,Male,177,57.6,18.0,Low,beginner,Maintenance,4,Vegetarian,2466,140,320,67,Full Body
44,Male,163,71.1,37.6,Very High,advanced,Recomposition,4,Vegetarian,1999,136,590,39,Full Body
35,Female,173,68.6,34.5,Moderate,beginner,Maintenance,5,Vegetarian,1872,99,227,94,Full Body
54,Female,166,64.0,29.0,High,advanced,Maintenance,4,Vegetarian,2993,160,426,57,Full Body
33,Female,182,52.1,21.6,Light,advanced,Muscle Gain,3,Non-Vegetarian,3118,196,622,57,Full Body
36,Female,161,83.1,40.5,High,beginner,Maintenance,6,Vegan,2118,131,339,98,Full Body
41,Male,165,100.5,10.3,Moderate,beginner,Maintenance,5,Vegan,1854,157,345,70,Push Pull Legs + Accessories
33,Male,153,67.1,25.2,Very High,beginner,Maintenance,5,Vegan,2102,99,146,99,Push Pull Legs
34,Male,175,108.7,41.5,Light,advanced,Recomposition,6,Vegetarian,2231,116,168,44,Full Body
18,Female,177,72.3,35.5,High,beginner,Muscle Gain,6,Vegan,3692,131,576,74,Upper Lower + Full Body
27,Male,154,78.7,26.2,Low,intermediate,Maintenance,3,Non-Vegetarian,1858,124,568,45,Full Body
24,Male,156,103.5,19.8,Light,advanced,Fat Loss,3,Non-Vegetarian,1390,90,380,41,Upper Lower
28,Female,185,105.3,31.0,High,advanced,Fat Loss,4,Vegetarian,1653,97,520,45,Full Body
27,Female,173,47.4,25.1,High,intermediate,Recomposition,5,Vegetarian,1666,97,189,71,Push Pull Legs
35,Female,158,61.7,8.5,High,beginner,Recomposition,4,Vegetarian,3044,158,553,43,Full Body
28,Female,183,90.8,39.2,Very High,advanced,Maintenance,6,Non-Vegetarian,3051,150,567,62,Push Pull Legs + Accessories
55,Male,164,46.9,19.6,High,advanced,Recomposition,4,Non-Vegetarian,2508,145,136,95,Full Body
20,Male,173,83.1,30.4,Very High,beginner,Maintenance,3,Non-Vegetarian,3373,119,177,65,Full Body
19,Female,158,79.5,36.4,High,advanced,Recomposition,6,Vegan,1630,169,549,62,Full Body
47,Female,175,46.1,26.0,Low,beginner,Muscle Gain,3,Vegetarian,4049,137,252,84,Upper Lower
42,Male,169,99.5,18.6,Low,advanced,Muscle Gain,4,Non-Vegetarian,3414,174,420,42,Upper Lower + Full Body
32,Female,170,71.3,16.9,Light,intermediate,Fat Loss,6,Non-Vegetarian,2509,132,158,92,Push Pull Legs + Accessories
38,Female,179,103.2,26.0,Moderate,advanced,Maintenance,4,Non-Vegetarian,1855,111,294,77,Upper Lower + Full Body
44,Female,179,96.6,39.3,Low,beginner,Recomposition,5,Vegetarian,1923,151,299,70,Upper Lower + Full Body
38,Female,160,58.6,31.1,High,intermediate,Muscle Gain,4,Vegetarian,2917,185,649,78,Full Body
46,Male,150,48.8,17.7,Low,intermediate,Muscle Gain,4,Non-Vegetarian,2587,153,447,95,Full Body
52,Male,171,49.5,44.7,Very High,intermediate,Recomposition,4,Non-Vegetarian,1929,168,411,88,Push Pull Legs
26,Female,177,93.6,8.8,Low,advanced,Maintenance,4,Vegetarian,2514,121,329,68,Push Pull Legs + Accessories
22,Male,183,83.9,27.4,Light,intermediate,Fat Loss,4,Vegan,2083,134,313,62,Upper Lower + Full Body
36,Male,156,91.3,30.7,High,beginner,Recomposition,3,Vegetarian,2014,176,356,42,Upper Lower + Full Body
36,Female,168,50.6,32.1,Light,intermediate,Recomposition,3,Vegan,1970,176,136,60,Push Pull Legs
48,Male,185,80.1,35.1,Low,beginner,Fat Loss,6,Non-Vegetarian,2146,153,588,94,Push Pull Legs + Accessories
44,Male,171,94.7,24.9,Moderate,intermediate,Maintenance,5,Non-Vegetarian,2964,97,333,67,Upper Lower + Full Body
39,Male,194,61.3,21.3,Low,beginner,Muscle Gain,4,Non-Vegetarian,2836,173,442,82,Upper Lower
21,Male,184,85.2,35.8,Light,advanced,Fat Loss,4,Vegan,1468,116,493,43,Full Body
39,Female,151,75.2,13.3,Moderate,beginner,Recomposition,4,Non-Vegetarian,1629,139,570,71,Push Pull Legs
25,Female,169,64.9,26.8,High,beginner,Muscle Gain,6,Non-Vegetarian,3002,194,381,52,Push Pull Legs + Accessories
33,Female,153,56.3,18.4,High,advanced,Maintenance,6,Vegetarian,2406,111,154,55,Upper Lower
50,Female,189,58.4,25.1,Low,beginner,Maintenance,4,Vegan,2241,157,206,73,Upper Lower + Full Body
23,Female,174,89.1,20.4,Very High,beginner,Maintenance,5,Non-Vegetarian,3045,127,425,90,Full Body
27,Female,165,98.6,8.2,Moderate,beginner,Maintenance,4,Non-Vegetarian,2019,157,504,98,Upper Lower + Full Body
39,Female,166,77.1,8.3,Low,advanced,Recomposition,6,Vegan,3007,134,166,50,Full Body
46,Female,152,93.7,30.8,Light,intermediate,Recomposition,4,Vegan,2303,95,251,99,Push Pull Legs
37,Male,192,50.0,25.9,Low,advanced,Recomposition,4,Non-Vegetarian,3035,144,163,66,Push Pull Legs
24,Female,164,88.1,8.5,High,advanced,Fat Loss,3,Non-Vegetarian,1849,134,612,76,Upper Lower
40,Female,168,87.1,34.5,Light,beginner,Recomposition,6,Vegan,2628,133,212,80,Push Pull Legs
43,Female,183,105.8,10.6,Moderate,advanced,Recomposition,3,Vegan,2265,136,545,88,Push Pull Legs
44,Female,185,109.1,41.0,Low,advanced,Fat Loss,6,Vegan,1789,139,376,87,Push Pull Legs
54,Female,173,65.4,33.7,Low,beginner,Fat Loss,4,Vegan,1984,143,312,58,Upper Lower
41,Female,154,78.2,21.8,Very High,intermediate,Muscle Gain,4,Vegetarian,2595,182,559,92,Full Body
55,Female,181,81.0,27.4,Very High,advanced,Recomposition,4,Vegetarian,2770,144,349,42,Full Body
49,Male,190,48.3,34.2,High,advanced,Fat Loss,4,Non-Vegetarian,2453,100,552,67,Upper Lower
18,Male,157,53.7,18.4,Very High,advanced,Muscle Gain,3,Non-Vegetarian,3599,126,230,46,Upper Lower + Full Body
33,Female,179,109.8,32.1,Very High,intermediate,Maintenance,4,Non-Vegetarian,1709,143,273,57,Upper Lower
44,Male,162,67.6,25.4,Moderate,intermediate,Recomposition,5,Non-Vegetarian,2870,127,290,74,Push Pull Legs
37,Male,150,99.5,34.3,Light,advanced,Fat Loss,6,Vegetarian,1337,117,250,74,Upper Lower + Full Body
46,Male,169,101.2,44.5,Light,advanced,Maintenance,4,Vegan,3184,119,469,87,Push Pull Legs
53,Male,182,89.9,13.6,Light,advanced,Muscle Gain,6,Vegan,3349,164,542,52,Push Pull Legs
30,Female,191,107.9,40.4,Low,beginner,Fat Loss,3,Non-Vegetarian,2292,167,150,61,Push Pull Legs + Accessories
42,Female,175,59.9,32.1,Very High,intermediate,Recomposition,4,Vegan,1750,173,372,55,Push Pull Legs + Accessories
55,Female,182,63.2,8.4,Light,advanced,Recomposition,3,Vegan,1954,175,404,38,Upper Lower
41,Female,163,67.4,33.5,Low,advanced,Fat Loss,4,Vegan,1813,133,249,92,Full Body
46,Female,156,82.8,20.7,Light,beginner,Maintenance,6,Vegan,2631,161,183,93,Push Pull Legs
43,Male,171,54.9,39.4,Very High,intermediate,Muscle Gain,5,Vegetarian,4069,130,639,99,Upper Lower
22,Male,170,52.9,29.7,High,intermediate,Recomposition,5,Vegan,1782,121,529,45,Push Pull Legs + Accessories
46,Female,176,99.5,13.1,Light,beginner,Recomposition,3,Vegan,2942,131,395,38,Upper Lower
53,Female,166,82.7,19.0,Moderate,advanced,Maintenance,6,Non-Vegetarian,3356,142,524,44,Upper Lower
39,Female,190,67.1,36.7,Low,advanced,Muscle Gain,5,Vegan,3419,192,529,91,Upper Lower + Full Body
27,Male,163,81.7,32.1,Moderate,advanced,Fat Loss,6,Vegetarian,1539,164,411,46,Upper Lower
19,Female,176,69.9,28.8,Moderate,advanced,Fat Loss,6,Vegetarian,2387,153,162,91,Upper Lower
26,Male,151,103.7,41.4,Light,advanced,Muscle Gain,3,Vegetarian,2046,197,557,85,Push Pull Legs + Accessories
32,Female,178,55.7,8.6,High,beginner,Maintenance,5,Vegan,2158,138,490,88,Push Pull Legs + Accessories
47,Male,190,51.5,31.3,Low,intermediate,Recomposition,5,Non-Vegetarian,2187,114,537,97,Push Pull Legs + Accessories
38,Male,166,70.4,24.7,Very High,beginner,Muscle Gain,6,Non-Vegetarian,2023,175,469,69,Push Pull Legs + Accessories
33,Female,195,88.0,35.9,Very High,advanced,Recomposition,3,Vegetarian,1929,132,337,47,Upper Lower
45,Male,176,53.3,18.1,High,advanced,Muscle Gain,3,Vegan,3342,166,172,74,Push Pull Legs
36,Male,174,52.9,19.7,High,advanced,Muscle Gain,3,Vegetarian,2288,174,176,39,Push Pull Legs + Accessories
51,Male,182,106.0,17.5,High,advanced,Fat Loss,5,Vegan,2316,126,369,86,Upper Lower + Full Body
54,Male,190,108.0,28.5,Moderate,beginner,Fat Loss,3,Vegan,2387,130,507,98,Push Pull Legs
27,Male,156,58.1,8.5,Moderate,beginner,Maintenance,4,Non-Vegetarian,2990,98,226,46,Upper Lower + Full Body
30,Male,172,84.1,39.8,Low,advanced,Maintenance,4,Vegan,2882,126,184,58,Full Body
55,Female,152,92.4,16.4,Light,beginner,Recomposition,6,Non-Vegetarian,2397,145,157,84,Upper Lower
22,Female,162,95.8,38.8,Low,advanced,Fat Loss,6,Vegan,1746,158,592,71,Full Body
19,Male,183,51.5,15.3,Light,beginner,Fat Loss,6,Vegan,1317,113,514,83,Upper Lower
18,Male,180,53.0,42.5,Very High,beginner,Maintenance,3,Vegetarian,2157,103,199,95,Upper Lower + Full Body
21,Female,171,73.5,24.6,High,intermediate,Muscle Gain,4,Vegan,2552,197,154,64,Push Pull Legs
51,Male,178,65.8,24.2,Low,intermediate,Fat Loss,4,Vegan,1326,116,547,36,Push Pull Legs + Accessories
49,Female,183,76.3,30.0,Light,intermediate,Recomposition,4,Non-Vegetarian,2262,133,596,43,Upper Lower
36,Female,186,99.7,25.6,Moderate,advanced,Maintenance,3,Vegan,3225,129,443,64,Push Pull Legs + Accessories
29,Female,172,73.8,19.1,Moderate,advanced,Fat Loss,5,Vegetarian,2158,173,169,49,Upper Lower + Full Body
24,Female,156,98.2,19.6,High,intermediate,Fat Loss,4,Vegan,2005,99,447,93,Push Pull Legs + Accessories
44,Female,181,109.6,32.0,Low,advanced,Recomposition,3,Vegan,2715,115,636,61,Push Pull Legs
34,Male,177,66.0,10.2,High,intermediate,Recomposition,3,Vegetarian,2881,128,472,83,Upper Lower
31,Male,184,82.6,17.0,Very High,intermediate,Fat Loss,5,Non-Vegetarian,2225,96,467,44,Full Body
48,Female,183,106.0,31.6,High,beginner,Muscle Gain,4,Vegetarian,3103,186,268,94,Push Pull Legs
25,Female,192,79.1,32.9,Light,advanced,Recomposition,6,Vegan,2113,151,547,58,Upper Lower
19,Female,163,89.5,20.7,Moderate,intermediate,Recomposition,4,Non-Vegetarian,2678,102,313,50,Upper Lower + Full Body
29,Male,186,106.8,11.3,Light,advanced,Fat Loss,4,Vegan,1301,140,309,79,Upper Lower
24,Female,182,68.4,20.6,Moderate,beginner,Fat Loss,5,Vegan,2385,120,207,68,Push Pull Legs
32,Male,172,71.2,9.0,Light,advanced,Fat Loss,6,Non-Vegetarian,1690,131,430,36,Full Body
55,Female,184,106.8,21.3,Low,intermediate,Recomposition,4,Vegetarian,1998,108,495,42,Upper Lower + Full Body
29,Female,184,71.5,27.8,High,intermediate,Fat Loss,5,Non-Vegetarian,2091,96,299,61,Push Pull Legs
41,Male,184,73.6,27.3,Moderate,intermediate,Recomposition,4,Non-Vegetarian,2028,99,526,60,Upper Lower
53,Male,168,70.2,11.8,Light,advanced,Recomposition,4,Vegan,3175,91,361,61,Push Pull Legs + Accessories
21,Female,182,98.6,18.5,High,intermediate,Muscle Gain,3,Non-Vegetarian,2981,132,347,39,Upper Lower
21,Male,195,106.8,11.6,High,beginner,Recomposition,6,Vegetarian,3139,108,400,81,Full Body
22,Female,168,93.8,27.7,Moderate,intermediate,Recomposition,4,Vegetarian,2777,135,197,48,Push Pull Legs
51,Female,177,50.2,22.2,High,advanced,Muscle Gain,3,Vegetarian,3595,100,423,88,Upper Lower + Full Body
24,Male,178,62.0,32.4,Light,advanced,Muscle Gain,6,Vegetarian,3279,135,194,38,Push Pull Legs + Accessories
49,Female,184,80.4,19.8,High,beginner,Fat Loss,3,Non-Vegetarian,2015,97,301,70,Upper Lower
51,Male,186,57.7,17.8,Moderate,beginner,Recomposition,3,Vegetarian,2915,91,595,56,Upper Lower + Full Body
19,Female,160,60.9,32.4,Moderate,advanced,Muscle Gain,6,Non-Vegetarian,3820,112,378,78,Upper Lower
30,Male,157,77.5,11.0,High,advanced,Maintenance,5,Non-Vegetarian,3206,98,294,56,Full Body
28,Male,150,98.3,14.7,Very High,beginner,Maintenance,4,Vegetarian,2742,165,482,52,Push Pull Legs
43,Female,185,45.2,44.0,Light,intermediate,Recomposition,4,Non-Vegetarian,1693,131,178,96,Upper Lower
35,Male,188,49.1,40.8,Moderate,beginner,Muscle Gain,4,Vegan,2691,146,166,56,Push Pull Legs + Accessories
43,Female,159,96.2,16.9,Light,advanced,Maintenance,5,Vegetarian,3253,119,613,85,Full Body
31,Female,188,83.0,17.8,Very High,intermediate,Muscle Gain,4,Vegetarian,2107,166,540,67,Push Pull Legs
53,Female,176,87.6,38.7,Very High,advanced,Muscle Gain,5,Vegetarian,3362,107,398,100,Push Pull Legs + Accessories
39,Male,187,46.8,19.7,Very High,beginner,Fat Loss,6,Non-Vegetarian,1648,103,180,41,Push Pull Legs + Accessories
36,Female,166,75.6,33.6,Very High,beginner,Muscle Gain,6,Vegetarian,3984,132,130,38,Upper Lower
40,Female,175,79.3,40.9,Moderate,advanced,Recomposition,5,Vegan,2596,116,610,72,Full Body
43,Female,174,106.5,24.4,Light,intermediate,Recomposition,3,Non-Vegetarian,2562,123,226,53,Push Pull Legs
52,Male,150,57.5,27.1,Light,advanced,Fat Loss,5,Vegetarian,2392,176,408,35,Full Body
55,Male,165,95.3,12.3,Low,beginner,Recomposition,5,Non-Vegetarian,2503,137,255,90,Push Pull Legs + Accessories
53,Female,153,59.1,35.4,High,beginner,Recomposition,6,Vegan,1742,148,442,54,Full Body
33,Male,171,60.9,22.3,Moderate,beginner,Fat Loss,4,Vegetarian,1728,169,486,65,Upper Lower + Full Body
26,Female,194,102.4,22.7,Very High,advanced,Maintenance,4,Vegetarian,2928,161,599,65,Full Body
23,Male,155,61.5,38.0,High,advanced,Maintenance,6,Non-Vegetarian,2257,152,326,92,Push Pull Legs + Accessories
35,Male,187,106.9,9.5,High,intermediate,Muscle Gain,5,Non-Vegetarian,3594,210,464,96,Push Pull Legs + Accessories
42,Male,156,95.7,9.2,Light,advanced,Maintenance,3,Non-Vegetarian,2662,116,531,47,Push Pull Legs
36,Male,157,90.9,26.4,Moderate,intermediate,Maintenance,4,Vegetarian,2670,110,226,99,Upper Lower + Full Body
47,Female,154,89.0,23.7,Very High,advanced,Muscle Gain,6,Non-Vegetarian,4073,159,305,64,Push Pull Legs + Accessories
37,Male,154,52.7,17.8,Moderate,intermediate,Recomposition,6,Vegetarian,1897,139,455,96,Upper Lower
53,Male,159,99.7,29.7,Low,beginner,Recomposition,5,Vegan,1937,123,185,86,Push Pull Legs
24,Female,194,67.6,45.0,Moderate,intermediate,Fat Loss,6,Vegan,1764,97,404,62,Push Pull Legs + Accessories
31,Female,157,79.4,21.6,High,intermediate,Muscle Gain,6,Vegetarian,3782,196,381,67,Upper Lower + Full Body
35,Male,169,45.1,10.2,Moderate,beginner,Recomposition,5,Non-Vegetarian,1692,109,364,50,Push Pull Legs
37,Female,152,73.9,44.7,High,beginner,Recomposition,4,Vegetarian,3101,161,635,77,Full Body
47,Male,163,93.3,17.6,Very High,advanced,Recomposition,4,Non-Vegetarian,1835,172,611,59,Push Pull Legs + Accessories
38,Female,167,73.9,42.8,Very High,intermediate,Fat Loss,6,Vegetarian,1422,179,450,59,Upper Lower + Full Body
40,Male,191,91.4,10.0,High,advanced,Recomposition,6,Vegetarian,2743,131,319,86,Push Pull Legs
48,Male,168,105.3,33.9,Moderate,beginner,Fat Loss,5,Non-Vegetarian,1420,95,420,50,Upper Lower
44,Male,193,70.8,26.3,Moderate,beginner,Recomposition,3,Non-Vegetarian,1826,109,578,94,Push Pull Legs
45,Female,163,93.2,20.1,High,intermediate,Fat Loss,6,Vegetarian,2466,167,144,72,Upper Lower
49,Male,176,75.0,13.0,Light,intermediate,Muscle Gain,4,Vegan,3424,139,372,44,Push Pull Legs + Accessories
54,Male,154,65.7,19.4,High,intermediate,Recomposition,4,Non-Vegetarian,2457,96,409,84,Push Pull Legs + Accessories
20,Male,193,58.3,31.0,High,advanced,Muscle Gain,5,Vegan,3437,104,309,85,Push Pull Legs
34,Male,151,90.6,40.2,High,beginner,Muscle Gain,4,Vegetarian,2227,204,562,84,Push Pull Legs + Accessories
43,Female,170,63.6,8.2,Light,advanced,Fat Loss,5,Vegetarian,2584,173,236,87,Upper Lower + Full Body
32,Female,171,59.5,14.2,Very High,advanced,Recomposition,3,Non-Vegetarian,2726,175,132,81,Upper Lower + Full Body
33,Male,183,47.1,20.3,Light,beginner,Muscle Gain,4,Non-Vegetarian,3816,209,514,72,Full Body
41,Female,158,71.6,19.7,Low,intermediate,Muscle Gain,5,Vegan,3496,163,128,81,Upper Lower
20,Female,185,70.9,26.2,Moderate,intermediate,Muscle Gain,4,Vegetarian,3407,186,564,57,Full Body
27,Female,175,61.0,23.9,Low,intermediate,Fat Loss,5,Vegan,2008,98,494,46,Push Pull Legs + Accessories
41,Female,154,101.3,15.4,Very High,intermediate,Maintenance,4,Vegetarian,2053,148,322,69,Full Body
51,Female,191,46.3,10.4,High,intermediate,Fat Loss,3,Vegetarian,1850,143,211,85,Full Body
22,Female,170,54.7,33.9,High,intermediate,Fat Loss,4,Vegetarian,1561,176,387,92,Push Pull Legs
18,Male,156,62.5,33.6,Light,advanced,Recomposition,3,Vegan,2743,158,399,40,Upper Lower + Full Body
33,Female,178,94.9,43.1,Very High,advanced,Muscle Gain,4,Non-Vegetarian,4110,114,619,66,Push Pull Legs
51,Male,151,66.0,28.0,Very High,advanced,Muscle Gain,5,Vegan,4080,105,243,69,Push Pull Legs
31,Male,168,91.3,8.9,Low,advanced,Muscle Gain,3,Non-Vegetarian,3542,190,346,78,Upper Lower + Full Body
55,Female,187,47.5,14.8,Low,beginner,Muscle Gain,3,Non-Vegetarian,3699,172,430,88,Push Pull Legs
22,Male,160,104.3,40.6,High,intermediate,Recomposition,5,Vegetarian,2635,104,272,79,Upper Lower + Full Body
43,Male,160,48.4,38.3,Moderate,advanced,Maintenance,5,Vegan,1853,112,518,35,Upper Lower + Full Body
18,Male,165,59.6,34.8,Moderate,advanced,Recomposition,5,Non-Vegetarian,3006,135,627,50,Push Pull Legs + Accessories
40,Female,181,100.3,42.0,Low,beginner,Muscle Gain,5,Vegan,3414,208,178,73,Upper Lower
36,Female,191,51.5,18.0,Low,advanced,Recomposition,4,Vegan,3046,162,450,59,Upper Lower
32,Male,151,75.7,13.5,Moderate,advanced,Recomposition,6,Non-Vegetarian,1792,113,543,47,Upper Lower
41,Female,181,61.3,28.1,Low,advanced,Muscle Gain,5,Vegan,2819,173,371,74,Push Pull Legs
41,Male,167,86.2,42.2,Light,advanced,Recomposition,5,Vegan,2717,155,247,57,Push Pull Legs
42,Female,173,69.8,15.3,Moderate,advanced,Recomposition,4,Non-Vegetarian,2492,178,287,52,Upper Lower
52,Female,165,50.4,14.4,Moderate,beginner,Maintenance,3,Vegan,2121,168,472,78,Push Pull Legs + Accessories
28,Male,158,103.1,8.7,High,intermediate,Muscle Gain,3,Non-Vegetarian,2532,172,423,81,Push Pull Legs
42,Male,192,94.3,18.6,High,beginner,Maintenance,4,Non-Vegetarian,1895,126,372,44,Push Pull Legs
29,Male,165,92.8,12.6,Very High,intermediate,Recomposition,6,Vegan,2904,96,554,89,Push Pull Legs + Accessories
48,Female,180,87.0,13.0,Low,advanced,Muscle Gain,3,Vegan,2251,137,121,64,Upper Lower + Full Body
33,Female,179,100.0,14.4,Low,beginner,Recomposition,6,Vegan,2574,169,474,63,Upper Lower
27,Female,158,66.1,29.9,Very High,beginner,Fat Loss,5,Vegetarian,2037,153,608,92,Upper Lower
47,Female,166,68.5,33.0,Low,beginner,Muscle Gain,5,Vegetarian,2381,112,408,74,Push Pull Legs + Accessories
32,Male,195,69.6,27.7,Very High,intermediate,Recomposition,5,Vegetarian,1632,175,412,94,Full Body
41,Male,192,77.7,30.0,High,intermediate,Muscle Gain,6,Vegan,3001,187,301,78,Upper Lower
21,Male,159,109.4,42.5,Moderate,intermediate,Muscle Gain,6,Vegan,3942,175,416,87,Push Pull Legs + Accessories
51,Female,192,96.6,27.2,Very High,advanced,Recomposition,4,Vegan,2448,100,350,76,Upper Lower + Full Body
38,Female,187,53.8,44.0,Low,advanced,Maintenance,6,Vegetarian,2170,170,460,41,Push Pull Legs
47,Female,163,77.1,29.1,Light,intermediate,Fat Loss,6,Non-Vegetarian,1898,162,625,94,Upper Lower + Full Body
48,Male,185,85.8,13.7,Light,beginner,Muscle Gain,3,Vegetarian,2123,112,381,57,Upper Lower + Full Body
44,Female,188,48.8,14.7,Low,intermediate,Recomposition,5,Vegan,2296,103,379,40,Upper Lower + Full Body
46,Female,156,86.1,37.0,Low,advanced,Muscle Gain,3,Vegan,3086,180,481,100,Push Pull Legs + Accessories
35,Male,160,87.8,25.9,Moderate,advanced,Recomposition,6,Non-Vegetarian,3041,174,251,73,Upper Lower + Full Body
20,Male,172,52.5,12.6,High,beginner,Maintenance,3,Vegetarian,3036,117,382,61,Upper Lower
32,Female,177,75.1,33.0,High,intermediate,Recomposition,4,Non-Vegetarian,3079,106,517,77,Upper Lower + Full Body
38,Female,153,58.4,10.6,Moderate,advanced,Recomposition,3,Non-Vegetarian,1602,150,608,44,Upper Lower
44,Male,155,106.1,44.7,Very High,beginner,Recomposition,5,Non-Vegetarian,2404,180,542,98,Full Body
27,Female,155,74.9,35.8,Light,intermediate,Fat Loss,5,Non-Vegetarian,2166,154,370,41,Upper Lower
40,Male,162,70.1,44.6,Very High,intermediate,Fat Loss,5,Non-Vegetarian,2389,147,508,97,Upper Lower
18,Female,180,108.0,36.1,Low,advanced,Recomposition,4,Vegan,3010,118,424,94,Push Pull Legs + Accessories
44,Female,193,107.7,10.7,High,beginner,Maintenance,4,Vegan,2529,120,229,85,Upper Lower
39,Female,175,90.4,17.5,Very High,beginner,Maintenance,3,Vegan,2939,133,522,86,Upper Lower
21,Male,191,70.6,22.4,Low,beginner,Maintenance,3,Non-Vegetarian,2230,97,576,100,Push Pull Legs + Accessories
37,Male,182,52.0,15.6,Moderate,beginner,Recomposition,4,Vegan,2451,136,283,96,Upper Lower
55,Female,184,70.5,25.1,Low,intermediate,Maintenance,5,Vegan,2913,164,157,95,Push Pull Legs
55,Male,188,70.0,36.3,Low,intermediate,Maintenance,4,Non-Vegetarian,1719,96,250,66,Upper Lower
31,Male,158,70.4,29.2,High,intermediate,Recomposition,3,Vegetarian,1731,121,564,71,Push Pull Legs
49,Female,180,50.4,13.0,Very High,beginner,Maintenance,4,Vegan,2980,137,184,80,Push Pull Legs + Accessories
48,Male,177,88.3,41.6,Moderate,advanced,Fat Loss,4,Vegetarian,2054,136,252,76,Upper Lower + Full Body
19,Female,177,57.7,37.0,Light,beginner,Fat Loss,4,Vegetarian,2030,108,569,98,Push Pull Legs
30,Female,172,97.2,30.1,High,intermediate,Recomposition,4,Non-Vegetarian,2677,175,437,98,Full Body
35,Female,193,68.4,9.3,Light,advanced,Fat Loss,3,Vegetarian,1551,160,481,41,Upper Lower + Full Body
52,Male,180,65.5,35.4,Moderate,beginner,Maintenance,3,Vegan,1724,130,130,48,Push Pull Legs
49,Female,188,77.0,43.7,Moderate,intermediate,Recomposition,3,Vegan,2034,147,557,83,Upper Lower
36,Female,174,94.6,17.0,Light,beginner,Maintenance,6,Non-Vegetarian,2266,163,538,64,Upper Lower
54,Female,159,55.2,40.0,High,beginner,Muscle Gain,3,Non-Vegetarian,2002,123,343,97,Full Body
53,Male,190,77.4,18.7,Moderate,beginner,Maintenance,4,Vegetarian,2929,127,128,75,Push Pull Legs
48,Female,158,93.9,9.0,High,advanced,Recomposition,4,Vegan,1755,124,483,97,Push Pull Legs + Accessories
44,Male,174,46.0,27.7,Moderate,advanced,Muscle Gain,3,Non-Vegetarian,3220,162,357,84,Push Pull Legs + Accessories
31,Female,189,73.7,27.6,Moderate,advanced,Recomposition,5,Vegan,3130,166,474,81,Push Pull Legs + Accessories
33,Male,157,97.0,30.6,Moderate,intermediate,Maintenance,6,Vegetarian,2591,121,447,58,Full Body
34,Female,180,76.0,18.3,High,advanced,Fat Loss,3,Vegetarian,1755,154,400,100,Push Pull Legs + Accessories
41,Female,174,103.7,10.7,Very High,beginner,Recomposition,5,Non-Vegetarian,2609,165,346,51,Upper Lower
19,Male,153,66.0,8.5,Moderate,intermediate,Muscle Gain,6,Vegetarian,3555,141,493,71,Push Pull Legs
54,Female,154,82.2,18.3,Light,intermediate,Recomposition,4,Vegan,3114,150,225,52,Upper Lower
33,Male,153,95.4,36.2,Moderate,beginner,Fat Loss,5,Vegetarian,2054,168,603,75,Upper Lower + Full Body
54,Male,175,109.8,13.8,Light,advanced,Muscle Gain,6,Vegetarian,4151,162,620,76,Push Pull Legs + Accessories
48,Male,162,75.2,42.8,Light,beginner,Recomposition,6,Vegetarian,2789,172,647,66,Push Pull Legs + Accessories
44,Female,151,82.0,32.3,High,advanced,Maintenance,5,Vegetarian,3319,97,419,70,Full Body
46,Male,195,54.1,22.8,Very High,advanced,Muscle Gain,3,Vegetarian,3808,178,356,58,Upper Lower
40,Female,159,74.2,13.9,Moderate,intermediate,Fat Loss,3,Non-Vegetarian,2572,128,200,79,Push Pull Legs + Accessories
25,Female,154,74.8,19.8,Very High,advanced,Recomposition,4,Non-Vegetarian,2905,130,212,93,Push Pull Legs
18,Female,181,66.4,19.7,Light,advanced,Muscle Gain,5,Vegetarian,3605,143,608,53,Push Pull Legs + Accessories
41,Male,152,95.0,35.4,Low,intermediate,Muscle Gain,4,Vegetarian,3674,177,545,92,Upper Lower
26,Male,184,51.9,22.4,Light,advanced,Recomposition,3,Vegetarian,2590,156,461,63,Push Pull Legs + Accessories
25,Male,168,108.6,34.8,Light,intermediate,Muscle Gain,4,Non-Vegetarian,2423,161,367,35,Push Pull Legs + Accessories
54,Male,152,98.9,27.6,Very High,beginner,Muscle Gain,6,Vegan,3068,187,633,61,Push Pull Legs + Accessories
45,Male,178,55.5,27.8,High,intermediate,Recomposition,3,Non-Vegetarian,2572,151,500,79,Upper Lower + Full Body
46,Female,165,92.8,35.9,Moderate,intermediate,Muscle Gain,3,Non-Vegetarian,3810,161,253,80,Push Pull Legs
20,Female,161,66.3,38.5,Very High,advanced,Muscle Gain,3,Vegan,3311,203,453,92,Upper Lower
39,Male,181,77.8,36.0,High,advanced,Fat Loss,3,Vegan,1343,109,415,49,Push Pull Legs
23,Female,173,48.9,25.3,Moderate,advanced,Fat Loss,3,Non-Vegetarian,2076,91,241,89,Push Pull Legs
39,Male,190,68.8,22.1,High,beginner,Fat Loss,5,Vegetarian,1864,146,484,40,Push Pull Legs
37,Male,171,80.9,9.3,Very High,advanced,Fat Loss,4,Vegan,2278,92,535,39,Push Pull Legs + Accessories
37,Female,189,60.7,24.2,Moderate,advanced,Muscle Gain,4,Vegan,3612,127,342,86,Full Body
26,Female,160,64.8,20.0,Very High,advanced,Muscle Gain,6,Vegetarian,4146,193,346,65,Full Body
36,Male,191,88.4,17.6,Very High,advanced,Recomposition,6,Vegan,2107,175,156,40,Push Pull Legs
40,Female,163,83.5,43.1,Very High,beginner,Maintenance,6,Non-Vegetarian,2994,111,443,48,Full Body
54,Male,174,52.1,24.2,Very High,advanced,Recomposition,4,Vegetarian,2619,91,633,49,Push Pull Legs + Accessories
52,Female,185,51.7,41.1,Light,advanced,Maintenance,6,Vegan,1922,113,218,81,Push Pull Legs
42,Male,166,66.2,42.3,High,beginner,Maintenance,6,Vegetarian,1928,109,477,63,Push Pull Legs + Accessories
26,Male,178,71.2,26.5,High,beginner,Fat Loss,5,Non-Vegetarian,2496,129,620,70,Full Body
53,Male,153,86.0,32.0,Very High,intermediate,Muscle Gain,6,Vegetarian,2903,111,464,98,Push Pull Legs
20,Female,167,56.2,42.7,Low,intermediate,Maintenance,6,Vegetarian,2554,132,157,68,Full Body
41,Male,161,73.0,18.5,Moderate,advanced,Fat Loss,6,Vegan,2520,126,497,67,Push Pull Legs
32,Male,179,81.3,17.4,Very High,intermediate,Recomposition,4,Vegetarian,2834,114,316,91,Upper Lower
38,Female,160,65.3,14.4,High,advanced,Recomposition,3,Vegan,2595,126,243,74,Push Pull Legs + Accessories
35,Female,150,96.8,24.1,Low,beginner,Maintenance,4,Non-Vegetarian,2017,131,481,78,Push Pull Legs + Accessories
53,Male,162,54.3,43.0,Light,beginner,Fat Loss,5,Vegetarian,2037,134,194,36,Upper Lower + Full Body
35,Female,158,101.6,31.3,Light,intermediate,Maintenance,3,Non-Vegetarian,2523,159,635,42,Upper Lower + Full Body
51,Female,161,90.3,24.2,High,beginner,Fat Loss,6,Vegetarian,1720,129,153,58,Upper Lower + Full Body
49,Male,183,105.9,35.1,Light,beginner,Recomposition,6,Vegetarian,2524,121,369,54,Push Pull Legs + Accessories
46,Male,178,104.5,23.9,Moderate,intermediate,Maintenance,3,Vegan,2999,127,514,92,Push Pull Legs + Accessories
55,Female,193,54.8,29.3,Moderate,advanced,Fat Loss,3,Vegetarian,2154,152,474,98,Upper Lower
44,Female,182,61.9,38.2,Low,advanced,Maintenance,4,Non-Vegetarian,3029,144,569,99,Upper Lower
20,Male,162,49.9,12.6,Light,beginner,Recomposition,6,Vegan,1630,133,369,73,Push Pull Legs
53,Male,193,79.7,15.0,Low,advanced,Maintenance,3,Vegan,1732,103,527,86,Full Body
28,Male,165,72.5,27.9,Low,advanced,Fat Loss,5,Vegetarian,1447,104,482,70,Upper Lower
52,Female,156,68.4,17.1,Low,intermediate,Muscle Gain,3,Vegan,3546,199,556,36,Upper Lower + Full Body
29,Female,165,91.5,21.1,Moderate,intermediate,Muscle Gain,4,Non-Vegetarian,2715,203,266,74,Push Pull Legs + Accessories
27,Male,171,51.8,36.9,Light,intermediate,Muscle Gain,4,Non-Vegetarian,2176,153,248,43,Push Pull Legs
20,Female,154,66.0,25.8,Very High,advanced,Recomposition,3,Non-Vegetarian,1878,180,185,39,Upper Lower + Full Body
40,Female,161,101.4,23.6,High,intermediate,Maintenance,3,Vegan,2139,143,215,85,Upper Lower + Full Body
25,Male,168,47.7,43.3,High,beginner,Muscle Gain,6,Vegetarian,3149,196,322,37,Upper Lower
27,Male,151,104.4,20.6,High,beginner,Recomposition,3,Non-Vegetarian,1614,170,301,71,Push Pull Legs + Accessories
50,Female,170,103.0,24.6,Very High,advanced,Fat Loss,3,Vegetarian,1644,149,353,50,Full Body
27,Male,188,96.0,15.7,Light,advanced,Recomposition,4,Non-Vegetarian,2124,94,234,72,Upper Lower + Full Body
53,Male,193,106.8,41.0,High,intermediate,Maintenance,4,Vegan,1874,154,531,74,Full Body
47,Female,184,48.4,25.6,Very High,beginner,Maintenance,6,Vegetarian,2518,142,367,96,Full Body
41,Female,191,46.1,38.8,Moderate,advanced,Fat Loss,6,Non-Vegetarian,1379,91,631,94,Push Pull Legs
30,Male,157,73.8,13.4,Low,beginner,Maintenance,3,Non-Vegetarian,2095,116,362,49,Full Body
55,Female,176,62.2,12.3,Low,intermediate,Recomposition,3,Vegetarian,2865,176,324,61,Full Body
18,Male,177,55.8,14.4,High,beginner,Fat Loss,3,Non-Vegetarian,1865,106,515,86,Upper Lower
25,Male,174,51.1,9.9,Very High,beginner,Fat Loss,3,Vegetarian,1430,150,207,92,Push Pull Legs
38,Female,179,104.9,17.3,Moderate,beginner,Maintenance,3,Vegan,1850,166,131,35,Full Body
46,Female,164,86.4,13.8,High,beginner,Maintenance,5,Vegetarian,2666,145,364,81,Upper Lower
25,Female,165,87.4,9.0,Light,advanced,Recomposition,6,Vegetarian,1711,140,544,76,Push Pull Legs + Accessories
28,Male,168,82.8,43.8,Moderate,intermediate,Recomposition,6,Non-Vegetarian,1766,175,428,40,Full Body
23,Female,181,66.9,13.6,High,advanced,Recomposition,5,Vegetarian,2406,105,443,94,Upper Lower + Full Body
43,Male,185,101.0,11.6,Low,intermediate,Muscle Gain,3,Vegetarian,3057,120,389,49,Upper Lower
50,Female,169,109.6,40.8,High,intermediate,Fat Loss,3,Vegan,1717,146,196,95,Full Body
54,Male,150,89.4,22.9,Moderate,intermediate,Maintenance,3,Vegan,2420,150,125,59,Full Body
25,Male,191,108.7,11.4,High,intermediate,Muscle Gain,6,Vegetarian,3584,113,331,39,Push Pull Legs
26,Male,178,58.9,16.2,Low,advanced,Muscle Gain,6,Vegetarian,2121,131,445,95,Upper Lower + Full Body
40,Female,177,61.9,9.1,Very High,beginner,Maintenance,5,Vegetarian,3299,141,178,91,Upper Lower + Full Body
36,Male,154,53.0,40.2,Light,intermediate,Fat Loss,5,Vegan,1442,105,379,95,Full Body
43,Female,177,54.4,41.7,Very High,beginner,Fat Loss,4,Vegetarian,2171,127,249,44,Push Pull Legs
50,Female,166,71.0,16.3,Very High,intermediate,Muscle Gain,5,Vegan,2609,130,405,89,Push Pull Legs + Accessories
27,Female,154,100.0,26.3,High,intermediate,Maintenance,4,Vegetarian,1901,145,396,75,Push Pull Legs
20,Female,170,87.0,18.7,Low,advanced,Fat Loss,6,Vegan,1513,118,417,89,Upper Lower
18,Male,181,80.3,39.4,Low,advanced,Recomposition,6,Vegan,3001,131,583,83,Push Pull Legs
53,Male,183,59.8,8.5,Low,advanced,Maintenance,5,Vegan,2280,152,433,98,Upper Lower
35,Male,194,59.5,44.5,Very High,intermediate,Fat Loss,6,Vegan,2278,94,216,89,Upper Lower + Full Body
27,Female,173,99.4,10.8,High,intermediate,Muscle Gain,5,Vegetarian,2877,160,138,45,Push Pull Legs
43,Female,185,82.2,24.6,Low,advanced,Maintenance,4,Vegan,1743,131,482,39,Upper Lower + Full Body
48,Female,186,55.0,10.5,Moderate,intermediate,Fat Loss,6,Non-Vegetarian,2334,96,526,61,Upper Lower + Full Body
36,Male,154,72.7,31.5,Low,advanced,Maintenance,5,Vegetarian,3363,138,301,97,Upper Lower + Full Body
50,Male,184,109.8,35.6,Low,intermediate,Fat Loss,3,Vegetarian,1607,175,240,93,Upper Lower + Full Body
26,Female,185,54.7,38.6,Light,beginner,Fat Loss,3,Vegetarian,1974,139,617,98,Upper Lower
18,Female,194,91.0,15.9,Moderate,intermediate,Muscle Gain,6,Vegetarian,3886,189,238,68,Push Pull Legs
35,Male,161,77.3,34.2,Light,beginner,Fat Loss,5,Vegan,2307,119,621,67,Upper Lower
37,Male,159,45.8,17.3,Low,intermediate,Fat Loss,6,Non-Vegetarian,1529,137,640,93,Push Pull Legs
27,Female,171,48.3,39.8,Moderate,advanced,Fat Loss,5,Vegetarian,1304,163,492,80,Upper Lower + Full Body
49,Female,188,97.0,34.1,Light,intermediate,Maintenance,4,Non-Vegetarian,2131,148,476,93,Upper Lower
51,Male,190,51.5,43.6,Low,beginner,Fat Loss,3,Vegetarian,1956,103,224,44,Upper Lower
21,Male,156,46.9,20.1,Moderate,advanced,Muscle Gain,4,Non-Vegetarian,3658,173,405,71,Push Pull Legs
31,Male,158,98.5,12.7,Light,beginner,Muscle Gain,6,Vegetarian,4145,196,449,95,Push Pull Legs
31,Female,187,99.0,11.9,High,beginner,Maintenance,6,Vegan,2120,151,293,50,Upper Lower
45,Male,185,57.1,21.9,Low,advanced,Muscle Gain,4,Non-Vegetarian,2276,147,229,64,Push Pull Legs
52,Female,169,62.5,30.1,Very High,beginner,Muscle Gain,4,Non-Vegetarian,3139,183,568,64,Upper Lower + Full Body
24,Male,164,96.5,24.5,Moderate,advanced,Maintenance,6,Vegetarian,2327,136,440,74,Push Pull Legs
49,Female,150,46.0,41.8,Moderate,intermediate,Fat Loss,4,Non-Vegetarian,2430,102,247,100,Push Pull Legs
54,Male,191,93.5,27.1,Moderate,beginner,Fat Loss,5,Non-Vegetarian,2285,165,289,78,Upper Lower + Full Body
40,Female,164,75.2,44.7,High,intermediate,Muscle Gain,5,Vegetarian,2886,195,154,92,Push Pull Legs
44,Female,176,89.3,26.3,High,beginner,Fat Loss,3,Vegetarian,2473,98,561,46,Push Pull Legs
39,Female,164,46.7,17.1,Light,advanced,Muscle Gain,4,Non-Vegetarian,2233,129,619,98,Upper Lower + Full Body
47,Male,150,95.3,16.0,Very High,advanced,Fat Loss,3,Non-Vegetarian,1499,158,260,41,Push Pull Legs
41,Female,183,53.4,25.6,Low,intermediate,Fat Loss,5,Non-Vegetarian,1911,106,425,90,Upper Lower + Full Body
48,Female,165,54.6,40.5,Moderate,beginner,Recomposition,5,Vegetarian,2778,174,144,77,Upper Lower
46,Female,189,86.3,12.8,High,beginner,Muscle Gain,5,Non-Vegetarian,2092,208,359,75,Full Body
52,Male,156,81.9,35.9,High,advanced,Maintenance,5,Non-Vegetarian,2591,131,577,45,Push Pull Legs + Accessories
36,Female,161,47.2,19.6,Low,advanced,Maintenance,3,Non-Vegetarian,3114,131,549,96,Full Body
54,Male,161,48.2,35.0,High,intermediate,Fat Loss,3,Vegetarian,1446,118,383,45,Full Body
40,Male,190,80.0,22.3,High,beginner,Muscle Gain,5,Non-Vegetarian,3775,145,436,67,Push Pull Legs
18,Male,152,102.8,9.4,Moderate,advanced,Recomposition,5,Non-Vegetarian,2115,169,593,84,Upper Lower + Full Body
36,Male,184,97.6,21.0,Moderate,intermediate,Muscle Gain,5,Vegan,2581,210,408,85,Push Pull Legs + Accessories
38,Male,178,72.4,11.1,Light,advanced,Muscle Gain,6,Vegan,3357,194,201,46,Upper Lower + Full Body
28,Male,192,103.0,37.3,High,intermediate,Fat Loss,5,Vegetarian,2440,176,240,82,Upper Lower + Full Body
19,Female,169,60.6,20.5,Low,intermediate,Muscle Gain,6,Non-Vegetarian,2291,180,563,70,Push Pull Legs + Accessories
42,Female,162,98.2,38.8,Low,advanced,Muscle Gain,4,Vegetarian,3013,115,589,86,Push Pull Legs + Accessories
28,Male,173,65.0,21.9,High,advanced,Maintenance,5,Non-Vegetarian,2477,165,549,71,Full Body
34,Male,193,65.0,42.8,Very High,beginner,Fat Loss,3,Vegetarian,1795,146,250,69,Full Body
28,Female,187,74.7,34.5,Very High,beginner,Maintenance,5,Vegan,2878,129,140,35,Upper Lower + Full Body
42,Female,171,100.3,40.0,Moderate,intermediate,Fat Loss,4,Vegan,1892,161,635,98,Upper Lower + Full Body
48,Male,165,76.1,32.6,High,intermediate,Maintenance,6,Vegetarian,2627,157,166,76,Upper Lower
27,Female,172,52.2,11.7,Very High,intermediate,Muscle Gain,6,Vegetarian,3828,139,572,90,Push Pull Legs + Accessories
45,Female,194,106.8,35.9,Very High,beginner,Muscle Gain,4,Non-Vegetarian,2670,148,379,51,Full Body
25,Male,178,73.3,29.4,Low,advanced,Maintenance,6,Non-Vegetarian,2352,163,239,38,Full Body
31,Female,187,87.4,38.5,High,intermediate,Muscle Gain,5,Non-Vegetarian,3824,161,612,49,Full Body
40,Male,178,100.0,25.3,Low,beginner,Maintenance,3,Vegan,1875,136,497,71,Full Body
20,Female,190,99.0,31.0,Very High,advanced,Maintenance,6,Non-Vegetarian,1970,137,518,62,Push Pull Legs + Accessories
35,Female,185,62.5,20.5,Moderate,advanced,Recomposition,6,Vegan,2439,116,367,78,Full Body
18,Male,195,103.8,20.4,Very High,intermediate,Fat Loss,3,Vegan,2220,110,601,95,Upper Lower
48,Male,174,82.2,32.9,Very High,intermediate,Muscle Gain,5,Vegetarian,3746,204,532,37,Upper Lower
45,Female,189,80.1,37.2,Light,intermediate,Recomposition,5,Non-Vegetarian,2707,112,412,60,Full Body
21,Male,180,84.2,22.7,Low,intermediate,Maintenance,4,Non-Vegetarian,2715,149,382,52,Full Body
24,Female,176,109.6,28.9,Low,advanced,Muscle Gain,6,Vegetarian,3754,174,461,37,Push Pull Legs + Accessories
39,Male,188,56.4,9.3,High,advanced,Muscle Gain,5,Non-Vegetarian,3951,167,183,96,Upper Lower + Full Body
31,Male,153,76.1,9.7,Very High,beginner,Fat Loss,4,Vegan,1930,164,138,53,Upper Lower
37,Female,164,56.6,44.5,Very High,advanced,Fat Loss,5,Vegan,1876,102,123,46,Push Pull Legs + Accessories
25,Female,157,86.9,14.5,Moderate,intermediate,Maintenance,3,Vegetarian,1839,103,279,94,Upper Lower + Full Body
34,Male,177,104.5,29.8,Low,beginner,Fat Loss,3,Vegetarian,1772,162,180,82,Upper Lower + Full Body
45,Female,193,73.1,29.4,Light,beginner,Maintenance,4,Vegan,3083,116,613,80,Full Body
51,Male,182,64.5,17.0,High,beginner,Maintenance,5,Vegetarian,3205,121,129,57,Push Pull Legs + Accessories
26,Female,193,96.5,44.8,Very High,beginner,Muscle Gain,6,Vegetarian,3465,105,457,80,Upper Lower
45,Male,178,85.1,13.4,Moderate,advanced,Fat Loss,6,Vegetarian,2108,161,592,97,Upper Lower + Full Body
50,Male,192,79.2,38.8,Very High,beginner,Fat Loss,6,Non-Vegetarian,1639,154,619,96,Full Body
52,Female,174,104.8,11.1,Moderate,beginner,Recomposition,6,Vegan,1938,166,506,83,Full Body
36,Male,156,93.3,26.0,Low,advanced,Muscle Gain,4,Vegetarian,3170,102,390,44,Push Pull Legs
24,Female,186,49.5,30.0,Moderate,beginner,Fat Loss,6,Vegetarian,1668,144,493,91,Upper Lower + Full Body
36,Male,189,70.7,37.6,Moderate,beginner,Muscle Gain,4,Non-Vegetarian,2856,108,201,38,Push Pull Legs
50,Female,169,69.0,24.4,Light,beginner,Fat Loss,6,Vegetarian,1394,179,187,94,Full Body
23,Male,178,68.4,43.2,High,beginner,Muscle Gain,4,Vegetarian,3823,127,584,62,Upper Lower
20,Female,155,99.7,40.4,Low,advanced,Maintenance,4,Non-Vegetarian,2020,99,281,55,Full Body
18,Male,176,50.0,27.4,Moderate,intermediate,Recomposition,6,Vegetarian,1950,173,440,45,Full Body
39,Male,184,91.9,38.9,High,beginner,Muscle Gain,3,Vegetarian,3240,143,173,45,Full Body
22,Male,195,52.3,42.9,Very High,advanced,Recomposition,3,Vegetarian,2586,141,315,70,Push Pull Legs + Accessories
45,Female,176,48.2,20.1,Very High,intermediate,Recomposition,4,Non-Vegetarian,2567,134,128,69,Upper Lower
37,Male,175,101.2,36.0,High,advanced,Maintenance,6,Vegetarian,3298,152,465,68,Push Pull Legs
49,Male,181,52.1,12.3,Very High,advanced,Muscle Gain,6,Vegetarian,3511,171,141,44,Upper Lower + Full Body
39,Female,172,104.2,9.6,Light,intermediate,Recomposition,6,Non-Vegetarian,1695,123,397,72,Push Pull Legs
35,Female,158,85.6,42.2,Light,advanced,Recomposition,6,Vegan,1638,157,182,79,Push Pull Legs
39,Male,157,59.8,32.8,High,beginner,Recomposition,5,Vegan,2509,95,420,53,Full Body
44,Male,186,88.2,12.3,Light,beginner,Recomposition,6,Vegan,2703,100,569,36,Push Pull Legs
52,Female,154,103.6,16.1,Moderate,advanced,Recomposition,4,Vegan,2062,166,598,85,Push Pull Legs + Accessories
21,Male,170,61.4,40.0,Low,intermediate,Muscle Gain,3,Non-Vegetarian,3771,101,202,93,Full Body
52,Male,150,45.4,24.6,High,advanced,Maintenance,4,Vegan,2281,137,491,93,Push Pull Legs + Accessories
51,Male,190,72.8,25.9,Low,intermediate,Recomposition,6,Vegetarian,3009,101,283,57,Upper Lower + Full Body
37,Male,187,101.2,17.6,Low,advanced,Fat Loss,3,Non-Vegetarian,1624,147,300,81,Upper Lower + Full Body
52,Female,164,57.8,43.3,High,intermediate,Muscle Gain,3,Vegetarian,2184,144,394,71,Push Pull Legs + Accessories
55,Female,184,109.3,28.0,Low,beginner,Fat Loss,5,Non-Vegetarian,1564,97,341,88,Push Pull Legs
53,Male,184,47.5,21.2,Low,beginner,Recomposition,4,Vegan,1696,173,527,65,Push Pull Legs + Accessories
32,Male,173,105.3,30.9,Very High,beginner,Maintenance,3,Non-Vegetarian,2597,138,198,90,Push Pull Legs + Accessories
54,Male,175,101.9,43.8,Very High,intermediate,Fat Loss,6,Vegetarian,1571,136,369,83,Upper Lower + Full Body
30,Female,159,97.6,30.9,Light,intermediate,Maintenance,5,Vegetarian,3348,160,140,84,Upper Lower + Full Body
19,Female,189,73.5,37.6,High,beginner,Recomposition,3,Vegan,2009,171,414,50,Push Pull Legs
18,Male,177,70.3,28.0,Very High,intermediate,Fat Loss,4,Vegetarian,1311,125,560,42,Upper Lower
44,Female,150,91.1,30.5,High,beginner,Recomposition,5,Vegan,2999,121,601,82,Upper Lower + Full Body
36,Male,168,75.4,30.6,Low,advanced,Maintenance,4,Vegetarian,2238,150,135,51,Push Pull Legs + Accessories
28,Male,179,72.7,21.6,Light,beginner,Muscle Gain,5,Vegan,2204,209,241,76,Push Pull Legs + Accessories
37,Female,180,58.6,28.1,Low,advanced,Maintenance,4,Non-Vegetarian,2329,93,511,55,Upper Lower + Full Body
50,Male,170,96.0,24.4,Moderate,intermediate,Fat Loss,4,Vegetarian,2058,178,263,81,Push Pull Legs
41,Female,153,52.6,20.2,Moderate,intermediate,Muscle Gain,3,Non-Vegetarian,4089,160,473,36,Full Body
31,Male,189,93.5,12.5,Very High,advanced,Maintenance,3,Vegan,1750,135,214,72,Push Pull Legs
19,Male,195,105.9,8.1,Moderate,advanced,Muscle Gain,5,Vegan,3530,108,459,89,Upper Lower + Full Body
31,Male,159,75.7,33.9,Light,intermediate,Maintenance,6,Vegetarian,2746,149,327,40,Upper Lower + Full Body
41,Male,161,100.3,30.3,High,beginner,Maintenance,6,Vegetarian,2542,95,569,45,Upper Lower
25,Female,163,76.0,30.6,Moderate,advanced,Muscle Gain,4,Vegan,3281,168,191,63,Push Pull Legs + Accessories
55,Female,168,101.5,23.9,Light,intermediate,Maintenance,4,Vegetarian,3047,129,442,70,Full Body
53,Female,157,68.9,35.9,Very High,intermediate,Muscle Gain,5,Non-Vegetarian,2953,201,230,92,Upper Lower + Full Body
44,Female,164,60.6,32.9,Low,beginner,Fat Loss,3,Non-Vegetarian,1618,116,366,63,Upper Lower + Full Body
24,Male,192,82.0,8.2,Light,intermediate,Muscle Gain,4,Non-Vegetarian,2066,133,125,38,Full Body
52,Male,177,105.4,23.9,Moderate,intermediate,Muscle Gain,6,Vegan,2625,149,163,55,Push Pull Legs + Accessories
48,Female,182,84.4,43.2,Light,intermediate,Muscle Gain,5,Vegetarian,3988,124,179,53,Upper Lower
20,Male,186,74.9,11.5,Very High,advanced,Fat Loss,5,Non-Vegetarian,2323,96,597,81,Push Pull Legs
26,Female,156,45.2,26.8,High,beginner,Recomposition,6,Vegan,3004,112,637,43,Push Pull Legs + Accessories
18,Female,150,69.6,40.7,High,advanced,Muscle Gain,4,Non-Vegetarian,2192,139,287,82,Upper Lower
42,Female,170,77.7,8.9,Very High,beginner,Recomposition,4,Vegetarian,2892,126,223,93,Upper Lower + Full Body
18,Female,163,53.0,28.6,Very High,beginner,Maintenance,3,Vegan,2818,134,384,67,Upper Lower + Full Body
53,Female,186,47.9,38.3,Moderate,advanced,Fat Loss,4,Non-Vegetarian,2152,130,506,93,Upper Lower
21,Female,161,51.5,10.6,Very High,advanced,Muscle Gain,6,Vegan,3730,195,544,73,Push Pull Legs
54,Female,180,86.3,19.2,Low,advanced,Recomposition,3,Vegan,2033,146,297,77,Upper Lower
24,Female,158,72.2,40.4,Very High,advanced,Recomposition,3,Non-Vegetarian,1764,132,447,97,Upper Lower + Full Body
33,Male,190,92.7,15.4,Low,intermediate,Fat Loss,3,Non-Vegetarian,1992,139,260,69,Push Pull Legs + Accessories
34,Female,165,57.8,12.1,Very High,beginner,Recomposition,4,Vegan,1679,135,609,87,Push Pull Legs + Accessories
20,Male,183,65.1,8.5,High,advanced,Maintenance,6,Non-Vegetarian,1727,104,460,91,Push Pull Legs + Accessories
44,Female,174,54.0,30.2,High,advanced,Maintenance,6,Non-Vegetarian,2992,106,443,78,Full Body
34,Male,171,81.5,23.6,High,beginner,Fat Loss,3,Non-Vegetarian,1631,107,550,95,Upper Lower + Full Body
20,Female,177,88.3,11.7,Moderate,beginner,Fat Loss,4,Non-Vegetarian,1777,161,536,62,Upper Lower
30,Male,184,88.3,30.4,High,beginner,Fat Loss,5,Vegan,1817,144,633,88,Upper Lower
45,Female,155,48.9,21.3,Moderate,intermediate,Maintenance,3,Vegan,2339,115,622,45,Full Body
44,Male,159,76.3,31.2,Low,advanced,Recomposition,3,Vegetarian,3094,99,272,89,Push Pull Legs + Accessories
42,Female,190,98.8,29.7,High,beginner,Maintenance,3,Vegan,1871,90,168,48,Push Pull Legs + Accessories
40,Female,192,83.5,20.0,Moderate,intermediate,Fat Loss,3,Vegetarian,1496,150,395,86,Upper Lower
37,Female,191,89.9,37.8,Low,advanced,Maintenance,4,Vegan,1967,133,638,93,Upper Lower
49,Male,162,55.3,23.2,High,intermediate,Recomposition,3,Vegetarian,3134,147,180,86,Push Pull Legs
49,Male,155,58.9,41.8,Low,advanced,Fat Loss,5,Vegetarian,1345,142,396,57,Upper Lower
44,Female,166,60.9,38.8,Moderate,advanced,Recomposition,5,Vegetarian,2482,176,484,42,Full Body
36,Male,181,102.8,32.9,Moderate,beginner,Muscle Gain,6,Vegetarian,2642,165,502,80,Upper Lower
39,Female,172,84.0,41.3,High,intermediate,Fat Loss,3,Non-Vegetarian,1442,176,472,76,Upper Lower
32,Male,153,97.4,11.7,Moderate,advanced,Fat Loss,3,Vegan,1804,170,257,98,Push Pull Legs + Accessories
36,Female,191,95.3,16.4,Light,advanced,Maintenance,5,Vegan,2635,157,558,98,Full Body
36,Male,180,106.3,12.8,High,advanced,Maintenance,6,Vegetarian,3311,155,336,72,Push Pull Legs
44,Male,178,85.8,37.3,Low,beginner,Muscle Gain,6,Vegan,3194,137,297,100,Upper Lower
22,Male,174,86.3,12.9,Light,advanced,Fat Loss,6,Non-Vegetarian,2336,134,601,41,Upper Lower
51,Female,187,49.6,20.7,Moderate,intermediate,Muscle Gain,5,Vegan,3069,129,390,79,Push Pull Legs + Accessories
25,Female,191,54.6,36.5,Moderate,beginner,Maintenance,5,Vegetarian,3167,149,147,100,Push Pull Legs
31,Female,154,106.1,16.9,Moderate,advanced,Maintenance,4,Non-Vegetarian,2621,159,395,76,Upper Lower + Full Body
48,Male,163,109.8,34.9,Low,beginner,Fat Loss,3,Vegan,1506,99,306,85,Full Body
24,Male,192,78.2,19.8,Moderate,intermediate,Fat Loss,6,Vegan,2233,96,619,42,Full Body
46,Male,151,85.4,43.0,Low,advanced,Recomposition,4,Non-Vegetarian,2969,117,309,91,Push Pull Legs + Accessories
34,Male,195,87.7,36.2,Light,beginner,Recomposition,5,Non-Vegetarian,1913,90,627,41,Full Body
20,Female,180,78.4,45.0,Light,intermediate,Recomposition,6,Vegan,2273,110,315,90,Upper Lower
54,Female,156,97.7,19.1,Moderate,intermediate,Muscle Gain,4,Vegan,3484,157,277,56,Push Pull Legs + Accessories
19,Male,156,72.3,42.0,Low,intermediate,Maintenance,4,Non-Vegetarian,2281,147,625,47,Full Body
32,Female,162,107.5,10.6,High,advanced,Fat Loss,3,Vegan,1736,172,425,98,Full Body
22,Female,189,99.1,35.7,High,intermediate,Maintenance,3,Vegetarian,1930,92,140,40,Upper Lower
51,Female,177,65.0,30.6,Very High,intermediate,Recomposition,3,Vegetarian,2318,105,248,76,Upper Lower
44,Male,162,51.2,33.9,Moderate,beginner,Recomposition,6,Vegan,2026,111,598,56,Push Pull Legs + Accessories
42,Female,161,56.6,41.7,Very High,intermediate,Maintenance,4,Vegetarian,1857,134,287,68,Upper Lower
26,Female,192,46.7,20.0,Very High,beginner,Muscle Gain,5,Vegan,3227,132,394,49,Upper Lower + Full Body
35,Female,170,108.0,29.3,High,beginner,Maintenance,4,Vegan,2269,90,264,98,Push Pull Legs + Accessories
40,Male,178,100.5,16.5,High,advanced,Maintenance,3,Vegan,2610,97,448,49,Upper Lower + Full Body
40,Male,155,87.0,12.4,Low,beginner,Muscle Gain,6,Non-Vegetarian,2534,102,608,80,Upper Lower + Full Body
35,Male,167,98.9,21.8,High,beginner,Recomposition,6,Vegan,2540,177,505,36,Push Pull Legs
21,Female,195,62.6,18.1,Low,beginner,Muscle Gain,4,Non-Vegetarian,3523,143,584,83,Full Body
41,Female,176,99.9,39.3,High,intermediate,Recomposition,4,Vegan,1885,165,608,96,Full Body
21,Male,171,45.2,27.2,Very High,beginner,Fat Loss,4,Vegetarian,1411,168,424,89,Upper Lower
37,Male,194,76.5,8.9,High,beginner,Recomposition,5,Vegetarian,2547,118,132,76,Upper Lower
28,Female,184,83.8,43.2,Very High,beginner,Recomposition,4,Vegan,2014,97,506,49,Full Body
48,Male,157,100.8,9.9,High,beginner,Recomposition,3,Vegetarian,2487,148,179,77,Upper Lower + Full Body
35,Male,157,52.8,32.3,Very High,advanced,Recomposition,6,Vegan,2482,176,327,48,Upper Lower + Full Body
44,Female,178,47.1,42.4,High,advanced,Muscle Gain,6,Non-Vegetarian,3721,205,190,54,Upper Lower
19,Male,182,88.5,26.1,Very High,intermediate,Recomposition,6,Vegan,2704,155,636,54,Full Body
47,Male,172,85.4,44.5,High,advanced,Recomposition,4,Non-Vegetarian,2119,154,311,64,Push Pull Legs
54,Male,195,73.6,41.3,Moderate,intermediate,Maintenance,5,Vegetarian,1936,114,341,84,Push Pull Legs + Accessories
23,Male,154,99.3,22.1,Very High,beginner,Maintenance,3,Vegan,2026,158,306,72,Push Pull Legs + Accessories
25,Female,191,60.6,10.9,Moderate,beginner,Maintenance,4,Vegan,3359,117,228,82,Upper Lower + Full Body
33,Female,180,108.9,11.2,Light,beginner,Muscle Gain,5,Vegetarian,4099,193,196,65,Push Pull Legs + Accessories
19,Male,167,103.7,30.0,Moderate,intermediate,Maintenance,5,Vegan,2236,97,475,43,Full Body
32,Male,189,61.6,13.8,Very High,advanced,Muscle Gain,3,Vegan,2657,155,175,37,Upper Lower + Full Body
21,Female,190,72.5,42.1,Low,intermediate,Maintenance,3,Non-Vegetarian,3008,144,518,47,Push Pull Legs
47,Female,193,54.9,30.5,Light,beginner,Recomposition,6,Vegetarian,2740,93,470,79,Upper Lower + Full Body
35,Male,193,45.8,31.1,High,intermediate,Maintenance,6,Vegetarian,2283,90,154,64,Push Pull Legs
23,Male,173,49.2,37.1,High,beginner,Recomposition,5,Vegan,2743,167,565,57,Upper Lower
37,Female,190,105.4,23.5,Low,advanced,Maintenance,5,Vegan,2133,113,491,44,Upper Lower + Full Body
23,Male,150,53.9,39.9,High,beginner,Fat Loss,5,Vegan,1574,108,573,97,Push Pull Legs + Accessories
52,Male,170,82.5,39.5,Light,intermediate,Fat Loss,4,Vegan,2038,137,390,60,Full Body
52,Female,161,50.9,27.3,Low,beginner,Muscle Gain,5,Vegan,3388,161,535,70,Push Pull Legs
24,Female,163,85.5,36.2,Moderate,intermediate,Fat Loss,4,Vegetarian,2263,136,134,99,Upper Lower
33,Female,157,75.1,41.2,Moderate,beginner,Fat Loss,4,Non-Vegetarian,1780,122,268,47,Upper Lower
48,Female,186,102.6,20.1,High,beginner,Muscle Gain,6,Vegetarian,2912,147,139,36,Push Pull Legs + Accessories
38,Female,170,91.8,9.6,Moderate,advanced,Fat Loss,5,Vegetarian,2274,176,283,83,Upper Lower
40,Female,183,73.6,14.6,Light,advanced,Recomposition,3,Non-Vegetarian,3141,110,489,99,Push Pull Legs + Accessories
42,Male,151,79.0,21.6,Very High,beginner,Fat Loss,6,Vegetarian,1715,180,204,87,Push Pull Legs + Accessories
19,Female,154,50.5,15.3,Light,advanced,Recomposition,3,Vegetarian,2215,102,412,91,Push Pull Legs + Accessories
42,Female,194,80.4,33.8,High,beginner,Recomposition,3,Vegetarian,2500,165,603,36,Upper Lower + Full Body
39,Male,165,77.9,28.0,Very High,advanced,Muscle Gain,4,Vegan,2614,183,348,84,Full Body
41,Female,162,94.4,26.0,High,intermediate,Maintenance,5,Vegetarian,2024,170,455,84,Upper Lower
27,Male,150,80.2,40.4,Light,intermediate,Recomposition,5,Vegan,2150,106,515,50,Upper Lower
46,Male,154,81.3,40.6,High,beginner,Recomposition,4,Vegan,2826,123,468,44,Push Pull Legs
51,Female,162,78.7,13.6,Light,beginner,Recomposition,4,Vegan,2657,138,135,74,Upper Lower
50,Female,173,90.6,37.4,Low,beginner,Fat Loss,6,Vegan,1690,171,132,81,Push Pull Legs + Accessories
44,Female,161,65.5,9.3,Very High,intermediate,Maintenance,3,Vegetarian,2138,130,292,35,Upper Lower + Full Body
19,Female,183,49.5,40.7,Low,intermediate,Muscle Gain,5,Vegan,2714,126,529,38,Upper Lower
50,Female,151,78.0,20.3,Very High,advanced,Maintenance,5,Non-Vegetarian,2128,152,257,49,Upper Lower
45,Male,195,91.2,44.8,High,beginner,Fat Loss,3,Vegan,2502,99,636,42,Full Body
50,Male,169,90.4,9.7,Very High,intermediate,Recomposition,5,Non-Vegetarian,2649,123,300,50,Upper Lower + Full Body
53,Male,152,49.3,27.4,High,intermediate,Recomposition,4,Vegan,1787,178,353,48,Push Pull Legs
42,Male,172,85.2,24.3,High,beginner,Fat Loss,3,Vegetarian,1735,103,256,44,Push Pull Legs + Accessories
46,Male,151,65.0,34.0,Light,intermediate,Maintenance,3,Vegetarian,2791,130,290,38,Push Pull Legs + Accessories
19,Male,166,52.6,20.7,High,beginner,Recomposition,3,Vegan,2760,103,129,79,Upper Lower
20,Male,151,108.3,38.5,High,advanced,Fat Loss,5,Vegetarian,1761,140,293,54,Upper Lower
22,Male,163,88.1,43.3,Light,beginner,Muscle Gain,5,Vegetarian,2306,210,403,84,Upper Lower + Full Body
23,Female,195,60.4,22.9,High,intermediate,Fat Loss,6,Vegetarian,1374,170,409,81,Push Pull Legs
45,Male,163,89.8,40.8,Moderate,beginner,Fat Loss,4,Non-Vegetarian,1355,104,531,58,Push Pull Legs + Accessories
38,Male,154,47.3,39.2,Very High,intermediate,Recomposition,3,Non-Vegetarian,2100,94,491,44,Full Body
31,Male,164,87.7,9.1,High,intermediate,Fat Loss,3,Vegan,1606,127,120,96,Full Body
30,Male,171,81.9,33.2,High,intermediate,Fat Loss,4,Vegan,1402,118,513,63,Upper Lower + Full Body
48,Female,167,58.0,30.4,Very High,intermediate,Muscle Gain,3,Vegetarian,3222,113,521,53,Push Pull Legs + Accessories
41,Female,152,51.0,19.5,Very High,beginner,Muscle Gain,5,Non-Vegetarian,3485,100,138,63,Upper Lower + Full Body
41,Female,173,78.2,33.0,Moderate,intermediate,Maintenance,4,Vegetarian,1900,154,228,37,Upper Lower
28,Male,150,51.2,44.2,Low,advanced,Muscle Gain,6,Vegan,2064,207,234,97,Full Body
47,Male,171,52.8,44.4,Very High,beginner,Recomposition,6,Non-Vegetarian,2898,135,141,70,Push Pull Legs + Accessories
43,Male,191,55.4,13.4,Very High,advanced,Maintenance,4,Vegan,2937,145,474,89,Upper Lower + Full Body
28,Female,150,54.2,8.1,Very High,intermediate,Muscle Gain,3,Vegetarian,3570,200,467,64,Full Body
42,Female,168,50.7,18.8,Light,advanced,Recomposition,3,Vegan,2792,146,422,78,Upper Lower
36,Male,173,82.7,21.1,Very High,beginner,Muscle Gain,4,Vegan,2075,154,478,74,Push Pull Legs + Accessories
38,Male,177,104.2,17.4,High,advanced,Fat Loss,5,Vegetarian,2145,170,215,39,Upper Lower + Full Body
54,Male,183,106.1,17.7,Low,advanced,Muscle Gain,5,Vegan,3763,185,424,91,Push Pull Legs
30,Male,176,45.4,18.9,High,beginner,Recomposition,3,Vegetarian,1955,136,293,77,Full Body
23,Male,162,61.5,11.5,High,beginner,Fat Loss,3,Vegan,2009,128,190,97,Full Body
20,Female,156,70.2,44.2,High,advanced,Muscle Gain,5,Vegan,3098,170,288,49,Push Pull Legs + Accessories
31,Male,163,94.1,30.6,High,advanced,Muscle Gain,3,Vegan,2670,202,553,80,Push Pull Legs + Accessories
26,Male,153,95.8,42.9,Moderate,intermediate,Maintenance,6,Non-Vegetarian,2470,123,594,80,Push Pull Legs + Accessories
39,Male,153,81.1,42.1,Low,advanced,Muscle Gain,5,Vegetarian,2635,145,599,36,Upper Lower + Full Body
50,Male,177,52.8,13.3,Moderate,advanced,Maintenance,3,Non-Vegetarian,2188,157,276,76,Full Body
18,Male,165,57.1,42.2,Very High,intermediate,Maintenance,3,Vegan,3261,105,156,79,Upper Lower
20,Male,171,57.7,43.9,High,beginner,Muscle Gain,4,Vegetarian,2929,171,416,37,Push Pull Legs
48,Female,179,96.5,29.9,Low,advanced,Muscle Gain,3,Non-Vegetarian,2052,208,621,47,Upper Lower + Full Body
20,Female,188,68.0,25.9,Moderate,intermediate,Maintenance,3,Non-Vegetarian,2910,104,436,66,Upper Lower + Full Body
45,Female,180,58.5,31.8,Light,beginner,Maintenance,5,Non-Vegetarian,2714,144,442,94,Upper Lower + Full Body
54,Male,174,56.7,23.1,Light,advanced,Recomposition,4,Vegetarian,2141,119,620,40,Upper Lower
54,Male,192,109.2,20.1,High,intermediate,Muscle Gain,5,Vegetarian,2956,139,315,37,Push Pull Legs + Accessories
51,Female,191,100.6,13.6,Very High,advanced,Recomposition,6,Vegan,2720,100,561,39,Full Body
55,Male,156,75.6,8.3,Moderate,beginner,Fat Loss,6,Vegan,1792,146,376,62,Push Pull Legs + Accessories
52,Male,152,49.4,43.9,Very High,intermediate,Fat Loss,5,Vegetarian,1685,134,613,50,Push Pull Legs + Accessories
44,Male,157,49.2,35.4,Moderate,intermediate,Recomposition,4,Vegetarian,2511,116,381,94,Upper Lower + Full Body
32,Female,172,65.3,18.4,Moderate,intermediate,Recomposition,5,Non-Vegetarian,1997,98,220,85,Upper Lower + Full Body
55,Female,161,71.3,16.6,Low,beginner,Maintenance,4,Vegan,2098,95,247,73,Upper Lower + Full Body
48,Female,182,92.8,40.9,High,intermediate,Recomposition,3,Vegan,2684,96,390,43,Upper Lower + Full Body
26,Male,168,63.5,22.9,Light,advanced,Fat Loss,6,Vegetarian,2257,116,388,83,Push Pull Legs
31,Female,177,99.2,10.9,Very High,beginner,Muscle Gain,3,Vegetarian,3849,117,275,60,Upper Lower + Full Body
37,Male,171,45.4,16.5,Very High,advanced,Fat Loss,5,Vegan,1529,173,202,86,Full Body
44,Female,166,82.7,34.8,Light,advanced,Recomposition,3,Vegetarian,2078,150,254,55,Push Pull Legs + Accessories
53,Male,154,68.6,41.2,Very High,beginner,Maintenance,4,Vegetarian,2058,101,324,85,Push Pull Legs + Accessories
44,Male,153,87.4,17.0,Moderate,beginner,Recomposition,6,Non-Vegetarian,1627,109,643,98,Full Body
48,Male,160,71.9,33.6,Moderate,advanced,Muscle Gain,3,Non-Vegetarian,2124,131,210,88,Push Pull Legs + Accessories
29,Male,183,78.2,17.0,Very High,advanced,Fat Loss,5,Vegan,2461,118,179,54,Upper Lower
51,Female,156,62.8,29.2,Light,advanced,Maintenance,4,Non-Vegetarian,2908,156,272,66,Upper Lower
46,Male,160,86.1,38.1,High,beginner,Muscle Gain,5,Non-Vegetarian,2652,129,173,84,Push Pull Legs + Accessories
22,Male,193,82.4,22.3,Low,beginner,Maintenance,3,Vegetarian,2849,90,381,72,Push Pull Legs + Accessories
28,Male,152,109.2,15.5,High,beginner,Maintenance,6,Non-Vegetarian,2731,132,532,58,Upper Lower
52,Female,191,108.4,23.8,Low,intermediate,Fat Loss,4,Non-Vegetarian,2240,142,145,88,Upper Lower
22,Female,195,60.6,28.6,Very High,beginner,Recomposition,5,Non-Vegetarian,2197,99,542,67,Upper Lower
43,Female,195,60.8,17.1,Moderate,intermediate,Muscle Gain,5,Non-Vegetarian,2906,143,613,92,Push Pull Legs + Accessories
51,Female,173,81.6,33.5,Moderate,intermediate,Fat Loss,6,Vegetarian,2397,177,645,59,Push Pull Legs + Accessories
37,Female,184,102.0,41.4,Light,advanced,Recomposition,3,Non-Vegetarian,1867,124,393,76,Push Pull Legs
40,Male,174,77.3,10.3,Low,intermediate,Fat Loss,5,Vegan,2437,159,193,85,Push Pull Legs
32,Male,178,91.8,15.7,Light,advanced,Maintenance,3,Vegetarian,3322,155,151,73,Upper Lower
34,Female,155,85.6,24.2,Very High,beginner,Recomposition,5,Non-Vegetarian,1846,91,543,48,Upper Lower + Full Body
18,Female,181,100.1,35.6,Light,advanced,Fat Loss,3,Vegetarian,1561,169,431,39,Upper Lower
41,Female,187,63.9,21.3,Low,beginner,Recomposition,5,Non-Vegetarian,2346,136,447,95,Full Body
31,Female,190,54.6,10.6,Low,advanced,Recomposition,3,Non-Vegetarian,2407,97,465,75,Push Pull Legs + Accessories
51,Male,195,85.7,43.4,Moderate,beginner,Muscle Gain,6,Vegetarian,2117,195,561,83,Push Pull Legs
22,Female,192,67.3,44.4,High,intermediate,Recomposition,3,Vegan,1936,127,418,82,Push Pull Legs + Accessories
55,Female,155,78.2,18.9,Light,advanced,Recomposition,6,Non-Vegetarian,2538,132,490,68,Push Pull Legs + Accessories
42,Male,185,57.4,36.7,Light,intermediate,Muscle Gain,5,Vegetarian,2964,167,281,74,Upper Lower + Full Body
55,Female,175,69.5,9.9,Low,advanced,Recomposition,5,Vegan,2738,94,415,48,Full Body
30,Male,176,108.8,42.7,Very High,intermediate,Maintenance,5,Vegetarian,1982,139,243,65,Push Pull Legs + Accessories
28,Male,160,87.6,41.1,Light,beginner,Maintenance,5,Vegetarian,1843,110,206,60,Full Body
39,Female,178,84.4,30.1,Low,intermediate,Fat Loss,5,Non-Vegetarian,2093,161,616,51,Upper Lower
42,Male,191,58.6,23.5,High,advanced,Fat Loss,6,Vegan,1450,172,499,48,Push Pull Legs
24,Female,165,70.9,24.9,High,intermediate,Maintenance,4,Vegan,1963,106,397,84,Push Pull Legs + Accessories
47,Male,155,83.3,25.5,Moderate,intermediate,Muscle Gain,4,Vegetarian,3252,142,390,38,Upper Lower
37,Female,163,81.4,35.3,Light,intermediate,Recomposition,6,Vegan,2171,105,361,84,Push Pull Legs + Accessories
35,Female,184,78.9,39.1,Very High,advanced,Recomposition,3,Vegan,3168,151,650,89,Upper Lower
37,Male,157,80.1,16.9,Very High,beginner,Maintenance,3,Vegan,2276,127,386,94,Full Body
47,Male,153,74.4,21.4,Moderate,intermediate,Fat Loss,6,Vegan,2143,98,182,77,Full Body
28,Female,185,75.9,41.5,High,intermediate,Muscle Gain,4,Vegan,2507,132,510,35,Upper Lower
52,Female,160,108.8,42.8,Low,beginner,Maintenance,6,Vegan,2925,167,237,37,Upper Lower + Full Body
52,Female,181,76.2,8.0,High,intermediate,Muscle Gain,3,Vegetarian,2882,207,297,76,Push Pull Legs + Accessories
48,Female,194,95.2,36.6,High,beginner,Muscle Gain,6,Non-Vegetarian,2274,166,532,58,Push Pull Legs + Accessories
46,Female,183,71.7,22.9,Light,beginner,Recomposition,4,Vegan,1844,120,130,60,Upper Lower
26,Female,169,89.5,30.8,High,intermediate,Muscle Gain,5,Non-Vegetarian,3624,146,403,97,Push Pull Legs + Accessories
38,Male,164,70.6,18.0,Light,intermediate,Maintenance,5,Vegetarian,1970,103,596,83,Upper Lower
52,Male,191,47.0,10.8,Light,advanced,Fat Loss,5,Vegan,1634,158,129,38,Upper Lower + Full Body
19,Male,172,61.0,22.3,Low,intermediate,Maintenance,6,Vegan,2573,169,548,40,Push Pull Legs
28,Male,163,57.2,37.1,Moderate,beginner,Maintenance,3,Non-Vegetarian,1951,130,587,76,Upper Lower + Full Body
27,Female,179,72.5,23.4,Low,advanced,Fat Loss,6,Non-Vegetarian,2468,115,367,63,Upper Lower
45,Female,189,65.2,13.7,Low,advanced,Maintenance,5,Non-Vegetarian,2616,140,507,45,Push Pull Legs + Accessories
54,Male,195,95.1,10.0,High,intermediate,Muscle Gain,3,Vegetarian,2318,168,434,43,Push Pull Legs + Accessories
29,Male,190,71.5,38.6,Light,intermediate,Recomposition,5,Vegan,2341,126,559,43,Upper Lower
32,Male,184,63.2,44.2,High,advanced,Fat Loss,6,Non-Vegetarian,1919,176,173,44,Upper Lower + Full Body
50,Male,188,52.4,19.1,Light,intermediate,Fat Loss,5,Vegan,1836,113,471,90,Upper Lower
18,Female,181,90.1,26.9,Light,advanced,Maintenance,6,Non-Vegetarian,1849,121,383,40,Push Pull Legs + Accessories
23,Female,182,101.5,19.7,Moderate,advanced,Fat Loss,5,Vegetarian,2008,175,442,69,Push Pull Legs + Accessories
22,Female,158,48.9,30.8,High,beginner,Muscle Gain,5,Vegan,3860,127,570,54,Full Body
18,Male,164,52.7,27.8,High,intermediate,Fat Loss,5,Non-Vegetarian,1561,160,136,76,Full Body
21,Male,187,109.3,36.8,Light,beginner,Maintenance,3,Non-Vegetarian,2847,153,368,36,Full Body
55,Male,151,100.2,16.9,Moderate,advanced,Fat Loss,4,Vegan,2575,110,517,53,Push Pull Legs
41,Female,195,68.9,20.8,High,beginner,Maintenance,6,Non-Vegetarian,2487,134,573,63,Upper Lower
55,Male,168,58.5,9.1,Moderate,beginner,Maintenance,6,Vegan,2600,157,311,36,Upper Lower + Full Body
48,Female,161,92.2,38.7,Light,advanced,Recomposition,4,Vegetarian,2996,99,562,81,Upper Lower + Full Body
43,Female,190,90.0,8.7,High,intermediate,Maintenance,6,Vegetarian,3070,130,506,94,Push Pull Legs
28,Male,178,51.5,27.8,Very High,intermediate,Maintenance,6,Non-Vegetarian,1809,164,152,51,Push Pull Legs
39,Female,192,103.9,9.7,High,advanced,Muscle Gain,6,Non-Vegetarian,2852,174,141,86,Full Body
48,Female,181,57.4,14.2,Light,intermediate,Maintenance,5,Vegetarian,3096,151,361,47,Upper Lower + Full Body
23,Female,184,87.4,35.7,Low,beginner,Muscle Gain,4,Vegetarian,2802,196,527,97,Upper Lower
43,Male,189,97.4,17.3,Light,intermediate,Muscle Gain,6,Non-Vegetarian,3721,135,615,43,Push Pull Legs
54,Female,164,67.5,24.4,High,intermediate,Fat Loss,3,Vegan,1807,103,317,36,Push Pull Legs
42,Male,155,86.3,27.4,Light,beginner,Maintenance,4,Vegan,1795,97,624,72,Push Pull Legs
42,Female,195,90.2,15.8,Low,advanced,Recomposition,3,Non-Vegetarian,1903,161,360,47,Push Pull Legs + Accessories
26,Female,163,53.5,44.7,High,advanced,Maintenance,5,Non-Vegetarian,1936,94,509,41,Push Pull Legs + Accessories
45,Male,179,107.4,16.8,High,advanced,Fat Loss,3,Non-Vegetarian,1550,159,240,40,Push Pull Legs
28,Female,188,46.7,32.4,High,advanced,Muscle Gain,3,Vegan,2389,158,182,79,Push Pull Legs + Accessories
47,Female,190,101.5,23.9,Moderate,advanced,Maintenance,6,Non-Vegetarian,2621,165,141,63,Upper Lower
47,Female,170,86.2,35.8,Moderate,intermediate,Muscle Gain,3,Vegan,2890,195,614,71,Upper Lower + Full Body
38,Female,160,59.1,9.6,Low,intermediate,Maintenance,4,Vegetarian,2241,117,145,68,Upper Lower + Full Body
19,Male,179,100.2,8.1,Light,intermediate,Recomposition,5,Non-Vegetarian,2136,147,475,60,Upper Lower + Full Body
36,Female,195,50.8,23.7,Very High,beginner,Maintenance,3,Vegetarian,2664,108,327,41,Upper Lower
50,Female,160,50.8,37.7,Light,intermediate,Fat Loss,4,Vegetarian,2414,96,384,36,Upper Lower + Full Body
23,Female,156,55.8,21.6,Low,intermediate,Maintenance,4,Vegetarian,2514,130,595,96,Upper Lower
24,Male,158,73.9,34.0,Very High,beginner,Muscle Gain,3,Vegan,3859,153,559,64,Full Body
23,Male,171,54.9,23.5,Light,advanced,Recomposition,3,Vegetarian,1625,147,126,85,Upper Lower + Full Body
51,Female,191,73.2,23.5,Moderate,beginner,Maintenance,6,Vegetarian,2416,167,438,89,Upper Lower + Full Body
30,Female,190,75.3,44.1,Moderate,beginner,Maintenance,6,Non-Vegetarian,2477,158,623,96,Upper Lower
23,Female,174,85.7,22.3,Light,advanced,Fat Loss,4,Vegan,2283,93,222,68,Push Pull Legs
21,Female,193,73.6,31.9,Low,intermediate,Muscle Gain,6,Vegan,2911,118,348,42,Full Body
49,Female,159,66.9,29.9,Low,advanced,Muscle Gain,5,Vegan,3411,187,355,64,Upper Lower + Full Body
23,Female,175,53.2,36.0,Very High,advanced,Muscle Gain,6,Vegetarian,4084,111,448,87,Push Pull Legs + Accessories
30,Male,151,108.1,29.3,Low,intermediate,Muscle Gain,4,Non-Vegetarian,2819,135,329,87,Upper Lower
45,Female,183,49.0,44.9,Very High,intermediate,Recomposition,4,Non-Vegetarian,2597,108,421,68,Push Pull Legs
47,Female,174,54.4,37.6,High,advanced,Maintenance,4,Vegetarian,2964,142,412,98,Full Body
30,Male,158,70.4,16.7,Moderate,advanced,Recomposition,3,Vegan,3072,171,296,77,Push Pull Legs
28,Female,185,91.1,9.5,Moderate,intermediate,Maintenance,4,Non-Vegetarian,1986,146,608,61,Upper Lower
29,Male,171,78.9,12.8,Very High,intermediate,Recomposition,6,Vegetarian,2144,90,382,48,Upper Lower + Full Body
34,Female,166,104.8,25.3,Moderate,advanced,Fat Loss,4,Non-Vegetarian,2121,168,530,77,Push Pull Legs
55,Female,161,49.3,21.7,High,beginner,Fat Loss,5,Vegan,1594,170,424,76,Full Body
19,Female,195,85.7,20.1,Low,intermediate,Recomposition,5,Vegan,2281,180,164,97,Push Pull Legs + Accessories
37,Female,184,74.9,19.0,Light,advanced,Fat Loss,3,Vegetarian,2234,145,167,98,Upper Lower + Full Body
30,Male,172,84.4,28.0,Light,intermediate,Maintenance,4,Non-Vegetarian,3391,159,241,84,Push Pull Legs
41,Male,165,65.1,26.0,Moderate,intermediate,Recomposition,3,Non-Vegetarian,1802,103,231,39,Push Pull Legs
47,Female,164,81.9,32.4,Low,advanced,Fat Loss,4,Non-Vegetarian,2364,122,408,36,Push Pull Legs
47,Male,180,49.8,40.8,High,advanced,Muscle Gain,5,Non-Vegetarian,4055,143,319,35,Upper Lower + Full Body
46,Male,168,62.6,29.1,Moderate,beginner,Muscle Gain,4,Vegetarian,2655,121,165,86,Full Body
42,Male,170,81.1,18.9,Light,advanced,Fat Loss,6,Non-Vegetarian,1815,131,249,88,Full Body
26,Female,183,45.9,14.2,Very High,intermediate,Maintenance,6,Vegetarian,2547,95,133,36,Full Body
25,Male,183,94.9,26.9,Low,advanced,Fat Loss,3,Vegetarian,1980,114,587,54,Upper Lower + Full Body
51,Female,180,85.9,37.1,Light,beginner,Fat Loss,3,Non-Vegetarian,1444,97,184,89,Upper Lower + Full Body
28,Male,163,101.8,29.8,High,advanced,Recomposition,4,Vegetarian,2350,124,190,79,Push Pull Legs
46,Male,150,99.5,33.1,Light,intermediate,Fat Loss,4,Vegan,2517,129,278,87,Upper Lower
52,Female,165,64.9,14.2,High,beginner,Recomposition,5,Vegan,2263,134,210,41,Upper Lower + Full Body
32,Male,165,68.4,39.4,Very High,intermediate,Recomposition,4,Vegan,2930,118,388,86,Upper Lower
45,Male,155,88.1,9.0,Moderate,advanced,Recomposition,5,Vegetarian,1637,179,273,87,Push Pull Legs
55,Female,188,88.5,10.1,Very High,intermediate,Muscle Gain,6,Non-Vegetarian,3342,180,280,40,Upper Lower
50,Female,189,89.3,33.5,Moderate,intermediate,Maintenance,3,Vegetarian,2851,168,243,95,Upper Lower
39,Female,183,64.6,35.3,Moderate,advanced,Maintenance,3,Vegetarian,2880,112,550,58,Upper Lower + Full Body
40,Female,184,99.6,44.3,High,advanced,Fat Loss,3,Vegetarian,2441,171,143,80,Push Pull Legs + Accessories
23,Male,186,103.7,18.6,Light,advanced,Maintenance,6,Non-Vegetarian,3104,108,251,77,Full Body
44,Female,182,46.6,33.4,Moderate,intermediate,Muscle Gain,3,Vegetarian,3390,188,233,51,Upper Lower
27,Female,167,90.7,18.9,Moderate,intermediate,Muscle Gain,3,Vegetarian,3412,114,160,85,Push Pull Legs + Accessories
37,Male,194,62.5,23.7,Very High,intermediate,Recomposition,6,Vegetarian,2188,158,610,97,Full Body
42,Female,165,106.9,43.4,Very High,beginner,Maintenance,6,Vegetarian,3070,158,150,47,Push Pull Legs
44,Male,165,62.4,25.0,Low,advanced,Muscle Gain,5,Vegetarian,2186,186,277,55,Upper Lower
38,Male,186,76.0,20.7,Light,beginner,Recomposition,4,Vegan,2583,138,472,92,Full Body
40,Female,158,66.6,23.3,Moderate,intermediate,Maintenance,3,Vegan,2572,139,393,99,Push Pull Legs + Accessories
43,Male,169,101.9,26.9,Low,beginner,Muscle Gain,3,Vegetarian,2719,143,480,68,Push Pull Legs + Accessories
39,Female,165,60.5,24.5,Very High,intermediate,Fat Loss,5,Vegan,2583,155,413,71,Push Pull Legs + Accessories
36,Male,157,89.8,19.5,Low,intermediate,Recomposition,4,Vegetarian,2587,95,557,77,Push Pull Legs
51,Male,156,83.4,32.0,Light,advanced,Recomposition,5,Vegan,2863,134,453,70,Upper Lower
54,Male,183,106.0,32.6,Light,advanced,Fat Loss,5,Vegetarian,2561,175,591,94,Push Pull Legs
51,Male,150,100.9,34.4,High,intermediate,Recomposition,5,Vegetarian,2376,96,390,35,Upper Lower + Full Body
27,Female,178,51.5,17.6,High,advanced,Maintenance,6,Non-Vegetarian,2937,116,433,96,Push Pull Legs + Accessories
50,Male,176,50.3,31.4,Low,advanced,Recomposition,6,Non-Vegetarian,2228,130,177,72,Upper Lower
44,Male,190,65.7,34.8,High,advanced,Muscle Gain,3,Non-Vegetarian,2793,184,186,52,Push Pull Legs + Accessories
41,Male,170,90.3,26.1,Low,beginner,Maintenance,5,Vegan,2452,158,572,89,Upper Lower + Full Body
41,Female,186,101.6,11.5,Light,intermediate,Muscle Gain,4,Vegetarian,4031,166,367,92,Upper Lower
51,Male,194,89.8,20.9,Moderate,beginner,Fat Loss,4,Vegan,1835,131,296,60,Upper Lower
51,Female,153,107.7,14.7,Moderate,intermediate,Recomposition,3,Vegetarian,3168,139,303,94,Full Body
39,Male,156,104.2,18.5,Light,advanced,Recomposition,4,Vegetarian,2615,179,176,54,Upper Lower
47,Male,166,86.2,43.4,Light,advanced,Muscle Gain,3,Non-Vegetarian,2011,199,616,84,Upper Lower
35,Female,163,58.5,33.1,Low,beginner,Recomposition,4,Vegetarian,3083,136,527,70,Push Pull Legs
29,Female,187,97.3,32.6,High,beginner,Fat Loss,5,Vegetarian,1493,136,210,69,Upper Lower
24,Female,180,53.5,15.3,High,advanced,Maintenance,3,Non-Vegetarian,3195,129,492,56,Push Pull Legs + Accessories
27,Male,165,66.7,32.2,Light,beginner,Maintenance,3,Non-Vegetarian,3183,136,362,40,Push Pull Legs + Accessories
25,Male,164,84.8,8.2,Moderate,advanced,Fat Loss,6,Non-Vegetarian,2599,111,321,69,Push Pull Legs
20,Female,173,72.2,37.4,Light,beginner,Maintenance,5,Non-Vegetarian,2522,120,641,82,Upper Lower + Full Body
51,Male,159,81.2,40.7,Very High,advanced,Recomposition,5,Vegan,2397,164,163,40,Full Body
49,Female,195,107.3,38.5,Light,advanced,Muscle Gain,6,Vegan,2515,151,517,35,Upper Lower + Full Body
18,Female,169,61.4,40.7,Moderate,beginner,Muscle Gain,6,Non-Vegetarian,2063,142,542,85,Full Body
51,Female,188,94.7,31.5,Low,advanced,Recomposition,5,Vegan,2412,165,628,52,Upper Lower
28,Male,168,56.8,17.3,Low,beginner,Recomposition,4,Vegan,1731,163,227,39,Push Pull Legs + Accessories
24,Female,165,69.8,17.0,Very High,beginner,Muscle Gain,5,Vegan,2602,206,170,54,Upper Lower + Full Body
24,Female,158,98.0,16.0,Very High,intermediate,Muscle Gain,5,Vegetarian,2539,181,414,77,Full Body
27,Male,166,93.0,13.8,Moderate,beginner,Muscle Gain,4,Vegetarian,2538,199,177,36,Push Pull Legs
30,Male,158,74.1,42.7,Light,advanced,Fat Loss,5,Vegan,1782,132,182,97,Upper Lower + Full Body
32,Male,171,60.0,14.0,Moderate,intermediate,Muscle Gain,6,Non-Vegetarian,2752,175,407,70,Push Pull Legs + Accessories
42,Female,168,48.6,36.4,Very High,intermediate,Recomposition,5,Vegetarian,2369,98,401,35,Upper Lower + Full Body
18,Male,191,75.2,30.1,High,beginner,Fat Loss,6,Vegetarian,1563,152,312,50,Full Body
48,Female,160,72.4,26.1,Light,intermediate,Fat Loss,4,Non-Vegetarian,1957,166,601,92,Push Pull Legs + Accessories
52,Male,161,89.9,15.2,Very High,beginner,Muscle Gain,5,Non-Vegetarian,2680,176,283,56,Upper Lower
51,Male,164,57.8,34.7,Low,beginner,Maintenance,4,Vegan,2034,117,465,38,Push Pull Legs + Accessories
49,Male,193,46.8,29.5,Moderate,beginner,Muscle Gain,5,Non-Vegetarian,2304,121,438,78,Upper Lower
55,Male,159,61.4,21.7,High,advanced,Muscle Gain,4,Vegan,2928,189,476,39,Full Body
28,Female,194,107.8,33.6,Light,advanced,Recomposition,5,Vegetarian,2321,115,470,64,Upper Lower
50,Female,191,106.3,21.5,Very High,beginner,Muscle Gain,5,Vegetarian,2132,174,394,78,Upper Lower + Full Body
41,Female,186,67.5,26.8,Light,intermediate,Recomposition,4,Vegetarian,1972,179,315,36,Push Pull Legs
18,Female,185,72.4,40.9,Very High,intermediate,Maintenance,5,Non-Vegetarian,3095,148,411,94,Full Body
24,Male,167,80.6,35.4,High,intermediate,Muscle Gain,6,Vegan,2558,185,262,93,Push Pull Legs
39,Male,158,89.0,21.7,Moderate,advanced,Muscle Gain,3,Vegan,2254,196,496,80,Push Pull Legs + Accessories
37,Male,154,54.3,32.4,High,intermediate,Muscle Gain,5,Vegetarian,3282,172,531,73,Push Pull Legs + Accessories
33,Male,162,72.6,17.9,Moderate,intermediate,Fat Loss,4,Vegetarian,2180,130,397,63,Upper Lower
22,Female,168,109.3,19.0,Low,advanced,Fat Loss,6,Vegetarian,2007,109,392,59,Push Pull Legs
22,Male,171,88.9,42.6,Very High,beginner,Muscle Gain,5,Vegetarian,2319,195,310,55,Full Body
43,Male,167,83.1,18.4,Very High,intermediate,Muscle Gain,6,Non-Vegetarian,3561,137,408,55,Upper Lower + Full Body
32,Female,152,75.3,32.4,Low,intermediate,Muscle Gain,3,Vegan,2283,193,157,48,Upper Lower
36,Female,183,95.1,21.8,Very High,advanced,Maintenance,4,Vegetarian,1930,155,613,74,Upper Lower + Full Body
19,Male,167,61.7,10.6,Low,advanced,Muscle Gain,6,Vegetarian,2787,188,193,72,Upper Lower + Full Body
19,Male,168,81.9,15.7,High,intermediate,Muscle Gain,5,Vegetarian,2532,109,180,93,Push Pull Legs
31,Female,154,46.9,20.9,Low,beginner,Muscle Gain,5,Vegan,4138,165,586,75,Push Pull Legs
44,Female,150,95.1,24.5,Moderate,advanced,Muscle Gain,5,Vegetarian,3084,166,353,79,Push Pull Legs
43,Female,151,81.8,12.5,Light,intermediate,Recomposition,3,Vegan,1919,98,470,64,Upper Lower + Full Body
25,Female,156,107.7,12.5,Low,advanced,Recomposition,4,Vegan,2564,102,382,61,Full Body
34,Male,157,47.3,11.9,High,intermediate,Muscle Gain,5,Vegan,4043,123,445,79,Upper Lower
20,Male,181,58.0,41.2,Light,beginner,Muscle Gain,6,Vegetarian,3318,193,152,74,Full Body
37,Male,151,80.7,24.2,Low,advanced,Recomposition,4,Non-Vegetarian,3168,119,360,87,Push Pull Legs
18,Male,187,92.8,30.7,Light,beginner,Muscle Gain,5,Vegetarian,2105,203,637,49,Upper Lower
25,Female,187,53.8,33.9,Light,advanced,Recomposition,5,Vegan,1757,132,383,54,Full Body
30,Female,169,91.0,38.4,Light,intermediate,Recomposition,5,Vegan,1955,151,368,90,Upper Lower + Full Body
45,Female,167,80.7,40.5,Low,intermediate,Muscle Gain,4,Vegan,2555,189,599,53,Full Body
19,Male,177,77.0,26.4,Very High,beginner,Recomposition,6,Non-Vegetarian,2639,98,131,98,Push Pull Legs
34,Male,153,77.7,37.3,Moderate,beginner,Fat Loss,4,Vegan,1498,135,585,57,Push Pull Legs
33,Male,177,70.0,38.7,High,advanced,Fat Loss,3,Vegetarian,2213,109,453,49,Upper Lower
43,Female,153,102.3,28.8,High,advanced,Recomposition,3,Vegetarian,1640,160,397,35,Upper Lower
54,Male,161,87.8,32.8,High,intermediate,Recomposition,4,Non-Vegetarian,1642,157,547,64,Upper Lower
55,Male,188,87.1,20.8,High,intermediate,Recomposition,6,Non-Vegetarian,1617,133,482,37,Upper Lower + Full Body
20,Male,171,99.0,9.8,Very High,beginner,Fat Loss,3,Non-Vegetarian,2581,169,311,81,Push Pull Legs
40,Male,173,102.9,42.3,Moderate,beginner,Maintenance,3,Vegetarian,2235,117,547,43,Push Pull Legs + Accessories
41,Male,150,90.4,30.1,Very High,advanced,Muscle Gain,6,Non-Vegetarian,2377,174,240,99,Push Pull Legs
52,Female,163,71.8,27.3,Very High,beginner,Fat Loss,4,Vegetarian,2221,146,405,46,Push Pull Legs
45,Female,178,66.6,8.9,Low,intermediate,Fat Loss,6,Non-Vegetarian,1707,103,460,92,Full Body
29,Male,189,65.9,34.5,Light,advanced,Recomposition,3,Vegetarian,2794,97,338,89,Push Pull Legs + Accessories
53,Female,177,73.7,21.3,High,intermediate,Maintenance,4,Non-Vegetarian,1853,130,374,68,Push Pull Legs + Accessories
30,Female,188,105.7,26.4,Very High,beginner,Fat Loss,3,Non-Vegetarian,2417,95,146,61,Push Pull Legs + Accessories
18,Male,157,45.2,31.5,Low,advanced,Fat Loss,4,Non-Vegetarian,1498,141,129,38,Upper Lower + Full Body
40,Female,181,90.8,27.8,Moderate,beginner,Recomposition,6,Vegetarian,2752,92,630,85,Full Body
35,Female,188,48.1,16.3,Very High,intermediate,Recomposition,3,Non-Vegetarian,2924,108,248,56,Push Pull Legs + Accessories
26,Female,177,51.8,20.6,Low,beginner,Recomposition,3,Vegan,1968,156,429,87,Full Body
55,Female,159,103.7,34.2,Very High,intermediate,Recomposition,6,Non-Vegetarian,2879,163,342,59,Upper Lower + Full Body
35,Female,172,57.4,30.4,Low,advanced,Muscle Gain,4,Vegetarian,3204,171,571,87,Push Pull Legs
37,Female,166,59.6,34.5,Light,advanced,Recomposition,4,Non-Vegetarian,3179,172,157,42,Upper Lower + Full Body
46,Female,171,59.5,35.3,Very High,intermediate,Recomposition,6,Vegetarian,1814,157,343,67,Upper Lower
18,Male,160,63.6,30.0,High,advanced,Maintenance,4,Vegetarian,2304,141,200,75,Push Pull Legs
25,Male,177,77.0,35.2,Very High,advanced,Recomposition,3,Vegetarian,1640,138,557,75,Upper Lower + Full Body
50,Female,193,55.4,19.5,Moderate,intermediate,Maintenance,4,Vegan,2147,161,457,67,Push Pull Legs
36,Female,190,66.9,33.5,Very High,advanced,Recomposition,4,Vegan,2006,122,506,84,Upper Lower + Full Body
51,Male,157,109.9,18.9,Very High,intermediate,Muscle Gain,4,Vegan,3656,201,458,63,Upper Lower
22,Male,172,88.1,15.5,High,beginner,Recomposition,3,Vegan,1686,127,628,89,Push Pull Legs
40,Male,153,78.5,36.3,Light,beginner,Maintenance,5,Vegetarian,2067,167,272,67,Full Body
23,Female,182,58.6,36.8,Very High,advanced,Muscle Gain,5,Vegan,4012,196,434,53,Full Body
47,Male,169,59.5,39.2,Low,beginner,Maintenance,3,Vegan,3156,97,573,100,Push Pull Legs + Accessories
46,Female,171,66.7,9.3,Moderate,beginner,Maintenance,6,Vegan,2994,139,181,63,Push Pull Legs + Accessories
31,Female,163,109.8,10.5,Light,intermediate,Recomposition,5,Vegetarian,2329,101,564,63,Upper Lower
45,Female,176,91.1,31.7,Very High,advanced,Fat Loss,5,Vegan,1795,143,428,78,Push Pull Legs
51,Female,160,90.2,33.2,High,intermediate,Fat Loss,3,Non-Vegetarian,1439,123,520,38,Push Pull Legs
34,Female,155,83.7,19.3,Low,beginner,Fat Loss,5,Non-Vegetarian,2346,115,457,89,Upper Lower
51,Female,165,85.7,43.7,High,intermediate,Recomposition,6,Non-Vegetarian,2133,90,257,63,Full Body
25,Female,168,67.4,40.8,High,intermediate,Muscle Gain,4,Vegan,2669,153,484,90,Full Body
54,Male,164,104.4,21.9,Moderate,intermediate,Fat Loss,6,Non-Vegetarian,1815,133,384,36,Upper Lower
55,Female,190,108.0,36.0,Very High,beginner,Recomposition,5,Vegan,2333,132,362,86,Full Body
29,Male,193,48.2,29.4,High,beginner,Maintenance,5,Non-Vegetarian,2713,140,486,99,Upper Lower
22,Male,185,92.4,25.3,Very High,beginner,Recomposition,3,Non-Vegetarian,2091,155,459,53,Upper Lower + Full Body
22,Female,172,95.0,27.2,Moderate,advanced,Maintenance,4,Vegetarian,1969,164,597,65,Upper Lower + Full Body
37,Female,167,101.7,14.5,Moderate,beginner,Fat Loss,5,Vegan,1315,128,554,100,Upper Lower + Full Body
53,Female,190,85.4,28.0,High,intermediate,Fat Loss,5,Vegan,1656,152,289,74,Push Pull Legs + Accessories
24,Female,157,67.8,28.3,Light,intermediate,Muscle Gain,5,Non-Vegetarian,2502,207,533,55,Push Pull Legs
31,Female,174,105.6,39.3,Light,advanced,Recomposition,4,Vegetarian,2197,92,340,44,Upper Lower + Full Body
43,Male,177,72.0,36.7,Low,intermediate,Fat Loss,5,Vegan,2113,169,561,96,Push Pull Legs + Accessories
22,Male,182,54.0,19.5,Very High,advanced,Fat Loss,4,Non-Vegetarian,2311,141,553,91,Push Pull Legs
24,Female,175,99.7,11.4,Moderate,advanced,Maintenance,6,Vegan,1988,132,587,82,Upper Lower
38,Male,159,83.8,10.0,Low,advanced,Fat Loss,5,Vegetarian,1756,146,364,67,Full Body
26,Female,168,76.1,40.3,Low,beginner,Maintenance,5,Vegan,2080,113,187,49,Upper Lower + Full Body
23,Female,178,51.0,30.3,Low,intermediate,Muscle Gain,6,Non-Vegetarian,3933,183,557,60,Push Pull Legs
24,Male,175,103.6,19.0,Light,advanced,Fat Loss,4,Non-Vegetarian,1906,110,477,76,Push Pull Legs
41,Male,165,60.8,42.0,Light,advanced,Muscle Gain,3,Vegetarian,2657,143,427,86,Push Pull Legs + Accessories
22,Female,168,82.7,32.7,Moderate,advanced,Recomposition,6,Vegetarian,2076,102,611,35,Full Body
52,Female,192,92.2,21.7,Light,beginner,Muscle Gain,3,Non-Vegetarian,2886,142,433,82,Push Pull Legs + Accessories
43,Male,180,85.0,27.1,Light,intermediate,Recomposition,4,Non-Vegetarian,2895,128,439,74,Upper Lower + Full Body
19,Male,192,71.2,43.3,Light,intermediate,Recomposition,4,Vegan,1885,171,147,83,Push Pull Legs
26,Female,187,64.1,30.8,Light,beginner,Muscle Gain,4,Non-Vegetarian,3830,133,337,78,Push Pull Legs
48,Female,184,103.5,10.2,Very High,advanced,Fat Loss,6,Vegetarian,1543,102,261,37,Upper Lower
55,Male,189,77.8,29.7,Very High,beginner,Muscle Gain,5,Vegetarian,3505,179,477,73,Push Pull Legs + Accessories
23,Female,177,81.3,35.8,High,advanced,Muscle Gain,4,Vegetarian,3271,193,151,35,Full Body
44,Female,183,46.1,37.7,Light,beginner,Maintenance,4,Vegetarian,2552,90,486,98,Full Body
29,Male,156,92.8,12.0,Moderate,intermediate,Maintenance,4,Vegan,1867,150,230,83,Upper Lower + Full Body
22,Male,165,69.7,10.4,High,intermediate,Fat Loss,3,Non-Vegetarian,2475,128,328,85,Push Pull Legs
22,Male,176,98.6,8.5,Low,intermediate,Fat Loss,6,Vegetarian,2578,139,418,61,Upper Lower + Full Body
41,Female,190,99.9,15.2,Moderate,advanced,Recomposition,4,Vegetarian,1720,90,543,39,Push Pull Legs
30,Female,171,58.1,31.3,Low,intermediate,Fat Loss,4,Non-Vegetarian,2184,112,435,37,Full Body
20,Female,166,71.8,28.4,Moderate,intermediate,Maintenance,3,Vegan,2528,162,335,55,Full Body
39,Male,190,103.0,36.0,Moderate,beginner,Muscle Gain,4,Non-Vegetarian,2815,172,220,35,Upper Lower
43,Male,175,77.3,33.4,Very High,advanced,Maintenance,4,Vegetarian,2739,132,636,83,Upper Lower + Full Body
34,Male,194,109.7,30.4,Light,advanced,Muscle Gain,3,Vegan,4175,175,266,76,Upper Lower + Full Body
48,Female,182,96.4,30.5,Very High,beginner,Fat Loss,6,Vegetarian,1738,147,602,61,Push Pull Legs
21,Male,173,107.9,37.2,High,advanced,Maintenance,5,Vegetarian,3117,97,587,67,Upper Lower + Full Body
53,Female,154,97.2,17.5,Low,advanced,Maintenance,3,Non-Vegetarian,1729,130,178,44,Upper Lower + Full Body
33,Male,195,99.9,22.3,High,beginner,Muscle Gain,3,Non-Vegetarian,4108,204,486,73,Push Pull Legs
30,Male,192,61.3,42.2,Low,advanced,Maintenance,5,Vegetarian,2351,131,374,84,Upper Lower
41,Female,177,50.1,18.0,Light,advanced,Recomposition,3,Vegetarian,1719,168,315,51,Push Pull Legs
27,Female,187,61.6,26.4,High,beginner,Muscle Gain,3,Non-Vegetarian,4109,129,281,67,Push Pull Legs
39,Female,158,105.5,23.2,Low,beginner,Muscle Gain,6,Non-Vegetarian,3222,166,210,42,Push Pull Legs
22,Male,160,91.1,16.1,Low,beginner,Recomposition,6,Vegan,2381,133,497,84,Push Pull Legs + Accessories
29,Male,164,80.6,31.9,Light,intermediate,Maintenance,3,Non-Vegetarian,2193,129,408,85,Upper Lower
50,Male,151,93.7,17.8,Very High,advanced,Muscle Gain,5,Vegetarian,4098,186,133,78,Upper Lower + Full Body
18,Female,189,94.6,42.0,Moderate,beginner,Muscle Gain,6,Vegan,2947,150,276,77,Push Pull Legs + Accessories
29,Female,155,46.7,26.6,Light,intermediate,Maintenance,3,Vegetarian,2463,164,201,79,Push Pull Legs + Accessories
41,Male,171,66.8,28.4,Very High,intermediate,Maintenance,4,Vegan,2568,122,372,75,Upper Lower
24,Male,180,57.9,28.4,Light,intermediate,Recomposition,4,Vegan,2695,97,285,37,Upper Lower
47,Male,161,70.0,36.7,Light,advanced,Maintenance,4,Vegetarian,2339,170,463,97,Upper Lower + Full Body
33,Male,156,63.9,43.5,High,beginner,Maintenance,4,Vegetarian,2147,97,261,70,Push Pull Legs
19,Male,150,52.5,15.8,Moderate,intermediate,Maintenance,5,Vegetarian,1871,126,374,94,Push Pull Legs + Accessories
41,Male,171,88.1,30.8,Light,intermediate,Recomposition,3,Vegan,1859,144,174,74,Upper Lower + Full Body
43,Female,189,105.8,25.5,Very High,advanced,Recomposition,4,Non-Vegetarian,2425,175,566,74,Push Pull Legs
31,Male,172,46.0,24.6,High,intermediate,Recomposition,6,Vegetarian,3034,147,532,59,Upper Lower
50,Female,151,106.5,24.4,Low,advanced,Maintenance,6,Non-Vegetarian,1797,135,308,51,Push Pull Legs
22,Male,159,102.5,37.2,High,beginner,Maintenance,4,Vegetarian,3132,137,348,65,Upper Lower
53,Male,155,97.5,16.6,Low,intermediate,Muscle Gain,6,Non-Vegetarian,3931,139,434,87,Upper Lower + Full Body
20,Female,181,52.4,30.3,Very High,advanced,Maintenance,3,Vegetarian,1941,137,625,93,Upper Lower
55,Male,153,104.4,26.3,Moderate,advanced,Maintenance,6,Vegetarian,2072,141,428,51,Upper Lower
29,Female,169,67.0,26.9,Moderate,advanced,Recomposition,4,Non-Vegetarian,1741,125,592,98,Full Body
51,Male,192,46.5,31.9,High,advanced,Muscle Gain,3,Non-Vegetarian,4165,133,434,70,Push Pull Legs
27,Male,181,98.6,36.6,Very High,intermediate,Fat Loss,5,Non-Vegetarian,1773,146,329,86,Push Pull Legs + Accessories
21,Female,168,65.1,36.0,High,beginner,Muscle Gain,3,Non-Vegetarian,2277,167,292,97,Push Pull Legs + Accessories
36,Male,178,75.1,29.8,High,advanced,Maintenance,5,Vegan,1956,149,360,66,Push Pull Legs
38,Male,176,77.2,39.6,Low,beginner,Maintenance,5,Vegan,3271,135,471,91,Upper Lower + Full Body
19,Female,179,84.1,34.6,High,intermediate,Muscle Gain,5,Vegan,3528,143,335,38,Push Pull Legs
49,Male,162,51.8,42.3,Low,beginner,Recomposition,4,Non-Vegetarian,2803,112,231,58,Upper Lower + Full Body
42,Female,178,89.9,17.6,Moderate,intermediate,Maintenance,4,Non-Vegetarian,1914,153,600,71,Upper Lower + Full Body
45,Female,170,55.1,32.1,Moderate,beginner,Maintenance,4,Non-Vegetarian,2330,109,637,52,Upper Lower
29,Male,158,48.3,10.7,High,intermediate,Recomposition,3,Non-Vegetarian,1931,138,468,55,Push Pull Legs
35,Male,182,75.0,9.7,High,intermediate,Fat Loss,6,Vegetarian,2065,94,176,65,Upper Lower
54,Male,171,70.3,39.1,Very High,beginner,Fat Loss,3,Non-Vegetarian,1302,144,475,40,Push Pull Legs + Accessories
25,Female,193,91.9,44.3,Very High,advanced,Maintenance,5,Vegan,2419,106,342,85,Full Body
22,Female,156,103.9,9.0,Low,advanced,Fat Loss,3,Vegan,2466,138,623,86,Push Pull Legs
21,Female,176,54.3,43.0,Low,intermediate,Muscle Gain,6,Non-Vegetarian,2510,177,505,95,Upper Lower + Full Body
54,Male,176,46.8,27.4,Moderate,beginner,Muscle Gain,5,Vegan,2867,134,302,57,Push Pull Legs
20,Female,168,59.1,37.2,Low,intermediate,Recomposition,4,Vegetarian,1893,161,597,67,Upper Lower + Full Body
50,Female,186,57.5,22.8,Moderate,beginner,Recomposition,3,Vegetarian,2595,140,602,92,Upper Lower
25,Male,156,49.1,15.6,Moderate,beginner,Fat Loss,4,Vegan,1755,136,288,53,Upper Lower
49,Female,171,47.9,18.6,Very High,beginner,Recomposition,4,Vegan,1983,123,405,86,Upper Lower + Full Body
44,Female,152,63.1,12.1,Light,intermediate,Muscle Gain,6,Vegan,3500,141,438,51,Push Pull Legs + Accessories
30,Male,192,83.2,25.3,Light,beginner,Maintenance,6,Vegetarian,3218,139,155,74,Push Pull Legs + Accessories
22,Female,153,54.7,30.6,High,advanced,Maintenance,5,Non-Vegetarian,1869,165,165,68,Upper Lower
47,Female,152,55.9,32.4,High,beginner,Maintenance,3,Vegetarian,2358,142,292,65,Push Pull Legs + Accessories
35,Male,175,88.4,36.6,High,beginner,Maintenance,5,Vegetarian,1874,164,152,86,Full Body
33,Female,161,101.0,32.9,High,advanced,Muscle Gain,3,Vegetarian,4012,165,464,49,Upper Lower
28,Female,193,74.5,37.5,Very High,beginner,Recomposition,5,Vegetarian,3162,108,253,53,Full Body
52,Male,166,49.6,24.4,High,intermediate,Muscle Gain,6,Non-Vegetarian,3533,186,616,55,Upper Lower
41,Female,183,103.4,27.3,Light,intermediate,Recomposition,3,Non-Vegetarian,2798,161,341,65,Full Body
50,Male,162,92.7,37.7,High,advanced,Fat Loss,6,Vegan,1530,135,306,84,Push Pull Legs + Accessories
42,Female,191,78.6,28.1,Low,intermediate,Maintenance,6,Non-Vegetarian,2188,96,145,41,Upper Lower
49,Male,173,45.9,15.5,High,advanced,Muscle Gain,5,Non-Vegetarian,2023,179,279,39,Upper Lower
46,Male,155,62.2,33.2,Light,intermediate,Maintenance,6,Vegetarian,2721,162,353,57,Upper Lower
50,Female,189,63.1,29.1,Moderate,beginner,Recomposition,6,Vegan,1857,168,372,66,Push Pull Legs + Accessories
27,Male,169,46.9,25.4,Very High,beginner,Maintenance,3,Vegan,3066,143,197,99,Push Pull Legs
52,Male,185,92.0,17.7,Very High,beginner,Fat Loss,6,Vegan,1662,146,270,69,Full Body
26,Female,161,76.5,30.3,Light,intermediate,Recomposition,4,Vegetarian,3012,180,615,57,Upper Lower
24,Male,170,109.8,16.8,Moderate,beginner,Muscle Gain,6,Vegan,2768,199,310,91,Full Body
24,Female,155,90.8,22.6,Low,intermediate,Muscle Gain,6,Vegetarian,3213,206,452,48,Upper Lower
55,Male,177,72.7,34.7,Moderate,intermediate,Maintenance,4,Vegan,2877,141,524,74,Push Pull Legs + Accessories
23,Male,182,50.6,41.8,Light,advanced,Muscle Gain,6,Vegetarian,2791,194,241,46,Upper Lower + Full Body
43,Female,171,105.2,39.8,High,beginner,Recomposition,5,Vegetarian,2374,148,550,81,Full Body
42,Male,176,83.0,23.0,Light,beginner,Fat Loss,6,Non-Vegetarian,1927,163,475,48,Full Body
46,Male,192,45.3,18.0,Moderate,beginner,Maintenance,3,Non-Vegetarian,2018,145,322,50,Push Pull Legs + Accessories
48,Female,167,91.0,18.1,Light,beginner,Muscle Gain,4,Vegan,3235,116,230,96,Upper Lower
54,Male,151,104.6,17.5,Light,beginner,Recomposition,5,Vegetarian,1664,174,300,81,Upper Lower + Full Body
53,Male,170,46.0,35.2,Light,beginner,Recomposition,3,Vegetarian,2211,130,332,76,Push Pull Legs
38,Male,191,72.7,15.5,Moderate,beginner,Muscle Gain,6,Vegetarian,2264,148,355,60,Full Body
46,Female,190,50.5,21.3,Moderate,beginner,Fat Loss,4,Non-Vegetarian,1919,103,616,87,Upper Lower + Full Body
27,Male,152,70.9,28.0,Very High,advanced,Maintenance,5,Vegan,3108,95,297,100,Full Body
47,Female,157,88.8,23.5,Low,advanced,Muscle Gain,6,Vegan,2720,147,420,60,Push Pull Legs
38,Female,165,92.4,20.5,Light,beginner,Recomposition,3,Vegetarian,2448,149,417,84,Push Pull Legs
24,Female,177,98.7,19.8,Light,beginner,Recomposition,3,Non-Vegetarian,3140,175,362,83,Push Pull Legs + Accessories
26,Male,181,90.6,25.9,High,advanced,Maintenance,4,Vegetarian,2056,103,584,73,Push Pull Legs
46,Female,158,109.2,23.8,Light,beginner,Maintenance,3,Vegan,2580,111,320,43,Upper Lower + Full Body
42,Male,178,80.9,40.8,High,intermediate,Recomposition,5,Non-Vegetarian,2129,91,239,53,Full Body
33,Female,157,74.4,20.4,Low,intermediate,Recomposition,3,Non-Vegetarian,1829,127,359,69,Push Pull Legs
47,Male,158,100.0,25.6,Moderate,intermediate,Recomposition,6,Vegan,2894,97,421,46,Full Body
40,Male,192,93.9,30.8,High,beginner,Recomposition,3,Vegetarian,2643,132,449,55,Upper Lower + Full Body
30,Male,157,106.1,13.5,Very High,intermediate,Recomposition,4,Non-Vegetarian,2015,135,493,48,Upper Lower + Full Body
47,Female,176,61.1,21.4,High,advanced,Fat Loss,4,Non-Vegetarian,1852,119,619,87,Upper Lower
43,Female,161,77.7,11.6,High,beginner,Recomposition,5,Vegetarian,2904,133,460,79,Upper Lower
41,Female,153,72.6,29.0,Very High,intermediate,Fat Loss,5,Vegan,2145,120,182,94,Upper Lower
38,Female,194,85.8,12.5,Very High,beginner,Maintenance,4,Vegetarian,2339,162,241,68,Upper Lower
40,Male,166,65.2,40.3,Low,advanced,Recomposition,6,Non-Vegetarian,1901,129,266,81,Push Pull Legs + Accessories
20,Female,169,46.5,36.8,Light,advanced,Recomposition,6,Vegetarian,2011,137,377,94,Push Pull Legs + Accessories
32,Female,153,107.7,37.2,High,advanced,Recomposition,5,Vegetarian,2966,172,120,38,Push Pull Legs + Accessories
24,Female,189,100.3,8.9,Light,beginner,Maintenance,6,Vegetarian,2442,95,398,50,Push Pull Legs
21,Female,182,54.9,13.6,Low,advanced,Fat Loss,5,Vegetarian,1731,169,149,35,Upper Lower
20,Female,154,95.9,11.5,High,intermediate,Recomposition,4,Vegan,2771,97,475,82,Full Body
33,Male,180,77.8,33.7,Low,intermediate,Recomposition,5,Non-Vegetarian,3038,127,440,83,Upper Lower + Full Body
36,Female,158,98.6,16.6,Light,beginner,Maintenance,6,Non-Vegetarian,1835,163,163,61,Full Body
21,Male,185,54.0,11.3,Low,beginner,Recomposition,3,Non-Vegetarian,2955,122,389,40,Upper Lower
54,Female,165,101.8,18.8,Low,intermediate,Recomposition,4,Vegetarian,2183,177,359,40,Push Pull Legs + Accessories
53,Male,159,99.1,11.7,Very High,beginner,Muscle Gain,6,Vegan,2069,155,312,56,Upper Lower
51,Male,174,75.0,31.5,Very High,beginner,Muscle Gain,3,Vegan,2248,119,361,65,Push Pull Legs + Accessories
18,Female,193,54.1,39.1,Moderate,intermediate,Maintenance,4,Non-Vegetarian,2566,129,396,43,Push Pull Legs
40,Male,168,104.1,24.7,Light,advanced,Recomposition,4,Vegan,2758,179,521,55,Full Body
28,Male,164,77.6,17.7,Very High,beginner,Muscle Gain,4,Vegetarian,3945,181,473,44,Full Body
18,Female,188,47.9,31.8,Light,advanced,Maintenance,6,Vegetarian,2767,138,367,78,Upper Lower
19,Male,174,100.3,25.8,Light,beginner,Fat Loss,6,Non-Vegetarian,1955,117,422,41,Upper Lower
54,Female,174,70.4,30.8,Light,beginner,Maintenance,5,Vegan,2378,113,147,44,Push Pull Legs
41,Male,193,65.2,36.6,Very High,intermediate,Recomposition,4,Vegetarian,2514,124,178,81,Push Pull Legs
18,Female,162,89.1,14.3,High,intermediate,Maintenance,3,Vegetarian,2405,122,366,44,Push Pull Legs
29,Male,150,89.9,11.9,Low,beginner,Recomposition,4,Vegan,3160,98,176,54,Upper Lower + Full Body
29,Female,188,67.2,38.8,Moderate,intermediate,Muscle Gain,4,Non-Vegetarian,2879,159,177,42,Push Pull Legs + Accessories
31,Female,163,90.6,37.5,Light,intermediate,Muscle Gain,6,Non-Vegetarian,3758,155,298,50,Upper Lower
36,Female,176,55.4,39.6,Light,intermediate,Maintenance,5,Vegan,2062,169,496,85,Full Body
28,Female,154,82.7,14.3,Moderate,advanced,Muscle Gain,5,Non-Vegetarian,2307,196,425,98,Full Body
46,Male,177,100.0,35.9,Very High,advanced,Fat Loss,5,Non-Vegetarian,1898,155,482,89,Full Body
45,Female,176,82.9,41.3,Moderate,advanced,Recomposition,6,Vegan,1609,131,240,87,Full Body
43,Male,179,83.9,36.6,High,intermediate,Maintenance,3,Vegetarian,2466,164,125,75,Upper Lower + Full Body
39,Male,176,77.7,8.1,Light,intermediate,Maintenance,6,Vegan,2723,169,485,40,Upper Lower + Full Body
37,Male,194,70.8,39.1,High,beginner,Fat Loss,5,Vegetarian,1905,103,547,53,Push Pull Legs + Accessories
18,Female,190,86.5,9.0,Very High,beginner,Fat Loss,5,Vegetarian,1525,113,349,36,Upper Lower
34,Female,194,98.3,44.2,Light,intermediate,Recomposition,4,Non-Vegetarian,3072,102,420,100,Push Pull Legs + Accessories
55,Female,180,86.0,19.7,Low,beginner,Maintenance,5,Non-Vegetarian,3243,161,366,75,Upper Lower
39,Male,182,101.1,18.9,Very High,advanced,Muscle Gain,6,Vegan,3423,128,476,78,Upper Lower
53,Male,195,75.8,33.1,Low,beginner,Muscle Gain,3,Vegetarian,2367,163,429,93,Upper Lower
25,Male,155,63.7,30.5,Light,beginner,Recomposition,3,Vegan,2711,168,218,41,Full Body
36,Male,193,109.7,19.9,High,advanced,Muscle Gain,6,Vegan,3102,107,148,81,Upper Lower + Full Body
41,Female,183,58.5,41.7,Moderate,intermediate,Maintenance,4,Vegetarian,1733,128,286,37,Upper Lower + Full Body
23,Female,182,57.2,31.2,High,intermediate,Maintenance,3,Non-Vegetarian,2820,146,298,76,Full Body
41,Male,169,52.8,44.7,Low,advanced,Muscle Gain,4,Non-Vegetarian,3514,206,578,94,Push Pull Legs
55,Female,174,87.7,9.1,High,beginner,Recomposition,5,Vegetarian,2032,136,222,56,Upper Lower + Full Body
53,Female,163,69.7,30.2,Moderate,advanced,Maintenance,4,Non-Vegetarian,2648,97,539,51,Upper Lower
25,Female,173,70.3,32.9,Moderate,advanced,Muscle Gain,6,Vegetarian,4145,182,302,98,Push Pull Legs + Accessories
19,Male,150,56.0,16.3,Low,advanced,Fat Loss,3,Vegan,1830,136,512,49,Full Body
31,Female,195,62.0,17.7,Light,advanced,Maintenance,6,Vegetarian,2118,151,487,100,Full Body
33,Male,184,92.8,41.0,Very High,intermediate,Muscle Gain,3,Vegan,4112,111,209,50,Upper Lower
48,Male,189,66.2,32.7,Light,beginner,Fat Loss,3,Non-Vegetarian,1781,111,402,45,Push Pull Legs + Accessories
47,Male,156,54.4,26.6,Very High,intermediate,Fat Loss,4,Vegan,2344,152,161,100,Push Pull Legs
29,Male,161,92.9,38.7,Light,beginner,Muscle Gain,5,Non-Vegetarian,4126,137,364,75,Push Pull Legs
50,Female,185,51.4,40.6,Very High,intermediate,Recomposition,3,Vegetarian,2195,108,468,37,Push Pull Legs
50,Male,168,55.7,18.2,Low,intermediate,Muscle Gain,3,Vegan,2914,209,217,65,Push Pull Legs + Accessories
35,Female,163,61.7,16.3,Low,intermediate,Recomposition,4,Non-Vegetarian,3048,171,213,98,Upper Lower
33,Male,172,78.8,16.6,Very High,beginner,Fat Loss,3,Vegetarian,2586,132,279,97,Upper Lower + Full Body
53,Female,173,110.0,22.9,Low,beginner,Recomposition,6,Vegetarian,2898,96,547,56,Push Pull Legs
24,Male,158,62.4,24.9,High,intermediate,Maintenance,5,Vegan,3373,117,518,54,Upper Lower + Full Body
25,Male,194,60.9,34.8,Low,advanced,Muscle Gain,3,Vegetarian,3109,132,506,76,Push Pull Legs
54,Male,155,99.7,27.5,Very High,advanced,Maintenance,5,Non-Vegetarian,3069,164,404,91,Upper Lower
36,Female,179,99.8,32.4,Low,intermediate,Recomposition,5,Non-Vegetarian,1857,176,230,92,Full Body
32,Female,186,61.7,8.1,Moderate,intermediate,Maintenance,3,Non-Vegetarian,2316,123,432,88,Full Body
37,Female,183,49.4,18.8,Moderate,beginner,Maintenance,4,Vegan,2747,155,523,73,Push Pull Legs + Accessories
19,Female,185,84.7,41.1,Moderate,beginner,Muscle Gain,6,Vegan,3203,119,198,65,Upper Lower + Full Body
32,Male,177,90.7,30.8,High,intermediate,Maintenance,4,Vegan,2139,152,616,96,Upper Lower
25,Female,173,61.3,13.6,Moderate,beginner,Fat Loss,5,Vegetarian,1716,157,335,70,Push Pull Legs
36,Male,180,53.9,16.5,High,beginner,Muscle Gain,6,Non-Vegetarian,2281,176,614,79,Upper Lower
21,Female,193,48.4,23.9,Light,beginner,Recomposition,6,Vegetarian,2063,137,283,47,Push Pull Legs
51,Female,162,107.9,25.0,Moderate,advanced,Fat Loss,6,Vegetarian,1625,101,407,82,Push Pull Legs
53,Male,183,67.5,26.8,Very High,advanced,Muscle Gain,3,Vegetarian,3107,123,242,98,Upper Lower + Full Body
36,Male,158,95.7,8.1,Moderate,beginner,Fat Loss,5,Non-Vegetarian,1685,129,320,59,Full Body
24,Female,188,73.9,31.1,Moderate,beginner,Fat Loss,4,Non-Vegetarian,1603,125,320,39,Push Pull Legs
47,Male,164,52.3,15.1,Light,intermediate,Fat Loss,3,Vegan,2356,173,629,56,Full Body
48,Female,182,60.5,29.2,Low,intermediate,Muscle Gain,4,Vegetarian,2684,146,627,90,Upper Lower + Full Body
21,Male,159,64.7,12.1,Very High,advanced,Fat Loss,6,Vegetarian,1875,127,488,57,Push Pull Legs
42,Female,186,82.9,38.1,Moderate,beginner,Fat Loss,3,Vegetarian,2458,149,624,99,Upper Lower + Full Body
24,Female,177,71.4,39.6,Low,beginner,Muscle Gain,3,Non-Vegetarian,3130,137,141,53,Push Pull Legs + Accessories
42,Female,153,52.6,40.0,Light,beginner,Recomposition,4,Non-Vegetarian,2565,137,214,38,Push Pull Legs
31,Male,174,100.9,35.8,Moderate,intermediate,Maintenance,4,Vegan,3294,150,362,69,Push Pull Legs + Accessories
52,Male,167,97.1,21.5,Low,intermediate,Fat Loss,3,Vegetarian,1519,112,199,55,Upper Lower
30,Female,180,108.2,20.2,Low,beginner,Fat Loss,3,Vegan,1721,101,173,54,Push Pull Legs + Accessories
32,Male,178,46.6,9.4,High,advanced,Maintenance,4,Vegan,2417,110,276,55,Full Body
43,Female,171,107.0,36.0,Moderate,intermediate,Recomposition,4,Vegetarian,2485,167,214,73,Full Body
21,Female,163,70.0,16.3,Moderate,beginner,Fat Loss,6,Vegetarian,1823,145,554,92,Push Pull Legs + Accessories
28,Male,176,104.2,25.8,Low,intermediate,Maintenance,6,Vegan,1724,125,484,77,Upper Lower
36,Male,160,90.0,21.3,High,intermediate,Fat Loss,5,Non-Vegetarian,2537,147,173,83,Full Body
48,Male,155,85.1,42.9,High,beginner,Fat Loss,5,Vegan,2574,152,347,43,Push Pull Legs
20,Female,157,67.6,39.3,Light,advanced,Maintenance,4,Vegetarian,1896,130,406,58,Full Body
23,Male,172,46.5,35.4,Light,advanced,Recomposition,3,Vegan,2674,143,147,100,Upper Lower
51,Female,195,93.6,41.0,Very High,advanced,Fat Loss,6,Non-Vegetarian,1956,123,579,82,Upper Lower + Full Body
54,Female,186,95.2,34.3,Moderate,beginner,Maintenance,5,Vegetarian,2994,164,179,73,Upper Lower
51,Female,160,96.8,20.1,Very High,intermediate,Recomposition,5,Vegetarian,3018,147,561,96,Upper Lower
32,Female,153,94.4,12.0,Very High,beginner,Recomposition,6,Vegan,2981,166,387,82,Push Pull Legs
32,Male,193,103.9,13.9,Moderate,intermediate,Recomposition,3,Vegan,3062,172,278,94,Full Body
31,Male,178,103.5,8.8,Low,advanced,Fat Loss,5,Vegan,2089,114,445,44,Upper Lower + Full Body
40,Female,178,48.6,15.5,Light,beginner,Fat Loss,6,Vegetarian,1753,177,140,43,Full Body
44,Female,167,96.4,12.0,High,beginner,Maintenance,3,Vegan,1817,117,557,98,Full Body
42,Male,186,95.7,16.2,Very High,advanced,Maintenance,3,Vegetarian,1887,148,199,59,Push Pull Legs
49,Male,151,85.2,11.7,Moderate,intermediate,Recomposition,3,Vegan,2552,150,359,95,Upper Lower
44,Male,186,96.7,24.6,Very High,beginner,Recomposition,5,Non-Vegetarian,1696,100,164,37,Push Pull Legs + Accessories
48,Female,168,48.3,30.0,High,beginner,Muscle Gain,4,Vegetarian,3517,180,527,83,Push Pull Legs
42,Male,156,45.2,41.7,Light,intermediate,Muscle Gain,3,Non-Vegetarian,2255,206,141,47,Push Pull Legs
26,Male,158,92.1,14.3,High,advanced,Fat Loss,3,Non-Vegetarian,1496,94,244,44,Upper Lower + Full Body
42,Male,186,57.7,17.9,Very High,beginner,Muscle Gain,6,Non-Vegetarian,3787,178,650,96,Push Pull Legs
25,Male,168,84.9,10.9,High,beginner,Fat Loss,4,Vegan,1610,136,234,83,Full Body
55,Male,171,77.9,22.3,High,intermediate,Fat Loss,3,Vegetarian,2292,92,279,76,Full Body
42,Female,170,66.2,44.0,Moderate,advanced,Fat Loss,3,Vegan,1590,131,389,41,Full Body
40,Female,189,99.4,20.2,Light,intermediate,Fat Loss,5,Vegan,1583,143,340,66,Full Body
32,Male,157,87.9,31.3,Moderate,advanced,Recomposition,6,Vegetarian,3005,114,277,35,Upper Lower
43,Male,155,89.9,30.8,Light,beginner,Fat Loss,3,Vegan,2150,147,555,94,Full Body
51,Female,160,56.6,35.6,Very High,beginner,Recomposition,4,Vegan,1726,95,426,90,Upper Lower
55,Male,174,72.1,40.1,High,beginner,Recomposition,3,Vegan,1920,180,564,74,Upper Lower + Full Body
20,Male,166,96.5,26.2,High,intermediate,Maintenance,5,Non-Vegetarian,3006,154,391,73,Push Pull Legs + Accessories
47,Female,179,91.6,12.4,High,beginner,Maintenance,4,Non-Vegetarian,2042,149,634,62,Upper Lower
31,Female,159,105.9,36.7,High,intermediate,Recomposition,5,Non-Vegetarian,3148,158,416,51,Push Pull Legs + Accessories
36,Female,177,89.8,20.7,Moderate,advanced,Muscle Gain,4,Vegan,2123,192,148,54,Push Pull Legs
32,Female,174,72.0,36.0,Very High,intermediate,Maintenance,4,Vegan,2832,112,340,52,Upper Lower
39,Female,165,59.2,22.3,Very High,beginner,Fat Loss,6,Non-Vegetarian,2291,175,497,73,Upper Lower + Full Body
18,Male,164,99.7,30.7,Low,beginner,Fat Loss,4,Vegan,2255,171,526,44,Upper Lower + Full Body
41,Male,193,74.7,43.9,Low,intermediate,Muscle Gain,3,Vegetarian,3458,195,230,83,Upper Lower
22,Male,172,60.8,18.1,Very High,beginner,Muscle Gain,5,Vegan,3895,192,534,78,Push Pull Legs
42,Male,162,103.4,24.6,Moderate,beginner,Maintenance,6,Vegan,2940,107,243,82,Push Pull Legs
53,Male,155,49.0,31.8,Moderate,intermediate,Fat Loss,3,Vegetarian,1584,148,619,63,Upper Lower
42,Male,171,70.8,18.7,High,advanced,Recomposition,4,Vegan,1617,171,297,83,Upper Lower
43,Male,178,72.1,16.4,Low,beginner,Maintenance,4,Vegetarian,3229,97,589,78,Upper Lower
23,Female,167,52.1,39.5,Light,intermediate,Maintenance,4,Vegan,2152,93,505,67,Push Pull Legs + Accessories
36,Male,162,77.9,15.5,Very High,advanced,Muscle Gain,6,Non-Vegetarian,3230,190,257,75,Full Body
40,Male,184,63.5,25.6,Light,advanced,Maintenance,6,Non-Vegetarian,1973,155,615,55,Full Body
47,Female,186,81.1,29.8,Light,beginner,Maintenance,5,Non-Vegetarian,3117,127,147,70,Upper Lower
19,Male,150,52.3,31.5,Very High,intermediate,Muscle Gain,3,Non-Vegetarian,3824,167,449,70,Full Body
54,Male,191,47.0,20.8,Very High,advanced,Recomposition,6,Vegetarian,3123,145,300,62,Upper Lower
33,Female,150,47.1,32.9,Light,advanced,Maintenance,5,Vegetarian,2918,132,307,82,Push Pull Legs + Accessories
47,Male,181,88.4,16.1,Light,intermediate,Fat Loss,5,Non-Vegetarian,2387,152,152,50,Upper Lower
25,Male,154,73.9,12.5,Light,advanced,Fat Loss,5,Vegan,1701,142,265,72,Upper Lower + Full Body
25,Male,171,50.6,23.9,Moderate,intermediate,Fat Loss,6,Vegan,2274,98,588,43,Upper Lower
31,Female,172,103.2,32.8,Very High,beginner,Muscle Gain,5,Non-Vegetarian,2713,142,563,55,Push Pull Legs + Accessories
45,Male,167,57.9,36.8,Low,intermediate,Muscle Gain,4,Vegetarian,2578,170,550,95,Upper Lower + Full Body
27,Female,192,90.2,25.8,Low,intermediate,Fat Loss,6,Vegan,2200,107,168,91,Full Body
42,Male,174,85.0,11.8,Light,advanced,Maintenance,6,Vegan,2375,162,401,72,Push Pull Legs
36,Female,186,60.4,11.7,Low,beginner,Maintenance,6,Vegan,3148,159,445,74,Push Pull Legs
42,Male,158,51.5,9.5,Low,advanced,Fat Loss,6,Vegetarian,1647,119,498,50,Upper Lower + Full Body
28,Female,159,83.7,11.3,Moderate,intermediate,Muscle Gain,4,Vegan,2253,207,570,65,Upper Lower + Full Body
23,Female,191,88.6,26.9,Moderate,intermediate,Maintenance,4,Vegetarian,1708,149,419,78,Push Pull Legs + Accessories
48,Female,168,52.9,40.9,High,advanced,Maintenance,3,Vegan,2130,102,531,66,Upper Lower
41,Male,164,100.9,43.2,Light,advanced,Recomposition,4,Vegetarian,2280,148,481,94,Upper Lower + Full Body
43,Female,153,74.5,10.2,Moderate,beginner,Recomposition,6,Non-Vegetarian,2473,95,515,80,Push Pull Legs
27,Female,177,50.3,9.7,Very High,advanced,Recomposition,5,Non-Vegetarian,3105,116,259,84,Full Body
35,Female,156,87.2,17.6,Light,advanced,Maintenance,3,Vegan,3241,123,320,90,Upper Lower + Full Body
50,Female,163,65.7,37.1,High,beginner,Muscle Gain,3,Vegetarian,2636,100,645,97,Push Pull Legs
31,Female,183,102.7,12.5,Light,advanced,Fat Loss,6,Vegetarian,2459,102,638,63,Upper Lower + Full Body
52,Male,180,101.9,12.8,High,intermediate,Muscle Gain,3,Vegan,2303,159,490,93,Push Pull Legs + Accessories
24,Male,182,47.1,27.2,High,advanced,Maintenance,4,Vegetarian,2542,106,433,46,Full Body
51,Male,189,59.6,26.9,High,intermediate,Maintenance,3,Non-Vegetarian,2701,115,199,61,Push Pull Legs
36,Female,186,61.0,16.9,Light,advanced,Recomposition,6,Vegetarian,2305,133,372,97,Push Pull Legs + Accessories
22,Female,155,101.0,40.5,Moderate,intermediate,Recomposition,5,Vegetarian,2385,117,232,93,Upper Lower
24,Female,171,61.4,33.6,High,beginner,Muscle Gain,4,Non-Vegetarian,2497,129,461,38,Upper Lower
36,Male,175,45.8,25.5,Very High,intermediate,Recomposition,5,Non-Vegetarian,2217,172,422,89,Full Body
34,Female,184,54.3,27.1,High,beginner,Fat Loss,3,Vegetarian,1975,131,642,97,Push Pull Legs + Accessories
20,Female,172,48.8,36.5,Moderate,beginner,Fat Loss,5,Vegan,2076,137,175,88,Full Body
54,Female,177,89.8,16.1,High,intermediate,Maintenance,6,Non-Vegetarian,1860,119,435,46,Upper Lower
33,Female,191,97.1,38.9,Light,intermediate,Muscle Gain,3,Non-Vegetarian,3509,199,589,52,Upper Lower + Full Body
44,Female,174,68.8,36.3,Low,intermediate,Recomposition,3,Vegetarian,2842,119,339,83,Push Pull Legs + Accessories
47,Female,166,65.2,11.5,Very High,intermediate,Fat Loss,6,Vegetarian,1529,156,310,42,Push Pull Legs
35,Male,152,85.4,17.1,Very High,beginner,Recomposition,3,Non-Vegetarian,2005,177,258,41,Upper Lower
18,Male,177,70.8,18.4,High,advanced,Maintenance,3,Vegan,2246,150,640,100,Push Pull Legs + Accessories
51,Female,185,78.3,19.3,Very High,advanced,Recomposition,5,Non-Vegetarian,3034,164,608,45,Push Pull Legs
23,Female,179,104.6,30.3,Moderate,intermediate,Muscle Gain,3,Non-Vegetarian,2724,202,350,80,Push Pull Legs
52,Male,191,107.6,34.7,Light,beginner,Recomposition,6,Non-Vegetarian,2665,144,428,53,Push Pull Legs
32,Male,161,106.2,42.8,Moderate,beginner,Fat Loss,3,Non-Vegetarian,1586,123,216,47,Full Body
20,Male,178,109.9,21.8,Low,beginner,Fat Loss,5,Vegetarian,2452,126,502,95,Push Pull Legs + Accessories
33,Male,195,109.3,35.9,High,advanced,Muscle Gain,3,Vegan,3107,200,288,96,Push Pull Legs
38,Female,163,78.9,23.7,High,intermediate,Muscle Gain,4,Vegan,3837,152,622,83,Upper Lower
30,Male,171,64.5,19.9,Low,intermediate,Fat Loss,3,Non-Vegetarian,1704,175,644,59,Full Body
33,Female,154,56.6,44.4,Low,beginner,Maintenance,3,Non-Vegetarian,1797,93,299,70,Push Pull Legs
20,Female,163,71.3,17.3,Light,intermediate,Fat Loss,4,Vegetarian,1718,128,272,74,Push Pull Legs
46,Female,157,97.1,29.2,High,intermediate,Fat Loss,3,Non-Vegetarian,2260,167,421,53,Upper Lower + Full Body
24,Male,152,98.0,26.3,High,intermediate,Fat Loss,3,Vegan,1997,101,611,78,Push Pull Legs
54,Female,176,60.3,16.3,Moderate,advanced,Muscle Gain,5,Vegan,3595,204,202,88,Full Body
43,Male,175,56.2,11.4,Moderate,intermediate,Muscle Gain,6,Non-Vegetarian,4176,188,563,99,Push Pull Legs + Accessories
31,Male,178,78.2,33.8,High,intermediate,Muscle Gain,6,Vegetarian,2728,108,319,46,Push Pull Legs + Accessories
48,Female,150,88.3,35.8,High,advanced,Muscle Gain,3,Vegetarian,2701,182,569,89,Upper Lower
37,Female,171,56.9,26.7,Moderate,beginner,Muscle Gain,3,Vegetarian,4035,164,160,88,Full Body
39,Female,186,65.0,30.1,Very High,intermediate,Maintenance,6,Vegan,2256,167,318,57,Push Pull Legs
55,Male,159,55.8,28.5,High,advanced,Recomposition,3,Vegan,3002,116,601,81,Full Body
52,Female,173,96.1,18.6,High,advanced,Recomposition,5,Vegetarian,1608,164,266,68,Push Pull Legs + Accessories
31,Female,151,104.2,12.1,Light,beginner,Fat Loss,5,Non-Vegetarian,2059,92,384,44,Upper Lower
44,Male,175,64.9,16.8,Moderate,advanced,Muscle Gain,5,Non-Vegetarian,3514,194,574,64,Push Pull Legs
54,Female,159,87.9,23.7,Light,beginner,Maintenance,6,Non-Vegetarian,2577,90,326,54,Upper Lower + Full Body
48,Male,154,49.0,13.3,Moderate,advanced,Recomposition,5,Vegetarian,2888,148,365,84,Upper Lower + Full Body
33,Female,192,101.8,36.9,Light,advanced,Fat Loss,4,Vegan,1700,115,576,89,Upper Lower + Full Body
53,Male,175,78.9,37.3,Light,intermediate,Muscle Gain,6,Vegetarian,3776,168,224,83,Full Body
27,Male,165,66.6,26.2,Very High,advanced,Fat Loss,6,Vegan,2304,119,488,52,Push Pull Legs
42,Male,183,61.6,41.8,High,beginner,Fat Loss,4,Non-Vegetarian,1661,166,479,42,Upper Lower + Full Body
47,Female,159,109.8,13.7,High,beginner,Muscle Gain,3,Non-Vegetarian,3655,156,587,91,Upper Lower + Full Body
46,Female,192,91.3,33.9,High,beginner,Muscle Gain,3,Non-Vegetarian,3793,133,560,99,Upper Lower + Full Body
31,Male,152,68.5,33.6,Moderate,beginner,Recomposition,4,Non-Vegetarian,1887,139,240,42,Upper Lower
27,Male,167,109.0,33.6,High,beginner,Recomposition,5,Vegetarian,2681,158,400,49,Upper Lower + Full Body
43,Female,155,58.7,29.5,Low,intermediate,Fat Loss,5,Non-Vegetarian,1673,123,598,86,Upper Lower
48,Female,159,97.5,32.4,Very High,intermediate,Muscle Gain,3,Non-Vegetarian,2572,170,426,64,Upper Lower + Full Body
51,Female,150,46.8,31.0,Very High,advanced,Recomposition,6,Vegan,3033,162,284,69,Full Body
38,Male,154,101.6,30.8,Moderate,advanced,Recomposition,4,Non-Vegetarian,3076,167,619,82,Full Body
36,Male,170,60.3,22.1,Moderate,advanced,Recomposition,3,Vegan,1725,152,631,91,Push Pull Legs + Accessories
27,Male,160,54.2,23.9,High,advanced,Muscle Gain,5,Vegetarian,2970,104,130,53,Push Pull Legs + Accessories
26,Male,179,95.4,35.5,High,intermediate,Recomposition,6,Vegan,2753,121,159,75,Push Pull Legs
40,Female,165,101.6,22.0,Very High,advanced,Muscle Gain,3,Non-Vegetarian,4112,109,278,39,Push Pull Legs + Accessories
18,Female,153,46.6,30.6,Very High,advanced,Muscle Gain,5,Non-Vegetarian,4169,144,344,55,Upper Lower
34,Female,170,68.1,24.1,Light,beginner,Fat Loss,4,Vegetarian,1921,158,436,70,Push Pull Legs
54,Male,186,69.3,11.2,High,intermediate,Fat Loss,4,Vegetarian,1788,160,201,75,Push Pull Legs + Accessories
55,Female,152,76.3,20.9,High,advanced,Maintenance,3,Vegetarian,2583,116,541,49,Push Pull Legs
51,Male,181,63.9,34.1,Very High,advanced,Muscle Gain,3,Non-Vegetarian,2781,103,504,64,Upper Lower + Full Body
22,Male,167,65.4,28.2,Very High,advanced,Recomposition,4,Vegan,2780,120,127,58,Upper Lower + Full Body
21,Female,173,54.4,26.6,Low,intermediate,Recomposition,3,Vegan,1988,103,218,54,Push Pull Legs + Accessories
34,Male,194,92.4,21.1,Very High,advanced,Recomposition,5,Non-Vegetarian,2855,160,189,69,Full Body
33,Male,184,106.3,38.7,Moderate,intermediate,Recomposition,3,Vegan,3178,113,631,41,Full Body
50,Female,179,64.9,25.5,Moderate,intermediate,Recomposition,4,Vegetarian,1656,96,500,85,Push Pull Legs
35,Female,190,70.4,12.0,Low,beginner,Fat Loss,4,Non-Vegetarian,1407,143,524,82,Push Pull Legs + Accessories
21,Female,173,46.9,20.9,Low,advanced,Maintenance,5,Vegan,2637,144,457,97,Upper Lower + Full Body
48,Male,186,90.5,17.2,Low,advanced,Maintenance,6,Non-Vegetarian,2162,149,275,40,Upper Lower
27,Female,155,90.1,36.4,Very High,advanced,Recomposition,3,Vegan,1855,93,261,93,Push Pull Legs + Accessories
49,Female,154,104.1,36.5,Moderate,beginner,Maintenance,4,Vegetarian,1865,102,196,41,Upper Lower
44,Female,193,53.7,25.9,Light,advanced,Muscle Gain,4,Vegetarian,2030,178,369,47,Full Body
28,Female,165,76.9,42.1,Low,beginner,Maintenance,6,Vegetarian,3338,115,305,100,Push Pull Legs + Accessories
27,Female,173,72.1,22.9,Very High,intermediate,Recomposition,3,Vegan,2948,132,161,39,Push Pull Legs
53,Female,186,87.7,42.1,Light,advanced,Muscle Gain,5,Non-Vegetarian,3525,210,174,46,Full Body
32,Female,193,80.3,33.5,Moderate,intermediate,Muscle Gain,3,Non-Vegetarian,3859,179,400,48,Full Body
40,Male,192,94.3,31.5,Low,intermediate,Maintenance,6,Non-Vegetarian,1889,166,469,67,Push Pull Legs
23,Female,152,45.2,38.9,Moderate,intermediate,Fat Loss,6,Non-Vegetarian,2176,158,490,72,Full Body
33,Female,190,89.5,16.1,High,intermediate,Recomposition,5,Vegan,2871,135,166,56,Upper Lower
36,Female,158,60.1,37.7,Low,intermediate,Fat Loss,4,Non-Vegetarian,2178,124,642,74,Upper Lower + Full Body
51,Male,191,70.5,19.5,Light,advanced,Fat Loss,6,Vegetarian,1986,158,181,82,Upper Lower
23,Male,192,68.4,31.3,Low,advanced,Fat Loss,5,Non-Vegetarian,1532,103,574,35,Upper Lower
50,Female,168,75.9,19.0,High,advanced,Fat Loss,6,Vegetarian,1659,119,232,96,Push Pull Legs + Accessories
44,Male,185,55.4,14.3,Very High,advanced,Maintenance,5,Vegan,2103,105,340,75,Push Pull Legs + Accessories
18,Female,183,74.1,24.5,Low,intermediate,Fat Loss,6,Vegetarian,2476,170,549,48,Push Pull Legs + Accessories
44,Female,171,73.6,29.8,Low,intermediate,Muscle Gain,4,Vegan,3184,133,272,77,Push Pull Legs
50,Male,152,83.8,17.6,Moderate,beginner,Fat Loss,5,Vegetarian,2055,106,646,90,Upper Lower
53,Female,166,45.4,43.6,Low,advanced,Recomposition,3,Vegan,2967,138,377,50,Full Body
38,Female,163,110.0,26.2,Moderate,beginner,Muscle Gain,3,Non-Vegetarian,3561,178,217,70,Push Pull Legs + Accessories
42,Male,193,106.4,44.8,Moderate,intermediate,Fat Loss,4,Non-Vegetarian,2171,156,396,35,Upper Lower + Full Body
30,Male,167,49.7,26.2,Low,beginner,Muscle Gain,6,Vegetarian,3533,161,224,73,Full Body
37,Male,187,68.3,18.4,Moderate,intermediate,Fat Loss,6,Vegetarian,2085,160,157,94,Upper Lower
45,Female,154,99.9,27.1,Very High,intermediate,Fat Loss,3,Non-Vegetarian,2407,129,263,94,Upper Lower
19,Male,188,84.3,24.9,Low,intermediate,Recomposition,5,Non-Vegetarian,2297,90,361,37,Push Pull Legs
18,Female,166,68.2,34.8,Very High,advanced,Muscle Gain,3,Vegan,3963,129,336,41,Push Pull Legs
49,Male,190,98.6,16.8,Light,intermediate,Fat Loss,4,Vegetarian,2316,118,556,76,Push Pull Legs
31,Female,159,104.6,22.3,Low,intermediate,Muscle Gain,5,Non-Vegetarian,2957,145,335,76,Upper Lower
44,Male,192,104.2,17.6,Light,beginner,Maintenance,4,Vegan,2658,114,432,82,Push Pull Legs
40,Male,189,83.2,19.0,High,beginner,Recomposition,3,Vegan,1652,168,589,55,Push Pull Legs + Accessories
18,Female,194,65.4,17.6,Light,beginner,Recomposition,5,Vegetarian,1741,167,211,60,Push Pull Legs + Accessories
44,Female,169,91.6,44.0,Light,advanced,Maintenance,5,Vegetarian,2576,95,163,87,Upper Lower
28,Male,162,78.8,15.5,High,advanced,Fat Loss,5,Vegan,1915,137,291,54,Full Body
48,Male,167,101.4,19.9,Very High,intermediate,Recomposition,6,Non-Vegetarian,2415,136,442,48,Upper Lower
45,Female,162,79.8,23.8,High,intermediate,Maintenance,6,Vegetarian,2130,100,123,45,Upper Lower
22,Male,165,59.6,36.1,Very High,intermediate,Maintenance,4,Vegan,3291,123,302,44,Full Body
50,Female,163,98.6,20.4,Moderate,intermediate,Maintenance,4,Vegan,2570,156,325,51,Full Body
41,Male,168,59.0,31.1,Light,intermediate,Fat Loss,5,Vegetarian,1431,135,184,97,Upper Lower
42,Female,176,106.5,8.8,High,advanced,Fat Loss,5,Non-Vegetarian,1508,135,607,76,Push Pull Legs + Accessories
19,Male,184,48.0,41.7,Low,beginner,Muscle Gain,4,Vegetarian,2420,191,263,61,Upper Lower + Full Body
41,Female,156,56.6,39.8,High,advanced,Fat Loss,4,Vegetarian,1613,161,483,68,Push Pull Legs
26,Female,160,71.6,16.5,Light,intermediate,Fat Loss,3,Non-Vegetarian,1840,130,327,95,Push Pull Legs
20,Female,167,65.9,38.9,High,intermediate,Recomposition,6,Vegan,2624,94,200,50,Full Body
31,Male,161,72.5,19.0,Light,beginner,Recomposition,4,Non-Vegetarian,2327,124,544,40,Upper Lower
42,Male,186,90.9,11.2,Moderate,intermediate,Muscle Gain,6,Vegetarian,2720,125,222,80,Full Body
39,Female,158,74.5,44.6,Very High,advanced,Recomposition,6,Vegan,3193,110,510,35,Upper Lower
39,Male,177,63.5,44.5,Very High,beginner,Muscle Gain,6,Vegan,2320,176,502,36,Push Pull Legs + Accessories
49,Female,186,109.4,29.1,Very High,advanced,Fat Loss,3,Vegan,1552,170,417,93,Full Body
25,Female,161,60.2,32.4,Very High,advanced,Muscle Gain,3,Vegetarian,3184,111,490,78,Push Pull Legs
38,Female,183,94.4,41.5,High,beginner,Maintenance,4,Vegetarian,2039,150,155,51,Upper Lower + Full Body
44,Female,177,77.6,37.9,Very High,intermediate,Maintenance,4,Vegetarian,1882,139,285,43,Push Pull Legs
40,Female,155,64.8,30.8,High,beginner,Recomposition,5,Vegan,2194,115,200,37,Full Body
46,Female,181,49.3,9.7,Light,advanced,Muscle Gain,4,Non-Vegetarian,3353,173,544,40,Upper Lower + Full Body
53,Female,174,84.6,30.5,Moderate,advanced,Maintenance,4,Non-Vegetarian,2029,114,222,68,Upper Lower + Full Body
39,Female,160,93.2,14.2,Very High,intermediate,Muscle Gain,6,Vegetarian,2020,196,644,48,Upper Lower + Full Body
35,Male,153,87.5,40.3,Very High,advanced,Muscle Gain,5,Vegetarian,3236,195,226,72,Push Pull Legs
21,Female,185,67.7,32.6,Light,advanced,Maintenance,6,Vegan,2258,110,531,63,Push Pull Legs + Accessories
22,Female,161,56.2,23.2,High,beginner,Maintenance,5,Vegan,2148,163,302,71,Full Body
43,Male,150,100.1,12.7,Low,advanced,Muscle Gain,6,Non-Vegetarian,3132,117,496,65,Upper Lower + Full Body
51,Female,191,66.9,31.2,High,intermediate,Fat Loss,3,Vegan,1500,160,224,56,Upper Lower
42,Female,174,53.0,17.6,Light,advanced,Muscle Gain,6,Vegetarian,2661,101,599,36,Upper Lower + Full Body
33,Female,172,101.3,11.8,Moderate,advanced,Muscle Gain,3,Non-Vegetarian,3399,183,338,65,Push Pull Legs
21,Female,158,88.6,21.0,Light,beginner,Recomposition,6,Vegetarian,2688,139,172,74,Upper Lower
48,Female,172,80.8,14.7,Moderate,beginner,Recomposition,3,Non-Vegetarian,1883,94,237,76,Upper Lower
32,Male,151,45.5,42.2,Light,intermediate,Recomposition,6,Non-Vegetarian,2511,122,188,59,Upper Lower
24,Male,172,50.9,23.3,Light,advanced,Maintenance,5,Vegetarian,1988,142,562,60,Push Pull Legs
37,Female,163,46.1,40.6,Very High,beginner,Fat Loss,5,Vegan,2464,105,372,44,Full Body
39,Female,162,100.8,34.3,High,intermediate,Muscle Gain,4,Non-Vegetarian,3253,153,320,77,Push Pull Legs
38,Female,160,56.9,35.9,Light,beginner,Fat Loss,5,Vegan,1743,129,643,76,Upper Lower
54,Female,163,91.3,30.1,High,intermediate,Recomposition,6,Non-Vegetarian,2725,120,346,79,Upper Lower
49,Male,150,108.7,22.3,Low,intermediate,Maintenance,3,Vegetarian,2101,99,451,70,Push Pull Legs
37,Male,166,108.7,26.6,Low,intermediate,Maintenance,3,Vegetarian,2518,115,265,98,Push Pull Legs
35,Male,186,52.5,11.8,Low,advanced,Maintenance,4,Non-Vegetarian,2939,170,526,60,Push Pull Legs + Accessories
28,Female,179,105.6,35.0,Light,intermediate,Maintenance,5,Non-Vegetarian,2115,139,618,88,Upper Lower + Full Body
45,Female,180,87.8,22.4,Light,intermediate,Recomposition,4,Vegetarian,1782,178,358,61,Upper Lower
49,Male,189,95.4,35.3,Very High,beginner,Muscle Gain,6,Vegetarian,2700,182,547,96,Push Pull Legs
22,Female,168,100.7,18.5,Low,advanced,Maintenance,3,Non-Vegetarian,3204,148,483,89,Push Pull Legs
20,Female,163,80.4,29.6,Moderate,advanced,Fat Loss,6,Vegetarian,2157,155,308,55,Upper Lower + Full Body
54,Female,170,91.2,10.7,Low,beginner,Recomposition,6,Vegetarian,2977,137,293,59,Upper Lower
46,Female,183,83.9,41.7,Very High,intermediate,Muscle Gain,6,Vegan,2061,124,176,63,Full Body
22,Female,155,57.0,13.1,Light,beginner,Fat Loss,4,Vegan,2580,136,458,47,Upper Lower
20,Male,179,54.9,15.3,Light,beginner,Maintenance,4,Vegetarian,2159,163,487,43,Push Pull Legs
33,Male,190,94.7,30.9,High,advanced,Recomposition,4,Vegan,2954,148,281,91,Upper Lower + Full Body
42,Female,178,106.2,38.4,Light,intermediate,Muscle Gain,5,Vegetarian,2533,175,512,87,Full Body
37,Male,166,89.6,37.5,High,intermediate,Recomposition,5,Vegetarian,1648,141,278,37,Push Pull Legs + Accessories
37,Male,193,89.0,39.2,Moderate,advanced,Muscle Gain,6,Vegetarian,2206,122,646,45,Push Pull Legs
18,Male,150,78.7,16.8,Light,advanced,Muscle Gain,5,Vegetarian,2475,196,197,91,Upper Lower + Full Body
33,Female,162,46.4,20.5,Low,intermediate,Maintenance,5,Vegetarian,2278,126,364,56,Push Pull Legs + Accessories
55,Male,160,82.1,40.8,Low,beginner,Maintenance,5,Vegetarian,3330,142,208,83,Upper Lower + Full Body
44,Male,161,62.7,10.2,Very High,intermediate,Muscle Gain,6,Vegetarian,2543,130,638,48,Upper Lower
18,Female,170,76.4,32.6,Low,beginner,Fat Loss,6,Non-Vegetarian,1625,112,544,77,Upper Lower + Full Body
25,Female,195,66.2,21.3,Very High,beginner,Maintenance,3,Non-Vegetarian,2179,130,624,44,Push Pull Legs
36,Female,167,91.4,23.2,Very High,intermediate,Recomposition,3,Vegetarian,1949,177,180,47,Push Pull Legs
24,Male,171,78.9,39.8,Moderate,advanced,Muscle Gain,3,Vegan,3505,167,203,50,Push Pull Legs
36,Male,174,48.0,15.1,Moderate,beginner,Maintenance,6,Vegan,2033,155,135,47,Full Body
52,Male,157,100.2,33.7,Moderate,intermediate,Fat Loss,3,Non-Vegetarian,2314,138,524,41,Upper Lower
24,Female,175,81.5,14.7,Very High,advanced,Maintenance,6,Vegan,3279,148,211,44,Upper Lower + Full Body
52,Male,164,65.0,32.8,High,advanced,Muscle Gain,5,Vegetarian,2051,182,381,95,Upper Lower
53,Male,151,57.0,27.1,Low,beginner,Muscle Gain,3,Vegan,3220,207,643,57,Full Body
37,Male,164,46.4,36.1,Moderate,intermediate,Recomposition,5,Vegetarian,2271,162,542,63,Full Body
19,Male,155,83.4,23.5,Very High,beginner,Fat Loss,5,Non-Vegetarian,1314,97,384,48,Upper Lower + Full Body
23,Female,192,50.6,31.3,Light,beginner,Recomposition,6,Non-Vegetarian,1744,151,124,84,Push Pull Legs
43,Female,185,92.7,39.6,Moderate,advanced,Fat Loss,3,Vegan,2369,152,249,74,Upper Lower + Full Body
50,Male,156,79.7,29.2,Very High,beginner,Fat Loss,5,Non-Vegetarian,1824,97,454,82,Push Pull Legs + Accessories
37,Male,181,94.1,14.3,Light,advanced,Recomposition,4,Vegan,2426,109,146,44,Push Pull Legs + Accessories
35,Male,187,89.0,18.9,Low,intermediate,Fat Loss,4,Vegetarian,2578,93,184,91,Push Pull Legs
45,Female,183,104.9,17.0,High,beginner,Muscle Gain,5,Vegan,2882,207,474,100,Full Body
37,Male,180,47.6,40.0,Moderate,advanced,Recomposition,3,Vegetarian,2453,130,517,79,Push Pull Legs + Accessories
24,Female,193,72.8,22.6,High,intermediate,Muscle Gain,5,Non-Vegetarian,2459,110,241,52,Push Pull Legs
19,Female,156,79.0,32.3,Moderate,advanced,Fat Loss,5,Vegan,2165,152,310,87,Upper Lower
39,Female,158,67.4,23.6,Moderate,beginner,Fat Loss,4,Non-Vegetarian,2543,170,645,68,Upper Lower + Full Body
51,Male,176,49.3,24.0,Very High,advanced,Fat Loss,3,Non-Vegetarian,1718,125,268,55,Upper Lower + Full Body
52,Female,173,59.1,38.6,Low,advanced,Muscle Gain,3,Vegan,2984,128,342,36,Upper Lower + Full Body
35,Male,150,48.1,26.1,High,intermediate,Maintenance,3,Vegetarian,2322,95,467,90,Full Body
27,Male,172,74.3,26.1,Very High,beginner,Maintenance,3,Vegetarian,3097,149,127,69,Push Pull Legs + Accessories
43,Male,188,100.8,36.8,Very High,beginner,Fat Loss,6,Non-Vegetarian,2386,159,312,83,Upper Lower
55,Female,176,50.2,33.9,High,intermediate,Recomposition,3,Non-Vegetarian,3052,148,445,58,Upper Lower + Full Body
54,Female,195,64.4,32.9,Light,advanced,Recomposition,3,Non-Vegetarian,2157,180,593,46,Full Body
26,Male,166,66.3,14.1,High,intermediate,Muscle Gain,5,Vegetarian,4184,202,603,78,Full Body
38,Male,177,55.6,18.9,Very High,beginner,Recomposition,6,Vegan,2811,137,145,47,Upper Lower
54,Male,162,79.2,10.3,Moderate,advanced,Muscle Gain,5,Vegetarian,2089,112,366,70,Upper Lower + Full Body
31,Female,185,109.0,35.6,Very High,advanced,Muscle Gain,5,Vegetarian,3199,149,301,74,Push Pull Legs + Accessories
30,Female,172,99.6,42.3,Light,beginner,Recomposition,4,Non-Vegetarian,2065,119,168,99,Upper Lower + Full Body
33,Male,169,65.7,19.0,High,advanced,Maintenance,4,Vegetarian,1828,95,449,72,Upper Lower + Full Body
53,Female,176,51.6,25.0,Light,beginner,Recomposition,3,Vegan,2870,99,632,70,Push Pull Legs + Accessories
44,Female,154,75.2,30.1,Moderate,beginner,Muscle Gain,3,Vegetarian,3438,151,286,75,Push Pull Legs + Accessories
26,Female,154,48.7,44.8,Very High,beginner,Fat Loss,3,Non-Vegetarian,2229,165,471,82,Push Pull Legs
21,Male,166,64.4,10.7,High,intermediate,Fat Loss,3,Non-Vegetarian,2219,110,628,82,Push Pull Legs + Accessories
29,Male,151,55.6,24.7,Very High,advanced,Fat Loss,4,Vegan,1344,131,318,93,Push Pull Legs
32,Male,191,76.1,22.5,Low,advanced,Recomposition,4,Vegetarian,2975,117,276,70,Upper Lower + Full Body
27,Male,164,87.1,41.0,High,intermediate,Recomposition,6,Non-Vegetarian,2852,124,504,84,Upper Lower + Full Body
31,Female,161,63.0,43.8,Moderate,advanced,Maintenance,4,Non-Vegetarian,3030,161,640,39,Push Pull Legs + Accessories
40,Female,180,101.4,42.6,High,intermediate,Maintenance,6,Vegan,2461,140,426,81,Push Pull Legs
35,Male,158,74.1,17.0,High,advanced,Fat Loss,5,Vegetarian,2116,134,267,58,Upper Lower + Full Body
31,Female,170,52.0,28.4,High,advanced,Recomposition,4,Non-Vegetarian,2884,98,400,71,Upper Lower + Full Body
49,Female,178,64.5,42.8,Light,advanced,Recomposition,3,Vegetarian,1995,98,569,57,Push Pull Legs + Accessories
54,Female,176,108.0,40.4,Very High,advanced,Recomposition,6,Vegan,3063,126,298,36,Full Body
38,Male,180,79.8,19.0,Light,beginner,Muscle Gain,6,Vegetarian,3072,198,536,77,Push Pull Legs
38,Female,157,67.5,11.2,Low,intermediate,Muscle Gain,4,Vegan,4135,116,633,96,Upper Lower + Full Body
52,Male,177,88.0,23.8,Low,advanced,Maintenance,6,Non-Vegetarian,3354,96,224,98,Push Pull Legs
54,Female,165,84.9,25.1,Low,advanced,Maintenance,5,Vegan,2037,113,516,74,Push Pull Legs
34,Male,174,107.2,21.8,Light,advanced,Maintenance,6,Vegan,2626,115,444,49,Push Pull Legs + Accessories
26,Male,150,106.1,14.7,High,advanced,Muscle Gain,3,Vegetarian,2330,164,171,42,Upper Lower
35,Male,188,78.7,9.2,Very High,intermediate,Recomposition,5,Non-Vegetarian,2337,147,617,66,Full Body
27,Male,185,56.7,40.7,Low,beginner,Fat Loss,3,Vegan,2599,120,545,84,Upper Lower + Full Body
51,Female,165,68.3,27.0,Low,advanced,Maintenance,6,Vegan,2756,153,331,52,Upper Lower + Full Body
38,Female,182,62.7,20.4,Light,intermediate,Muscle Gain,4,Non-Vegetarian,2218,180,267,68,Full Body
51,Female,167,67.6,28.0,Very High,advanced,Muscle Gain,3,Non-Vegetarian,3635,204,148,73,Push Pull Legs + Accessories
21,Male,176,54.6,39.2,Moderate,intermediate,Maintenance,6,Vegetarian,2248,124,427,84,Upper Lower
27,Male,183,89.5,37.5,Low,advanced,Fat Loss,6,Non-Vegetarian,2499,121,165,46,Push Pull Legs
26,Male,152,56.8,35.8,Moderate,advanced,Muscle Gain,4,Vegan,4079,145,200,61,Push Pull Legs + Accessories
20,Female,170,63.9,12.0,High,advanced,Maintenance,4,Vegetarian,2700,91,121,92,Push Pull Legs + Accessories
41,Female,154,84.9,35.8,Light,beginner,Fat Loss,6,Vegetarian,2274,120,413,94,Upper Lower + Full Body
33,Female,160,72.7,43.3,Very High,intermediate,Recomposition,5,Vegan,2048,99,183,61,Upper Lower
32,Male,184,105.6,37.9,Moderate,beginner,Recomposition,6,Non-Vegetarian,2083,97,484,78,Upper Lower + Full Body
22,Male,189,72.5,35.5,Moderate,advanced,Recomposition,4,Vegetarian,2155,116,215,52,Push Pull Legs
40,Male,173,106.2,26.6,Very High,beginner,Fat Loss,4,Vegetarian,2277,159,242,69,Push Pull Legs
39,Male,179,46.3,23.3,Low,intermediate,Recomposition,4,Non-Vegetarian,2119,133,427,95,Full Body
22,Female,156,60.0,12.1,High,advanced,Recomposition,4,Vegetarian,2979,95,253,73,Upper Lower
36,Female,170,84.1,37.7,Light,advanced,Maintenance,6,Vegan,2287,137,645,62,Push Pull Legs
54,Male,150,57.5,20.8,Moderate,advanced,Recomposition,4,Non-Vegetarian,1989,177,311,95,Full Body
29,Male,181,86.2,30.4,High,intermediate,Fat Loss,3,Vegan,1313,112,360,91,Upper Lower
49,Male,165,73.3,23.3,Moderate,advanced,Recomposition,3,Non-Vegetarian,2928,169,440,35,Push Pull Legs
35,Female,164,93.4,44.8,Light,intermediate,Recomposition,4,Vegetarian,2790,132,147,57,Push Pull Legs
25,Male,182,75.7,33.4,Low,beginner,Fat Loss,4,Vegetarian,1412,135,361,51,Upper Lower
52,Male,187,60.3,34.6,High,beginner,Muscle Gain,5,Non-Vegetarian,3568,109,577,49,Push Pull Legs
36,Male,180,101.1,14.7,High,intermediate,Muscle Gain,3,Non-Vegetarian,2784,172,165,85,Push Pull Legs + Accessories
21,Female,175,78.5,31.3,Very High,intermediate,Recomposition,6,Vegetarian,1974,149,321,50,Push Pull Legs + Accessories
33,Male,172,48.5,33.5,Moderate,beginner,Recomposition,4,Vegetarian,3119,149,182,79,Upper Lower
23,Female,192,108.1,23.8,Moderate,advanced,Maintenance,6,Non-Vegetarian,2481,158,545,83,Push Pull Legs + Accessories
34,Female,176,84.9,42.7,Moderate,beginner,Maintenance,3,Vegetarian,1710,91,232,62,Push Pull Legs + Accessories
30,Female,178,78.2,26.1,Low,beginner,Recomposition,4,Vegan,1965,114,304,53,Full Body
32,Male,180,72.8,36.5,Light,advanced,Fat Loss,4,Vegan,1781,124,457,40,Push Pull Legs
35,Female,157,75.6,23.0,High,advanced,Recomposition,6,Vegetarian,1686,179,171,39,Push Pull Legs
23,Female,157,79.4,22.1,Moderate,intermediate,Fat Loss,4,Vegan,1722,128,640,45,Full Body
26,Male,175,108.1,31.8,High,beginner,Muscle Gain,5,Vegan,3423,181,479,41,Push Pull Legs
41,Female,181,95.2,25.1,Low,advanced,Fat Loss,3,Vegan,1757,160,259,59,Push Pull Legs + Accessories
52,Male,167,62.9,22.4,Moderate,beginner,Muscle Gain,4,Vegan,2358,131,638,81,Full Body
53,Male,169,56.5,16.4,High,advanced,Maintenance,5,Non-Vegetarian,1794,98,601,92,Upper Lower
49,Male,192,47.5,9.7,Moderate,beginner,Recomposition,3,Non-Vegetarian,2203,162,618,45,Upper Lower
54,Female,164,50.1,9.4,Light,intermediate,Fat Loss,6,Non-Vegetarian,1942,143,120,90,Push Pull Legs
25,Female,182,73.2,38.4,Low,advanced,Maintenance,6,Non-Vegetarian,1905,100,311,51,Push Pull Legs
48,Male,170,77.7,19.3,Moderate,advanced,Fat Loss,3,Vegan,2309,131,348,60,Push Pull Legs + Accessories
25,Male,166,82.6,44.3,Light,advanced,Recomposition,3,Vegan,3005,141,242,95,Full Body
52,Female,177,59.2,41.4,Moderate,advanced,Recomposition,5,Vegan,3000,111,296,38,Push Pull Legs + Accessories
39,Male,171,79.4,16.9,Low,beginner,Maintenance,3,Vegan,3139,160,591,82,Push Pull Legs + Accessories
34,Male,168,85.1,34.6,Low,advanced,Maintenance,4,Non-Vegetarian,2841,159,365,45,Upper Lower + Full Body
46,Male,160,105.8,39.3,High,advanced,Fat Loss,5,Vegetarian,2317,164,312,52,Upper Lower + Full Body
53,Male,155,70.1,25.5,High,intermediate,Muscle Gain,3,Vegetarian,2925,136,164,57,Push Pull Legs
32,Female,177,49.3,19.5,High,intermediate,Muscle Gain,6,Vegan,2271,164,398,35,Push Pull Legs
19,Male,150,102.0,11.3,Light,beginner,Fat Loss,3,Non-Vegetarian,2421,165,138,67,Push Pull Legs
23,Male,165,99.3,36.5,Very High,beginner,Muscle Gain,5,Vegan,2319,174,273,94,Push Pull Legs + Accessories
35,Male,168,61.2,24.6,High,intermediate,Maintenance,6,Vegetarian,2760,129,556,47,Full Body
31,Male,175,106.4,31.0,High,intermediate,Recomposition,3,Vegan,2809,103,418,100,Push Pull Legs + Accessories
29,Male,194,88.8,35.9,Very High,beginner,Fat Loss,4,Vegan,2069,134,552,50,Upper Lower + Full Body
52,Female,190,97.2,29.5,Very High,beginner,Fat Loss,6,Non-Vegetarian,2142,177,241,84,Upper Lower + Full Body
47,Male,178,88.8,33.0,Very High,advanced,Recomposition,6,Non-Vegetarian,2533,127,554,82,Upper Lower + Full Body
46,Female,192,107.0,30.2,High,intermediate,Recomposition,6,Vegetarian,3016,175,639,37,Push Pull Legs
38,Female,152,92.6,23.2,Light,beginner,Fat Loss,6,Vegetarian,1758,162,364,70,Push Pull Legs + Accessories
23,Female,192,91.7,24.1,Very High,advanced,Recomposition,5,Non-Vegetarian,1706,147,371,82,Full Body
18,Female,173,55.1,44.0,Light,beginner,Muscle Gain,4,Vegetarian,2012,181,460,100,Push Pull Legs + Accessories
50,Male,183,102.7,44.4,Light,advanced,Maintenance,5,Non-Vegetarian,2515,169,343,42,Upper Lower + Full Body
49,Male,193,47.1,30.1,Very High,advanced,Muscle Gain,3,Non-Vegetarian,2521,124,205,79,Full Body
37,Male,168,85.6,28.8,High,intermediate,Recomposition,3,Vegan,2718,126,526,97,Push Pull Legs
46,Male,160,64.1,27.6,Moderate,advanced,Recomposition,4,Non-Vegetarian,2013,144,502,41,Upper Lower + Full Body
24,Female,176,105.7,31.4,High,intermediate,Fat Loss,5,Vegetarian,2335,167,508,55,Upper Lower + Full Body
21,Female,155,102.9,17.1,Low,intermediate,Recomposition,6,Non-Vegetarian,1726,98,198,100,Push Pull Legs + Accessories
47,Male,157,45.5,37.1,Very High,advanced,Fat Loss,3,Non-Vegetarian,1460,156,142,54,Upper Lower
33,Male,156,109.5,29.6,High,beginner,Maintenance,3,Vegetarian,2339,139,231,46,Push Pull Legs + Accessories
36,Male,155,106.0,25.9,Moderate,beginner,Maintenance,6,Non-Vegetarian,2445,128,455,45,Upper Lower
31,Male,171,68.7,10.8,Moderate,advanced,Muscle Gain,5,Vegan,3682,151,318,38,Upper Lower
30,Female,164,78.3,34.5,Very High,intermediate,Maintenance,3,Vegetarian,2614,127,388,61,Full Body
38,Male,191,45.1,44.4,Low,intermediate,Maintenance,4,Non-Vegetarian,2231,149,140,85,Push Pull Legs + Accessories
48,Female,181,78.0,11.7,Light,intermediate,Muscle Gain,5,Non-Vegetarian,2613,135,402,90,Full Body
38,Male,163,67.5,8.9,Low,advanced,Maintenance,4,Non-Vegetarian,3205,99,403,40,Push Pull Legs + Accessories
27,Male,188,91.2,31.6,High,intermediate,Muscle Gain,4,Vegetarian,3866,110,170,39,Full Body
29,Male,177,94.8,44.7,Moderate,beginner,Maintenance,6,Vegan,1752,168,220,55,Push Pull Legs
21,Female,188,51.2,22.2,Light,beginner,Fat Loss,4,Non-Vegetarian,1560,130,345,52,Upper Lower + Full Body
41,Female,181,93.5,12.4,Very High,beginner,Maintenance,3,Vegetarian,2746,117,122,38,Push Pull Legs + Accessories
33,Male,184,52.3,15.8,Very High,beginner,Maintenance,5,Vegetarian,2548,153,211,98,Push Pull Legs + Accessories
25,Female,193,91.5,24.2,High,advanced,Muscle Gain,3,Non-Vegetarian,2576,178,272,65,Upper Lower
54,Female,157,61.2,15.8,Light,beginner,Maintenance,4,Non-Vegetarian,2584,111,591,52,Full Body
19,Female,167,91.7,44.9,Low,advanced,Maintenance,3,Non-Vegetarian,3324,147,628,46,Push Pull Legs + Accessories
52,Male,192,84.6,14.4,Very High,advanced,Fat Loss,5,Non-Vegetarian,2090,160,284,47,Push Pull Legs + Accessories
42,Male,158,83.9,8.1,Very High,intermediate,Maintenance,6,Vegetarian,1989,110,342,52,Upper Lower
28,Female,177,58.0,44.4,Very High,advanced,Fat Loss,6,Vegan,1460,110,468,67,Push Pull Legs
39,Female,158,105.7,36.8,Very High,intermediate,Recomposition,5,Vegan,1615,125,384,94,Full Body
46,Male,177,65.3,18.1,Low,beginner,Maintenance,6,Vegan,2313,94,515,76,Upper Lower
31,Female,161,82.6,31.4,Moderate,intermediate,Maintenance,4,Non-Vegetarian,3188,137,241,82,Full Body
53,Male,191,90.3,24.6,Moderate,intermediate,Recomposition,4,Vegan,2713,105,449,92,Push Pull Legs
45,Female,161,67.5,34.4,Low,advanced,Recomposition,4,Vegetarian,1653,128,319,92,Push Pull Legs + Accessories
34,Male,189,101.3,28.3,High,beginner,Maintenance,5,Vegan,1964,144,239,79,Upper Lower
18,Male,170,93.8,28.3,Low,advanced,Muscle Gain,4,Vegetarian,3941,182,634,35,Upper Lower + Full Body
28,Male,152,82.7,12.8,Light,advanced,Muscle Gain,3,Vegan,3121,198,267,60,Full Body
49,Female,186,50.3,9.8,Light,intermediate,Fat Loss,3,Vegetarian,1945,101,143,36,Upper Lower
48,Male,188,81.5,37.5,Moderate,intermediate,Fat Loss,5,Vegan,1813,117,292,90,Push Pull Legs
29,Male,160,64.5,28.4,High,intermediate,Muscle Gain,3,Vegetarian,3970,198,226,97,Push Pull Legs
21,Female,174,80.2,13.5,High,beginner,Maintenance,4,Vegan,1802,159,454,49,Full Body
29,Male,158,87.0,26.9,High,beginner,Muscle Gain,6,Vegan,3186,173,407,49,Push Pull Legs
25,Female,173,109.5,41.2,Light,intermediate,Maintenance,6,Vegetarian,2665,106,472,37,Push Pull Legs
38,Male,188,82.4,26.7,Very High,advanced,Fat Loss,5,Vegetarian,1577,162,572,89,Push Pull Legs + Accessories
39,Male,169,108.6,44.8,Light,advanced,Maintenance,5,Non-Vegetarian,1867,164,429,91,Push Pull Legs + Accessories
20,Male,179,109.0,30.2,Low,advanced,Muscle Gain,4,Non-Vegetarian,2772,128,531,63,Full Body
25,Male,190,105.7,14.6,Moderate,beginner,Maintenance,3,Non-Vegetarian,2356,158,564,88,Upper Lower
35,Male,192,59.4,25.3,High,beginner,Muscle Gain,5,Non-Vegetarian,2597,209,238,49,Upper Lower + Full Body
34,Female,188,91.1,12.2,Light,advanced,Recomposition,5,Vegan,2789,132,240,95,Upper Lower
43,Male,191,70.3,19.3,Low,intermediate,Fat Loss,3,Vegetarian,2222,123,143,35,Push Pull Legs
25,Male,156,45.3,23.2,Very High,beginner,Fat Loss,5,Non-Vegetarian,1781,110,513,79,Full Body
23,Female,192,78.4,31.1,Very High,beginner,Recomposition,5,Non-Vegetarian,1733,147,235,79,Full Body
43,Male,187,81.3,37.2,Light,intermediate,Maintenance,5,Vegan,2917,116,149,71,Upper Lower + Full Body
21,Female,183,48.0,40.5,Low,beginner,Recomposition,5,Non-Vegetarian,2855,159,215,62,Upper Lower
23,Male,175,75.6,43.5,Light,intermediate,Recomposition,5,Vegetarian,3161,179,363,41,Push Pull Legs + Accessories
18,Female,171,81.7,29.3,Low,advanced,Recomposition,5,Vegetarian,2656,104,181,83,Push Pull Legs + Accessories
21,Male,186,51.8,31.1,Moderate,beginner,Muscle Gain,5,Vegan,2664,206,146,83,Full Body
49,Male,168,82.6,21.1,Moderate,advanced,Fat Loss,4,Vegetarian,2375,136,565,84,Full Body
54,Female,165,61.6,25.1,Very High,beginner,Fat Loss,6,Vegan,2422,155,247,35,Push Pull Legs + Accessories
33,Female,161,48.8,30.1,Low,advanced,Fat Loss,3,Non-Vegetarian,2585,157,243,94,Push Pull Legs + Accessories
33,Male,195,56.2,20.4,Very High,advanced,Muscle Gain,3,Vegan,2476,121,570,94,Push Pull Legs + Accessories
41,Male,156,80.5,24.6,Very High,intermediate,Maintenance,4,Non-Vegetarian,2496,149,565,37,Push Pull Legs
26,Female,172,84.5,40.6,Moderate,intermediate,Muscle Gain,4,Non-Vegetarian,3051,138,478,73,Push Pull Legs + Accessories
23,Female,188,70.4,17.4,Very High,beginner,Muscle Gain,5,Vegetarian,2087,142,430,73,Full Body
28,Female,191,93.3,21.8,Low,intermediate,Maintenance,4,Vegan,3389,168,587,62,Upper Lower + Full Body
47,Male,175,70.4,22.9,Moderate,advanced,Fat Loss,5,Vegan,1909,113,134,65,Push Pull Legs
48,Female,187,83.6,8.3,Moderate,advanced,Muscle Gain,3,Vegetarian,3136,147,179,95,Push Pull Legs + Accessories
45,Male,164,66.3,33.0,Very High,intermediate,Muscle Gain,3,Vegan,2569,118,590,50,Push Pull Legs + Accessories
28,Female,163,100.7,30.5,Light,intermediate,Fat Loss,6,Vegetarian,1473,149,578,57,Push Pull Legs + Accessories
39,Female,182,49.4,41.2,Light,intermediate,Muscle Gain,4,Non-Vegetarian,3064,117,583,35,Push Pull Legs
31,Male,162,87.0,39.4,Low,beginner,Fat Loss,5,Vegan,1756,95,402,86,Push Pull Legs + Accessories
19,Female,179,51.1,42.2,Moderate,beginner,Fat Loss,3,Vegetarian,1996,141,422,99,Upper Lower
44,Female,161,106.8,42.7,Very High,intermediate,Maintenance,4,Vegan,1918,155,384,65,Upper Lower
36,Female,186,54.8,20.8,Very High,intermediate,Maintenance,5,Vegan,2656,98,507,84,Upper Lower
21,Male,163,109.7,14.0,High,advanced,Muscle Gain,6,Vegetarian,2391,165,279,45,Full Body
49,Female,166,108.0,38.5,Low,beginner,Maintenance,3,Vegetarian,1912,159,315,59,Full Body
22,Male,180,82.4,10.7,Moderate,intermediate,Maintenance,5,Non-Vegetarian,2594,139,505,54,Full Body
44,Male,178,99.2,11.8,Low,advanced,Fat Loss,3,Vegetarian,1924,136,611,69,Push Pull Legs
39,Female,174,67.4,39.9,Very High,advanced,Fat Loss,4,Vegetarian,1396,106,309,72,Upper Lower
32,Male,178,51.0,44.7,Moderate,beginner,Fat Loss,4,Vegan,2028,100,582,55,Push Pull Legs
22,Male,170,53.7,44.6,Light,intermediate,Muscle Gain,4,Vegan,2227,153,602,89,Full Body
21,Male,190,106.8,33.8,Low,advanced,Muscle Gain,6,Vegan,3005,109,161,44,Push Pull Legs
19,Male,193,94.8,22.5,Low,intermediate,Fat Loss,3,Non-Vegetarian,2498,133,516,88,Upper Lower + Full Body
40,Female,155,46.4,28.3,Very High,intermediate,Fat Loss,6,Vegan,2596,113,258,93,Upper Lower + Full Body
54,Male,161,93.0,8.3,Moderate,beginner,Fat Loss,5,Non-Vegetarian,2382,159,142,97,Push Pull Legs + Accessories
40,Female,179,75.8,22.8,Moderate,beginner,Maintenance,4,Vegan,2860,102,382,89,Upper Lower
28,Male,191,95.1,20.7,Light,intermediate,Recomposition,5,Vegan,3040,177,187,44,Push Pull Legs + Accessories
50,Male,166,89.1,25.2,Low,advanced,Fat Loss,4,Vegetarian,1737,172,392,69,Upper Lower + Full Body
35,Female,179,96.3,32.7,Moderate,advanced,Maintenance,5,Vegan,2509,169,437,73,Full Body
34,Male,161,52.7,21.6,Light,advanced,Muscle Gain,5,Vegetarian,3554,191,176,96,Push Pull Legs
30,Male,187,50.5,16.7,Very High,beginner,Recomposition,6,Non-Vegetarian,2958,140,238,51,Upper Lower
38,Female,166,68.8,42.2,Light,intermediate,Muscle Gain,4,Non-Vegetarian,2707,207,130,87,Push Pull Legs + Accessories
31,Female,153,106.3,43.6,High,advanced,Muscle Gain,4,Vegan,2875,132,529,85,Upper Lower
48,Male,171,108.0,43.1,Very High,beginner,Muscle Gain,4,Vegan,2647,166,205,100,Upper Lower
18,Female,178,60.4,26.5,Very High,advanced,Maintenance,5,Vegetarian,2443,94,520,100,Push Pull Legs
24,Female,193,50.6,23.3,High,advanced,Maintenance,6,Vegan,2533,110,193,95,Push Pull Legs + Accessories
47,Male,195,56.5,16.5,Very High,beginner,Maintenance,5,Non-Vegetarian,2538,134,205,69,Upper Lower + Full Body
39,Female,163,87.3,10.6,Moderate,intermediate,Fat Loss,4,Vegan,1835,131,452,71,Full Body
23,Male,158,87.6,13.2,Very High,advanced,Maintenance,3,Vegetarian,1861,106,174,80,Upper Lower + Full Body
21,Male,185,82.3,30.9,Light,beginner,Fat Loss,4,Vegetarian,1381,111,436,43,Push Pull Legs + Accessories
44,Female,187,73.5,38.3,High,advanced,Fat Loss,4,Vegan,1637,138,538,92,Full Body
19,Male,192,45.5,43.0,High,intermediate,Fat Loss,5,Vegan,1901,164,539,58,Full Body
55,Female,151,92.5,13.2,Light,intermediate,Maintenance,4,Vegetarian,1942,110,466,63,Full Body
45,Male,166,70.3,29.5,High,beginner,Recomposition,6,Vegan,2272,145,425,72,Push Pull Legs
23,Male,167,78.5,14.8,Low,advanced,Maintenance,5,Vegan,2711,113,139,79,Full Body
32,Female,160,51.6,38.0,Very High,intermediate,Maintenance,5,Vegetarian,2015,139,411,82,Push Pull Legs
51,Female,163,92.3,10.0,Light,beginner,Maintenance,4,Vegan,2006,158,536,84,Upper Lower + Full Body
24,Male,151,71.0,33.1,Light,advanced,Maintenance,5,Non-Vegetarian,3203,115,152,75,Upper Lower
45,Male,156,106.7,40.1,Low,intermediate,Fat Loss,6,Vegetarian,2243,171,285,98,Full Body
19,Male,152,101.9,32.4,Moderate,beginner,Fat Loss,5,Vegetarian,2206,162,352,91,Push Pull Legs + Accessories
21,Male,166,78.0,29.7,Moderate,advanced,Muscle Gain,5,Non-Vegetarian,2699,205,423,92,Upper Lower + Full Body
20,Female,169,51.8,19.4,Low,intermediate,Muscle Gain,6,Non-Vegetarian,3430,208,199,76,Push Pull Legs + Accessories
26,Male,187,52.5,31.9,High,advanced,Muscle Gain,3,Non-Vegetarian,4144,136,134,74,Push Pull Legs + Accessories
33,Female,164,45.7,31.1,Very High,intermediate,Recomposition,3,Non-Vegetarian,1809,130,310,99,Full Body
47,Male,174,76.9,39.1,Moderate,beginner,Recomposition,5,Vegetarian,3194,146,406,87,Push Pull Legs + Accessories
53,Female,171,98.8,15.6,High,beginner,Recomposition,5,Vegetarian,2413,98,236,47,Push Pull Legs + Accessories
55,Female,173,109.4,13.1,Low,intermediate,Muscle Gain,6,Vegan,4023,138,622,55,Full Body
33,Female,167,92.6,15.5,Moderate,beginner,Muscle Gain,3,Vegetarian,2110,121,327,50,Full Body
35,Male,154,48.5,11.3,Light,beginner,Muscle Gain,6,Non-Vegetarian,3914,133,215,75,Push Pull Legs + Accessories
24,Female,187,101.5,18.1,Light,beginner,Muscle Gain,4,Vegan,2277,122,383,76,Upper Lower + Full Body
34,Male,180,93.7,26.8,Low,advanced,Recomposition,3,Vegan,1969,149,649,81,Push Pull Legs + Accessories
30,Female,176,90.1,14.1,Moderate,beginner,Maintenance,6,Vegetarian,2052,139,230,75,Full Body
43,Female,177,84.4,12.9,Low,intermediate,Fat Loss,6,Vegetarian,1569,120,238,91,Push Pull Legs
33,Female,163,98.8,19.2,Moderate,intermediate,Fat Loss,6,Non-Vegetarian,1395,160,296,37,Upper Lower
42,Female,194,100.7,26.6,Light,advanced,Maintenance,5,Vegetarian,2014,147,649,60,Push Pull Legs + Accessories
42,Male,185,108.0,34.6,Moderate,advanced,Maintenance,3,Vegan,3089,127,588,42,Full Body
47,Female,170,50.3,16.7,High,advanced,Fat Loss,6,Vegan,1336,145,141,51,Upper Lower
18,Male,193,46.1,33.2,Light,advanced,Recomposition,3,Non-Vegetarian,2906,151,262,69,Push Pull Legs + Accessories
38,Female,162,45.3,13.5,Light,beginner,Muscle Gain,4,Vegan,2423,151,141,61,Full Body
29,Male,195,103.3,16.4,High,beginner,Fat Loss,5,Non-Vegetarian,1583,124,193,85,Push Pull Legs
53,Male,183,105.7,32.7,Moderate,advanced,Maintenance,4,Vegan,2036,117,316,51,Upper Lower
45,Female,175,52.8,29.6,High,beginner,Muscle Gain,3,Vegan,3638,125,270,49,Upper Lower
46,Male,194,65.7,43.0,Light,beginner,Maintenance,5,Vegan,2431,128,383,92,Upper Lower
48,Male,151,91.4,40.3,Very High,advanced,Recomposition,5,Non-Vegetarian,1938,112,471,92,Upper Lower
31,Male,181,61.4,39.8,Moderate,advanced,Muscle Gain,4,Non-Vegetarian,3101,208,347,53,Push Pull Legs
43,Male,192,45.3,32.0,Very High,beginner,Muscle Gain,6,Non-Vegetarian,2996,155,510,96,Full Body
55,Female,183,73.7,26.0,Low,advanced,Maintenance,6,Vegetarian,2163,119,460,63,Upper Lower + Full Body
49,Male,187,107.8,14.8,Very High,advanced,Maintenance,3,Non-Vegetarian,2594,166,416,93,Push Pull Legs + Accessories
28,Male,179,106.0,40.8,Low,beginner,Muscle Gain,6,Vegan,3641,119,406,39,Upper Lower + Full Body
28,Female,160,62.0,12.9,High,intermediate,Recomposition,3,Non-Vegetarian,3067,121,577,54,Push Pull Legs
48,Male,194,99.0,8.8,Low,intermediate,Maintenance,5,Non-Vegetarian,3120,140,585,93,Full Body
33,Female,173,52.3,40.9,High,advanced,Maintenance,5,Non-Vegetarian,3116,167,640,40,Push Pull Legs + Accessories
43,Male,181,85.8,27.2,Very High,beginner,Fat Loss,3,Vegetarian,1886,163,258,63,Push Pull Legs
53,Male,163,59.6,12.5,Very High,intermediate,Muscle Gain,5,Vegan,3281,201,138,60,Upper Lower + Full Body
21,Male,164,78.1,39.7,Low,beginner,Maintenance,5,Vegetarian,1915,121,571,63,Push Pull Legs
54,Male,173,96.7,9.1,Moderate,advanced,Muscle Gain,6,Vegan,3494,172,593,64,Upper Lower
55,Male,158,101.9,25.8,Low,advanced,Fat Loss,4,Vegan,2477,159,525,61,Upper Lower + Full Body
20,Male,176,56.6,18.2,High,intermediate,Recomposition,4,Vegetarian,3173,118,185,84,Upper Lower + Full Body
54,Male,166,80.4,25.7,High,advanced,Recomposition,6,Non-Vegetarian,2158,125,185,50,Upper Lower + Full Body
23,Female,152,51.9,17.7,Light,intermediate,Fat Loss,5,Non-Vegetarian,2240,119,135,48,Upper Lower + Full Body
51,Male,181,53.8,26.6,Light,beginner,Muscle Gain,4,Vegetarian,3947,202,304,97,Full Body
25,Male,193,67.3,43.2,High,advanced,Fat Loss,4,Vegetarian,1546,179,392,63,Full Body
42,Male,174,107.3,16.7,Light,intermediate,Recomposition,6,Non-Vegetarian,2793,146,255,94,Push Pull Legs + Accessories
25,Female,191,82.2,33.9,High,beginner,Maintenance,4,Vegan,2316,140,459,91,Full Body
42,Male,184,60.1,33.6,Very High,intermediate,Recomposition,3,Non-Vegetarian,3023,127,530,55,Upper Lower + Full Body
54,Male,155,94.6,25.8,Light,intermediate,Muscle Gain,5,Vegetarian,2008,169,185,45,Push Pull Legs
20,Male,180,100.2,25.4,Light,beginner,Fat Loss,6,Vegetarian,2276,171,376,44,Upper Lower + Full Body
21,Female,163,104.3,14.9,Low,advanced,Muscle Gain,4,Vegetarian,2614,120,606,68,Full Body
34,Female,192,90.1,34.9,Moderate,intermediate,Recomposition,4,Non-Vegetarian,2662,153,298,72,Full Body
47,Female,154,74.6,8.9,High,advanced,Recomposition,6,Vegan,3178,163,387,51,Push Pull Legs
25,Female,163,75.7,30.5,Very High,beginner,Fat Loss,6,Non-Vegetarian,1474,161,254,75,Upper Lower + Full Body
19,Male,184,77.0,39.8,High,advanced,Muscle Gain,3,Vegetarian,4049,109,300,45,Upper Lower
31,Female,170,96.9,43.7,Very High,beginner,Maintenance,6,Non-Vegetarian,1853,94,297,84,Upper Lower
38,Male,156,84.5,15.1,High,beginner,Maintenance,5,Vegetarian,2697,113,308,99,Full Body
24,Male,160,68.1,33.8,Low,beginner,Maintenance,4,Vegetarian,1795,162,191,55,Upper Lower + Full Body
27,Male,168,76.3,30.9,High,intermediate,Recomposition,4,Vegetarian,1994,102,621,56,Upper Lower + Full Body
21,Female,189,84.6,40.4,High,intermediate,Muscle Gain,4,Non-Vegetarian,3703,187,384,49,Full Body
42,Male,181,81.6,39.8,Low,advanced,Maintenance,5,Vegetarian,2977,109,122,100,Full Body
40,Female,165,96.3,20.4,Very High,intermediate,Muscle Gain,5,Non-Vegetarian,3187,196,475,62,Full Body
24,Male,153,99.3,21.5,Light,advanced,Recomposition,6,Vegetarian,1885,133,603,76,Push Pull Legs
29,Male,171,85.1,41.1,Low,advanced,Fat Loss,4,Non-Vegetarian,1645,137,395,71,Upper Lower + Full Body
38,Female,190,45.8,33.2,High,advanced,Maintenance,4,Non-Vegetarian,2214,144,600,91,Upper Lower
42,Male,178,88.4,27.2,Very High,beginner,Recomposition,5,Vegetarian,2433,115,124,86,Push Pull Legs + Accessories
43,Male,180,85.4,19.1,Very High,advanced,Muscle Gain,6,Vegetarian,3911,192,259,56,Upper Lower + Full Body
49,Male,174,62.8,8.6,High,beginner,Maintenance,5,Non-Vegetarian,2213,93,306,45,Upper Lower + Full Body
42,Female,171,46.3,38.7,Very High,intermediate,Maintenance,3,Vegan,2255,163,303,51,Upper Lower + Full Body
38,Male,195,71.1,34.2,Light,advanced,Fat Loss,5,Vegetarian,1467,174,619,73,Upper Lower + Full Body
30,Female,176,85.4,42.2,Low,intermediate,Maintenance,6,Vegetarian,2671,90,389,64,Full Body
49,Male,173,84.4,11.0,Light,intermediate,Muscle Gain,3,Vegan,3076,141,526,60,Push Pull Legs
46,Female,193,83.5,22.7,Light,intermediate,Maintenance,3,Vegan,2796,167,618,81,Full Body
30,Female,180,83.4,32.7,Very High,advanced,Muscle Gain,6,Vegan,3717,165,164,86,Full Body
24,Male,186,80.7,35.8,Very High,advanced,Recomposition,5,Vegan,2220,180,606,59,Upper Lower
48,Male,190,74.4,26.8,Moderate,intermediate,Maintenance,6,Non-Vegetarian,2676,149,143,85,Push Pull Legs
39,Female,185,91.9,32.8,Moderate,advanced,Maintenance,6,Non-Vegetarian,3241,119,290,94,Full Body
23,Female,154,92.2,19.9,Moderate,beginner,Recomposition,6,Vegetarian,1772,172,472,84,Upper Lower
43,Female,189,81.7,11.0,Low,intermediate,Fat Loss,6,Vegan,1606,93,166,76,Full Body
33,Female,156,72.5,36.2,Moderate,advanced,Recomposition,3,Non-Vegetarian,3005,141,436,60,Upper Lower
49,Male,171,66.4,38.4,Light,advanced,Fat Loss,4,Vegetarian,1482,123,374,54,Full Body
50,Female,170,105.5,33.4,Very High,advanced,Fat Loss,3,Non-Vegetarian,2179,145,449,61,Full Body
46,Female,194,95.0,9.3,Low,beginner,Fat Loss,3,Vegetarian,1380,92,330,56,Push Pull Legs + Accessories
44,Female,155,75.3,8.5,Very High,intermediate,Maintenance,5,Vegan,2979,164,191,85,Upper Lower
49,Female,176,67.5,13.5,Very High,intermediate,Fat Loss,5,Vegetarian,1474,109,256,49,Full Body
41,Male,162,74.7,44.5,Light,intermediate,Muscle Gain,6,Non-Vegetarian,3615,114,504,56,Full Body
30,Male,163,79.5,12.0,Low,intermediate,Muscle Gain,3,Non-Vegetarian,3888,196,420,74,Push Pull Legs + Accessories
52,Male,164,64.2,28.7,High,intermediate,Muscle Gain,6,Vegan,3324,101,586,60,Push Pull Legs
31,Male,164,52.5,19.8,Light,intermediate,Recomposition,6,Vegetarian,1811,152,413,44,Push Pull Legs
46,Male,172,51.8,11.9,Moderate,advanced,Recomposition,6,Vegan,3003,163,311,59,Upper Lower + Full Body
30,Female,191,53.5,27.6,Low,beginner,Maintenance,6,Vegetarian,2436,136,484,37,Push Pull Legs
22,Male,192,84.0,37.7,Low,intermediate,Maintenance,4,Non-Vegetarian,2091,133,494,65,Push Pull Legs
54,Male,174,68.7,29.1,High,beginner,Maintenance,5,Non-Vegetarian,2438,165,222,68,Full Body
22,Male,150,53.9,31.7,Light,advanced,Recomposition,3,Vegan,2525,99,372,89,Push Pull Legs
26,Female,154,54.2,42.0,Low,beginner,Maintenance,6,Vegan,2693,167,602,80,Upper Lower
20,Male,153,79.2,28.4,Moderate,intermediate,Fat Loss,5,Vegan,1978,180,563,84,Upper Lower
28,Male,189,48.6,35.6,Moderate,intermediate,Maintenance,3,Non-Vegetarian,1881,92,475,83,Push Pull Legs + Accessories
27,Male,189,59.1,40.1,High,advanced,Muscle Gain,6,Vegetarian,3556,132,648,98,Upper Lower
39,Male,183,107.6,44.7,Light,advanced,Maintenance,3,Non-Vegetarian,2446,107,175,73,Push Pull Legs + Accessories
19,Female,152,64.9,15.2,Low,advanced,Recomposition,6,Vegetarian,2546,121,294,81,Full Body
52,Male,160,74.9,35.0,Light,advanced,Fat Loss,4,Vegan,2108,110,250,78,Push Pull Legs
31,Female,169,79.4,24.9,Light,beginner,Muscle Gain,3,Non-Vegetarian,3682,132,554,96,Full Body
33,Male,183,48.7,30.3,Moderate,advanced,Maintenance,3,Vegan,2345,111,183,62,Upper Lower + Full Body
24,Female,152,97.9,12.5,Low,intermediate,Maintenance,4,Vegetarian,1773,136,164,41,Upper Lower + Full Body
34,Male,152,88.1,39.0,Low,beginner,Recomposition,6,Vegan,2197,175,521,82,Full Body
27,Female,160,67.9,39.4,High,intermediate,Maintenance,6,Non-Vegetarian,2450,145,420,74,Upper Lower
49,Male,181,67.2,11.2,Light,beginner,Maintenance,4,Vegan,2535,146,439,70,Upper Lower
29,Male,155,72.6,10.1,Moderate,beginner,Fat Loss,3,Non-Vegetarian,2547,160,580,44,Full Body
19,Male,194,59.5,19.8,High,intermediate,Fat Loss,3,Vegetarian,1819,96,416,66,Upper Lower + Full Body
31,Female,174,54.5,16.5,Low,intermediate,Maintenance,5,Vegetarian,2146,149,324,73,Push Pull Legs + Accessories
45,Female,163,49.1,36.6,High,intermediate,Maintenance,4,Non-Vegetarian,3346,145,484,73,Push Pull Legs + Accessories
40,Male,193,86.4,28.5,High,beginner,Muscle Gain,4,Vegan,4013,196,642,76,Upper Lower + Full Body
35,Male,192,95.3,33.7,Moderate,advanced,Fat Loss,4,Non-Vegetarian,2389,149,539,49,Upper Lower + Full Body
47,Male,170,46.5,22.6,Low,advanced,Maintenance,5,Non-Vegetarian,3345,102,164,98,Full Body
53,Male,183,71.1,35.9,High,beginner,Muscle Gain,5,Vegan,4161,177,148,43,Push Pull Legs + Accessories
50,Male,178,99.2,29.9,Low,beginner,Fat Loss,6,Vegan,1737,172,239,80,Push Pull Legs + Accessories
34,Male,161,48.9,9.8,Low,beginner,Recomposition,6,Non-Vegetarian,2849,91,471,69,Upper Lower
27,Female,175,102.0,37.1,Low,advanced,Maintenance,6,Vegetarian,2891,90,254,66,Upper Lower
24,Female,152,106.1,33.8,Light,beginner,Maintenance,6,Non-Vegetarian,2976,107,243,58,Upper Lower
30,Male,169,78.1,28.9,Low,intermediate,Recomposition,5,Vegetarian,1767,146,260,45,Push Pull Legs
43,Female,163,95.1,10.5,Low,advanced,Recomposition,6,Vegetarian,2935,98,626,61,Full Body
38,Male,169,104.9,21.4,Light,beginner,Muscle Gain,4,Vegetarian,2608,145,419,91,Push Pull Legs
30,Female,166,98.5,16.7,Low,intermediate,Maintenance,3,Non-Vegetarian,2543,122,614,49,Upper Lower + Full Body
26,Female,190,83.2,15.1,Very High,advanced,Muscle Gain,4,Vegetarian,3210,142,359,71,Upper Lower + Full Body
47,Male,158,95.8,38.3,High,advanced,Maintenance,5,Vegan,2760,125,457,73,Push Pull Legs
26,Male,160,73.8,25.9,High,advanced,Muscle Gain,4,Vegetarian,2222,154,564,97,Upper Lower
29,Female,178,83.4,35.8,Moderate,intermediate,Maintenance,5,Vegetarian,3158,165,159,86,Push Pull Legs + Accessories
37,Female,191,54.3,35.1,Low,advanced,Fat Loss,3,Non-Vegetarian,1727,125,422,60,Push Pull Legs + Accessories
19,Male,193,88.6,17.5,Moderate,intermediate,Maintenance,5,Vegetarian,3361,119,591,65,Full Body
34,Male,186,100.5,12.6,Moderate,advanced,Recomposition,4,Vegetarian,1930,132,346,78,Push Pull Legs
29,Male,178,105.7,17.7,High,advanced,Muscle Gain,4,Vegetarian,4121,132,623,49,Upper Lower
18,Female,171,79.3,26.3,High,advanced,Maintenance,4,Vegetarian,2073,100,284,40,Push Pull Legs
18,Female,190,54.8,32.5,Moderate,beginner,Muscle Gain,4,Vegetarian,3960,181,335,73,Full Body
40,Male,152,96.6,12.6,Moderate,advanced,Recomposition,4,Vegan,2006,141,506,88,Upper Lower + Full Body
30,Female,176,101.6,26.8,Very High,intermediate,Muscle Gain,6,Vegan,3315,209,236,63,Full Body
38,Female,170,61.1,14.0,High,intermediate,Recomposition,4,Non-Vegetarian,2245,164,439,54,Upper Lower + Full Body
23,Male,182,87.1,27.4,High,beginner,Recomposition,6,Non-Vegetarian,2070,121,426,58,Upper Lower + Full Body
23,Male,156,67.0,35.1,High,advanced,Fat Loss,5,Vegan,2251,148,125,80,Full Body
22,Male,193,105.6,17.6,Low,intermediate,Maintenance,5,Non-Vegetarian,2512,135,217,58,Push Pull Legs + Accessories
35,Female,188,102.9,24.9,Light,intermediate,Muscle Gain,4,Vegan,3016,133,494,87,Upper Lower
32,Male,169,88.3,20.0,Moderate,beginner,Maintenance,4,Vegetarian,3143,117,173,73,Push Pull Legs + Accessories
20,Female,171,81.9,24.6,Moderate,advanced,Recomposition,3,Vegetarian,2159,162,343,64,Full Body
24,Female,169,69.8,37.6,High,advanced,Fat Loss,4,Non-Vegetarian,1637,168,223,71,Upper Lower + Full Body
48,Male,163,94.0,31.6,Light,advanced,Muscle Gain,4,Vegetarian,2328,189,520,100,Push Pull Legs + Accessories
34,Female,166,95.6,24.6,High,advanced,Recomposition,4,Vegetarian,1606,148,184,46,Push Pull Legs
34,Female,166,99.4,32.5,Light,intermediate,Recomposition,3,Vegan,3064,149,178,49,Full Body
54,Male,185,88.8,17.9,Low,intermediate,Maintenance,3,Vegan,1832,164,426,75,Push Pull Legs
48,Male,168,56.0,11.0,Light,beginner,Recomposition,5,Vegetarian,2207,135,203,56,Upper Lower
50,Female,186,86.8,41.6,High,beginner,Muscle Gain,3,Vegan,2966,144,583,70,Upper Lower
53,Male,186,108.8,9.4,Moderate,advanced,Fat Loss,5,Non-Vegetarian,1374,105,274,80,Full Body
29,Female,175,95.4,16.4,Moderate,beginner,Muscle Gain,3,Vegan,3781,155,572,41,Full Body
55,Male,172,98.7,24.6,Low,beginner,Maintenance,5,Vegan,1794,139,397,54,Upper Lower + Full Body
32,Male,173,82.0,26.5,Very High,advanced,Recomposition,6,Vegan,2957,100,548,71,Upper Lower + Full Body
22,Female,161,50.2,16.8,Very High,intermediate,Muscle Gain,5,Vegan,2836,196,631,40,Push Pull Legs + Accessories
47,Male,159,59.7,13.2,Moderate,advanced,Fat Loss,6,Vegetarian,1527,121,650,95,Push Pull Legs
48,Female,156,103.2,24.0,Very High,advanced,Maintenance,6,Vegan,2465,128,635,98,Push Pull Legs
54,Male,177,61.6,12.4,High,advanced,Maintenance,4,Vegan,2990,135,534,40,Push Pull Legs
45,Female,182,67.0,42.0,High,intermediate,Recomposition,5,Vegetarian,3101,107,434,92,Full Body
31,Male,152,59.8,22.5,Low,advanced,Fat Loss,4,Non-Vegetarian,1344,121,526,49,Full Body
36,Female,158,101.4,39.1,Light,intermediate,Fat Loss,6,Vegan,2374,91,343,92,Push Pull Legs
22,Female,185,73.2,27.9,Very High,beginner,Recomposition,5,Non-Vegetarian,1838,178,270,40,Full Body
39,Female,169,66.2,19.7,High,beginner,Recomposition,4,Non-Vegetarian,1999,180,236,61,Upper Lower + Full Body
26,Male,161,58.7,10.2,Moderate,beginner,Muscle Gain,3,Vegetarian,4015,176,310,38,Full Body
54,Female,195,92.9,26.4,Low,beginner,Fat Loss,4,Vegetarian,1986,147,342,98,Push Pull Legs + Accessories
18,Female,155,56.6,12.8,Very High,beginner,Fat Loss,3,Vegetarian,1779,116,574,36,Full Body
48,Female,167,91.4,32.5,Moderate,beginner,Recomposition,5,Vegan,2907,100,202,63,Upper Lower + Full Body
52,Male,158,57.8,44.4,Very High,intermediate,Maintenance,4,Vegan,2002,145,349,46,Upper Lower
19,Male,195,89.5,42.8,Very High,beginner,Fat Loss,6,Vegan,2233,115,534,43,Full Body
36,Male,181,88.8,10.8,Moderate,intermediate,Recomposition,3,Vegan,3074,130,230,99,Push Pull Legs
18,Male,175,90.5,30.6,Moderate,advanced,Fat Loss,4,Vegetarian,1783,98,622,99,Upper Lower + Full Body
51,Female,187,58.7,32.0,Low,beginner,Muscle Gain,3,Vegetarian,3969,120,355,53,Upper Lower
37,Female,178,78.7,37.6,Low,advanced,Maintenance,5,Vegetarian,1712,155,328,74,Full Body
27,Female,171,61.1,18.8,Moderate,advanced,Maintenance,3,Non-Vegetarian,2726,132,389,95,Push Pull Legs + Accessories
27,Male,163,82.9,26.8,Light,beginner,Muscle Gain,3,Non-Vegetarian,3798,108,215,36,Full Body
55,Male,178,95.0,34.0,Light,beginner,Maintenance,3,Vegetarian,3071,109,428,53,Full Body
38,Male,188,89.6,15.5,Low,intermediate,Fat Loss,6,Vegan,1900,126,187,94,Push Pull Legs + Accessories
52,Female,189,72.0,33.5,High,advanced,Recomposition,4,Vegan,2454,106,140,73,Upper Lower
41,Female,195,80.5,11.3,Low,advanced,Maintenance,3,Vegetarian,3179,93,273,79,Upper Lower + Full Body
31,Male,153,70.1,11.6,High,intermediate,Fat Loss,5,Vegetarian,1955,109,637,100,Push Pull Legs
37,Male,188,104.1,42.8,Moderate,intermediate,Recomposition,3,Non-Vegetarian,1688,154,427,77,Push Pull Legs
18,Female,166,53.2,9.8,Moderate,intermediate,Fat Loss,3,Vegan,2201,161,571,77,Upper Lower
32,Female,160,55.8,35.7,Moderate,intermediate,Muscle Gain,4,Vegetarian,2786,141,175,57,Push Pull Legs
31,Male,180,93.6,8.6,Light,beginner,Fat Loss,5,Vegan,1585,115,458,38,Push Pull Legs + Accessories
47,Male,169,88.5,35.4,Moderate,intermediate,Muscle Gain,4,Vegetarian,4078,150,156,68,Push Pull Legs
24,Female,169,59.6,39.1,Light,advanced,Maintenance,3,Vegan,3240,154,274,74,Full Body
46,Female,168,87.3,31.2,Light,beginner,Fat Loss,3,Non-Vegetarian,1332,117,165,78,Upper Lower + Full Body
50,Male,157,68.4,27.0,Moderate,beginner,Maintenance,3,Non-Vegetarian,1956,167,275,81,Upper Lower + Full Body
35,Male,189,49.1,29.1,Moderate,beginner,Recomposition,4,Vegetarian,2037,98,300,61,Upper Lower + Full Body
40,Female,171,71.2,28.4,Low,beginner,Fat Loss,3,Vegan,2388,92,503,59,Upper Lower + Full Body
49,Female,193,88.9,40.4,Light,intermediate,Maintenance,3,Vegetarian,2077,125,525,76,Push Pull Legs
41,Male,188,51.5,24.1,Light,beginner,Muscle Gain,5,Vegetarian,3857,175,638,63,Full Body
18,Male,178,98.4,37.2,High,advanced,Muscle Gain,3,Vegan,2127,171,345,49,Push Pull Legs + Accessories
37,Male,188,92.2,23.9,Light,beginner,Maintenance,5,Vegetarian,3032,120,595,76,Upper Lower
49,Male,170,53.5,44.4,Very High,intermediate,Muscle Gain,4,Vegan,2649,132,143,41,Push Pull Legs
38,Male,186,57.8,39.0,Moderate,advanced,Muscle Gain,4,Non-Vegetarian,2156,181,166,58,Upper Lower
35,Female,150,108.5,27.6,High,intermediate,Recomposition,5,Vegetarian,2068,134,203,39,Upper Lower
37,Female,161,52.2,19.2,Light,advanced,Maintenance,3,Non-Vegetarian,3178,119,405,71,Push Pull Legs + Accessories
55,Female,161,76.5,31.0,Very High,advanced,Fat Loss,4,Vegetarian,2008,137,202,81,Push Pull Legs + Accessories
34,Male,172,101.4,15.0,Light,beginner,Maintenance,4,Non-Vegetarian,2976,124,234,81,Upper Lower + Full Body
42,Male,183,75.6,18.8,Light,advanced,Recomposition,4,Vegetarian,2138,170,131,53,Upper Lower + Full Body
32,Male,151,48.3,11.9,Low,beginner,Muscle Gain,3,Vegetarian,3227,101,623,79,Full Body
52,Female,177,55.9,39.5,Light,intermediate,Maintenance,5,Vegetarian,1821,132,338,73,Full Body
39,Female,172,46.4,27.0,Light,advanced,Fat Loss,3,Non-Vegetarian,1464,119,588,45,Upper Lower + Full Body
50,Female,184,100.7,9.1,Light,beginner,Recomposition,3,Non-Vegetarian,2379,118,477,78,Full Body
52,Male,169,73.3,27.2,High,beginner,Recomposition,4,Vegetarian,2028,111,324,63,Upper Lower
48,Male,153,65.3,17.7,Light,intermediate,Maintenance,3,Vegetarian,2477,135,471,76,Upper Lower + Full Body
34,Male,173,81.4,9.9,Light,advanced,Fat Loss,3,Vegetarian,2339,102,636,80,Full Body
38,Male,193,96.2,17.4,Very High,advanced,Fat Loss,6,Vegetarian,2299,171,392,40,Upper Lower + Full Body
35,Female,181,109.5,27.8,Low,advanced,Fat Loss,4,Non-Vegetarian,1378,142,273,44,Full Body
24,Female,164,59.1,17.6,Light,advanced,Fat Loss,6,Vegetarian,1645,131,449,79,Push Pull Legs + Accessories
36,Male,190,80.7,41.4,Low,advanced,Maintenance,6,Non-Vegetarian,3060,104,177,92,Full Body
27,Male,192,87.0,44.5,Light,advanced,Recomposition,6,Non-Vegetarian,1879,158,494,48,Full Body
55,Male,150,78.3,39.2,Light,intermediate,Maintenance,5,Vegan,2626,125,502,87,Full Body
41,Male,151,76.7,40.2,Light,intermediate,Fat Loss,6,Non-Vegetarian,1712,137,356,98,Push Pull Legs
24,Male,168,70.6,10.0,Low,advanced,Muscle Gain,5,Vegan,2844,203,141,67,Upper Lower
31,Female,159,60.6,9.8,High,intermediate,Maintenance,6,Non-Vegetarian,2677,123,418,60,Push Pull Legs + Accessories
49,Female,164,66.2,13.3,High,beginner,Fat Loss,5,Vegetarian,1641,154,587,70,Push Pull Legs
55,Male,163,62.3,43.0,High,intermediate,Recomposition,4,Non-Vegetarian,2048,169,464,84,Upper Lower
38,Male,168,54.7,37.7,Light,intermediate,Recomposition,3,Vegan,2703,167,281,87,Push Pull Legs + Accessories
23,Male,163,73.0,29.6,High,intermediate,Recomposition,4,Vegetarian,1891,105,588,92,Full Body
22,Female,169,62.2,25.7,Light,beginner,Maintenance,5,Vegetarian,2158,146,516,93,Upper Lower + Full Body
45,Male,158,74.9,13.6,Moderate,beginner,Recomposition,3,Non-Vegetarian,2052,94,159,94,Upper Lower + Full Body
31,Male,195,59.0,36.5,Very High,advanced,Muscle Gain,6,Vegan,4009,196,329,81,Push Pull Legs + Accessories
29,Male,154,52.0,43.1,Very High,beginner,Recomposition,4,Non-Vegetarian,2916,163,608,91,Upper Lower
25,Female,153,68.0,33.4,Very High,intermediate,Fat Loss,5,Non-Vegetarian,2143,156,471,35,Push Pull Legs
46,Female,189,89.0,24.9,Very High,beginner,Fat Loss,6,Vegan,1503,139,541,54,Upper Lower + Full Body
52,Male,178,82.3,40.5,Very High,intermediate,Recomposition,4,Vegan,2474,152,583,89,Upper Lower
42,Female,164,101.1,12.7,Light,intermediate,Muscle Gain,3,Non-Vegetarian,3479,147,131,67,Push Pull Legs
25,Female,195,57.7,26.9,Very High,advanced,Muscle Gain,3,Vegetarian,3881,140,272,51,Push Pull Legs
18,Female,181,76.4,31.7,Very High,advanced,Recomposition,3,Vegan,1956,137,544,43,Push Pull Legs + Accessories
34,Female,152,102.7,28.4,Low,beginner,Muscle Gain,4,Vegetarian,2735,186,428,72,Push Pull Legs + Accessories
23,Female,194,71.9,11.4,Moderate,advanced,Recomposition,6,Non-Vegetarian,1975,141,483,98,Push Pull Legs
31,Female,184,97.8,15.4,Very High,beginner,Fat Loss,5,Vegetarian,2575,163,241,58,Push Pull Legs + Accessories
47,Male,175,94.8,29.3,Moderate,intermediate,Recomposition,5,Vegetarian,2509,116,442,68,Push Pull Legs
19,Female,170,64.5,13.7,Very High,beginner,Recomposition,5,Non-Vegetarian,3008,131,265,87,Push Pull Legs + Accessories
48,Female,157,77.6,39.1,Low,advanced,Recomposition,6,Vegan,1689,152,357,49,Push Pull Legs
23,Male,178,82.0,25.4,High,advanced,Muscle Gain,3,Vegetarian,2655,101,145,66,Push Pull Legs + Accessories
26,Female,163,78.3,13.1,Moderate,intermediate,Fat Loss,4,Vegetarian,2533,129,223,56,Full Body
43,Female,161,86.2,12.0,Low,beginner,Maintenance,5,Vegan,3380,93,378,48,Push Pull Legs
54,Male,175,66.7,20.9,Moderate,advanced,Maintenance,3,Non-Vegetarian,3290,139,447,88,Upper Lower + Full Body
44,Male,169,100.1,42.8,Low,advanced,Fat Loss,6,Vegetarian,2347,168,613,82,Push Pull Legs + Accessories
21,Male,192,92.2,34.3,Low,intermediate,Fat Loss,3,Non-Vegetarian,1507,128,362,57,Upper Lower + Full Body
51,Female,186,85.4,24.8,Very High,advanced,Muscle Gain,6,Vegan,2465,170,251,63,Push Pull Legs + Accessories
21,Male,166,64.7,10.2,Low,advanced,Muscle Gain,4,Vegan,3729,132,554,41,Push Pull Legs + Accessories
50,Female,170,80.0,9.0,Very High,beginner,Fat Loss,6,Non-Vegetarian,2565,94,464,59,Upper Lower + Full Body
39,Female,154,91.7,26.8,Very High,intermediate,Fat Loss,5,Vegetarian,2482,147,175,64,Upper Lower + Full Body
49,Female,162,60.1,27.0,Low,intermediate,Muscle Gain,5,Vegan,2793,121,547,74,Full Body
18,Male,166,94.8,42.9,Light,beginner,Muscle Gain,6,Non-Vegetarian,3536,122,314,63,Full Body
51,Female,154,85.0,19.0,Light,beginner,Muscle Gain,5,Non-Vegetarian,3157,150,599,75,Push Pull Legs + Accessories
28,Male,194,65.6,34.2,Moderate,beginner,Maintenance,6,Vegetarian,2634,114,208,57,Full Body
27,Male,157,92.4,25.0,Light,intermediate,Recomposition,6,Vegetarian,2547,125,169,64,Full Body
20,Male,152,95.0,41.7,Very High,intermediate,Muscle Gain,6,Vegetarian,4004,126,397,42,Push Pull Legs + Accessories
39,Female,166,52.6,44.6,Light,intermediate,Fat Loss,3,Vegan,1510,130,176,51,Upper Lower
20,Male,187,54.9,10.8,Light,beginner,Recomposition,3,Non-Vegetarian,2967,131,162,62,Upper Lower + Full Body
19,Female,181,55.7,19.1,Low,intermediate,Fat Loss,6,Vegetarian,1861,132,246,52,Upper Lower + Full Body
25,Female,189,73.7,33.3,Light,advanced,Maintenance,5,Vegan,2485,153,367,50,Push Pull Legs + Accessories
27,Male,180,78.4,15.3,Moderate,advanced,Recomposition,6,Non-Vegetarian,3072,140,217,52,Upper Lower + Full Body
44,Male,188,99.6,20.9,Moderate,beginner,Muscle Gain,3,Vegetarian,3356,127,200,85,Push Pull Legs
42,Female,175,75.7,28.5,Moderate,advanced,Recomposition,3,Vegetarian,2149,99,236,51,Upper Lower + Full Body
52,Male,193,99.7,10.5,Moderate,beginner,Fat Loss,5,Vegan,1670,122,581,86,Full Body
36,Female,172,47.8,26.5,Moderate,intermediate,Maintenance,3,Non-Vegetarian,2875,96,433,65,Upper Lower + Full Body
50,Female,183,80.1,30.4,Very High,intermediate,Maintenance,5,Vegetarian,2510,94,269,84,Upper Lower + Full Body
54,Male,190,68.8,19.4,Moderate,advanced,Fat Loss,3,Vegan,2378,163,138,58,Push Pull Legs
47,Female,181,57.6,27.7,Very High,beginner,Maintenance,4,Vegetarian,2033,164,345,61,Upper Lower
47,Female,178,48.9,13.2,High,advanced,Fat Loss,5,Vegetarian,2407,129,223,53,Push Pull Legs + Accessories
32,Male,159,69.3,42.1,Light,advanced,Maintenance,5,Vegan,3298,92,431,45,Push Pull Legs + Accessories
49,Male,167,56.5,11.6,Low,beginner,Maintenance,5,Vegan,2256,129,646,79,Push Pull Legs
37,Male,176,90.4,8.7,Low,intermediate,Muscle Gain,3,Non-Vegetarian,2418,131,613,97,Upper Lower + Full Body
32,Female,150,106.1,31.5,Moderate,beginner,Maintenance,6,Vegetarian,2615,114,625,57,Push Pull Legs
20,Female,165,86.3,42.8,Moderate,beginner,Maintenance,5,Vegetarian,1910,110,197,91,Upper Lower + Full Body
45,Female,195,109.5,40.7,Light,advanced,Maintenance,4,Non-Vegetarian,1842,125,465,81,Push Pull Legs
28,Male,188,46.0,16.8,Light,advanced,Recomposition,6,Non-Vegetarian,2536,146,473,84,Full Body
50,Female,192,58.1,17.0,Light,beginner,Maintenance,3,Non-Vegetarian,2739,135,315,45,Upper Lower + Full Body
51,Male,180,106.5,38.1,Low,intermediate,Recomposition,3,Vegan,2561,97,287,95,Upper Lower
35,Male,174,75.0,36.9,Low,intermediate,Recomposition,5,Vegetarian,2283,93,640,57,Upper Lower
34,Male,190,57.9,23.2,Very High,intermediate,Maintenance,6,Vegan,3382,152,338,54,Upper Lower
28,Female,166,101.2,29.9,Light,advanced,Fat Loss,3,Vegetarian,1772,107,433,35,Push Pull Legs + Accessories
51,Male,175,89.5,31.9,High,beginner,Maintenance,6,Vegan,3365,109,578,67,Full Body
41,Male,194,71.4,21.3,Very High,beginner,Recomposition,3,Non-Vegetarian,3108,164,217,60,Full Body
51,Male,193,93.9,13.8,Moderate,advanced,Muscle Gain,4,Non-Vegetarian,3605,121,205,91,Full Body
45,Female,153,64.5,19.0,Moderate,beginner,Maintenance,3,Non-Vegetarian,1999,143,442,83,Upper Lower
22,Female,175,48.6,22.9,Light,beginner,Muscle Gain,6,Vegetarian,3251,159,522,84,Push Pull Legs
31,Female,154,99.6,30.8,High,advanced,Fat Loss,6,Non-Vegetarian,2278,138,508,63,Push Pull Legs + Accessories
48,Female,161,64.8,35.6,Moderate,beginner,Recomposition,5,Vegan,1747,112,623,87,Push Pull Legs
50,Male,159,72.7,11.9,Moderate,advanced,Recomposition,6,Vegan,2761,166,413,99,Push Pull Legs
20,Female,176,90.9,12.5,High,intermediate,Recomposition,3,Vegan,1621,127,157,89,Push Pull Legs + Accessories
27,Male,170,96.4,42.7,Very High,intermediate,Muscle Gain,3,Non-Vegetarian,2654,135,591,44,Push Pull Legs + Accessories
43,Female,189,57.6,39.6,Very High,advanced,Recomposition,5,Vegetarian,1973,93,464,68,Push Pull Legs
26,Female,182,46.7,25.9,High,intermediate,Recomposition,6,Vegetarian,1832,143,504,52,Push Pull Legs
33,Male,162,69.7,26.2,Low,intermediate,Maintenance,4,Vegan,2846,99,333,95,Upper Lower + Full Body
42,Female,194,53.9,15.5,Moderate,beginner,Maintenance,3,Vegetarian,2905,92,438,81,Upper Lower + Full Body
32,Female,195,80.8,39.0,Moderate,beginner,Maintenance,3,Non-Vegetarian,1780,97,404,75,Push Pull Legs
43,Male,191,69.8,23.1,Moderate,advanced,Muscle Gain,5,Vegan,2640,182,387,62,Upper Lower + Full Body
39,Male,183,85.7,17.1,Light,intermediate,Recomposition,3,Vegetarian,1826,103,541,84,Push Pull Legs + Accessories
28,Male,184,84.6,42.8,Light,advanced,Muscle Gain,5,Vegan,4072,177,523,79,Push Pull Legs + Accessories
48,Male,185,52.2,36.3,Moderate,intermediate,Fat Loss,6,Vegetarian,1441,130,367,63,Upper Lower
42,Female,190,100.1,19.3,Very High,beginner,Maintenance,6,Vegan,2277,119,173,64,Full Body
45,Male,179,80.6,36.7,Moderate,intermediate,Recomposition,3,Vegetarian,3171,132,478,86,Upper Lower + Full Body
44,Male,150,83.8,22.2,Low,intermediate,Recomposition,6,Non-Vegetarian,2455,93,197,95,Upper Lower + Full Body
42,Male,156,101.3,18.5,High,beginner,Muscle Gain,6,Non-Vegetarian,2116,119,587,98,Upper Lower
30,Female,150,52.3,29.7,Very High,intermediate,Maintenance,6,Non-Vegetarian,3328,109,228,95,Full Body
43,Female,170,81.1,41.7,Very High,advanced,Maintenance,4,Vegan,2567,161,422,73,Upper Lower
43,Male,183,62.8,38.5,Moderate,intermediate,Maintenance,5,Vegan,3363,148,321,43,Full Body
46,Female,186,106.1,44.6,Light,advanced,Muscle Gain,5,Non-Vegetarian,2343,124,141,51,Upper Lower
48,Male,175,59.0,41.1,High,advanced,Maintenance,6,Vegetarian,3279,163,581,85,Upper Lower + Full Body
42,Female,173,82.9,23.1,High,beginner,Muscle Gain,6,Non-Vegetarian,2929,134,159,90,Push Pull Legs
40,Female,157,50.7,26.0,High,beginner,Maintenance,5,Vegetarian,2544,96,276,50,Push Pull Legs
42,Male,161,73.2,23.4,High,intermediate,Fat Loss,6,Vegan,1789,117,299,57,Push Pull Legs + Accessories
49,Male,162,49.2,23.3,Very High,beginner,Maintenance,4,Non-Vegetarian,2891,154,193,51,Push Pull Legs
45,Male,180,81.2,30.8,Light,intermediate,Recomposition,3,Non-Vegetarian,2464,164,208,73,Push Pull Legs + Accessories
22,Male,160,85.2,43.0,Light,advanced,Maintenance,5,Non-Vegetarian,1860,138,402,84,Push Pull Legs
24,Female,172,47.7,24.0,High,intermediate,Fat Loss,5,Vegetarian,1402,94,386,76,Full Body
50,Female,175,79.7,37.6,Very High,beginner,Fat Loss,4,Vegetarian,1407,92,514,79,Upper Lower + Full Body
46,Female,169,86.7,19.0,Light,advanced,Muscle Gain,3,Vegan,2010,126,412,53,Push Pull Legs
53,Female,179,100.1,14.4,High,beginner,Maintenance,6,Non-Vegetarian,2775,150,148,50,Push Pull Legs + Accessories
27,Female,157,50.2,24.0,Low,beginner,Fat Loss,3,Non-Vegetarian,2097,179,471,99,Upper Lower
41,Female,188,84.6,8.1,Low,intermediate,Recomposition,5,Vegan,3000,103,350,89,Push Pull Legs + Accessories
28,Male,159,107.4,39.8,Low,advanced,Recomposition,3,Vegan,1656,107,222,65,Push Pull Legs
19,Female,186,105.2,38.7,Very High,advanced,Maintenance,6,Vegan,2097,127,193,69,Push Pull Legs + Accessories
53,Male,159,61.9,24.4,Low,advanced,Recomposition,5,Vegetarian,2236,129,411,49,Push Pull Legs + Accessories
42,Female,177,100.1,11.3,Very High,intermediate,Fat Loss,3,Vegetarian,1648,120,304,82,Push Pull Legs
55,Male,180,97.6,11.0,Light,beginner,Muscle Gain,6,Non-Vegetarian,4057,190,124,93,Upper Lower
48,Female,193,47.2,33.7,Low,advanced,Muscle Gain,4,Vegan,4192,127,183,37,Full Body
50,Female,155,70.7,41.1,Light,advanced,Muscle Gain,4,Vegetarian,3110,116,153,46,Upper Lower + Full Body
55,Female,153,95.2,13.9,Light,beginner,Muscle Gain,6,Non-Vegetarian,3438,152,623,58,Upper Lower
24,Female,160,78.2,42.2,Low,advanced,Fat Loss,5,Vegetarian,1411,102,482,58,Upper Lower
34,Male,187,56.6,40.4,Moderate,intermediate,Muscle Gain,6,Non-Vegetarian,2351,209,473,57,Upper Lower
21,Male,187,76.9,22.2,Moderate,advanced,Recomposition,3,Vegan,1985,161,292,79,Full Body
36,Male,164,56.5,10.8,Low,advanced,Recomposition,4,Non-Vegetarian,2316,138,182,79,Push Pull Legs
21,Male,183,86.5,28.4,Low,intermediate,Muscle Gain,6,Vegetarian,2818,143,349,74,Push Pull Legs + Accessories
27,Male,166,55.1,10.2,Moderate,intermediate,Muscle Gain,4,Non-Vegetarian,3490,172,503,58,Full Body
19,Female,181,92.3,37.2,High,advanced,Fat Loss,3,Vegan,1836,180,560,44,Push Pull Legs
27,Female,155,87.2,16.4,Low,beginner,Recomposition,3,Non-Vegetarian,2601,101,515,95,Upper Lower
21,Female,159,54.4,18.8,Low,beginner,Recomposition,4,Vegetarian,1633,158,331,36,Upper Lower + Full Body
29,Male,151,94.7,43.7,Very High,beginner,Maintenance,4,Vegan,1950,163,363,67,Push Pull Legs
33,Female,155,89.0,34.2,Very High,advanced,Fat Loss,4,Vegetarian,2286,119,201,64,Upper Lower + Full Body
27,Female,186,80.2,25.5,Light,advanced,Recomposition,6,Vegetarian,2030,95,429,53,Upper Lower
43,Female,182,103.3,35.4,Low,beginner,Recomposition,6,Vegan,2474,126,281,93,Push Pull Legs + Accessories
47,Male,183,95.9,13.5,Light,advanced,Muscle Gain,4,Vegan,3321,209,435,43,Upper Lower
47,Male,190,87.2,17.3,Moderate,advanced,Muscle Gain,5,Non-Vegetarian,3151,121,348,61,Full Body
20,Female,161,69.2,28.6,Very High,intermediate,Maintenance,3,Vegetarian,2776,157,275,48,Push Pull Legs + Accessories
18,Male,183,88.2,18.1,Moderate,beginner,Muscle Gain,5,Vegan,3775,136,526,36,Upper Lower + Full Body
26,Female,171,61.3,40.0,High,intermediate,Fat Loss,3,Vegan,2221,145,350,82,Upper Lower
35,Male,180,79.1,37.9,Low,beginner,Muscle Gain,6,Vegetarian,2467,177,611,67,Full Body
55,Female,162,50.9,28.7,Low,advanced,Maintenance,3,Non-Vegetarian,2288,168,237,37,Push Pull Legs + Accessories
35,Male,167,67.2,30.2,High,intermediate,Fat Loss,4,Vegan,1351,138,555,43,Upper Lower + Full Body
25,Male,180,87.5,36.9,Moderate,beginner,Maintenance,4,Non-Vegetarian,2537,149,242,62,Push Pull Legs
36,Female,181,104.3,33.4,Low,advanced,Recomposition,5,Vegetarian,2296,158,328,55,Full Body
39,Male,192,84.2,41.2,Moderate,beginner,Fat Loss,4,Vegetarian,1441,142,501,69,Upper Lower
33,Male,161,62.9,29.0,Moderate,intermediate,Muscle Gain,6,Vegan,4032,170,648,59,Push Pull Legs + Accessories
48,Female,160,94.4,19.4,Very High,intermediate,Muscle Gain,5,Vegetarian,3906,208,233,83,Upper Lower + Full Body
38,Female,176,63.3,21.1,Light,advanced,Fat Loss,5,Vegetarian,1716,124,618,90,Upper Lower + Full Body
37,Female,173,90.1,42.4,Moderate,beginner,Recomposition,6,Vegan,2816,165,427,54,Full Body
28,Male,182,57.3,29.5,Low,advanced,Muscle Gain,3,Vegetarian,4004,122,236,59,Upper Lower + Full Body
19,Male,160,47.3,9.1,Moderate,intermediate,Maintenance,6,Vegetarian,3063,115,559,50,Push Pull Legs + Accessories
22,Male,184,98.4,10.6,Low,beginner,Recomposition,5,Vegetarian,3013,142,460,39,Full Body
50,Male,169,48.0,31.8,High,beginner,Maintenance,3,Vegetarian,3353,105,644,73,Upper Lower + Full Body
36,Female,154,70.2,14.8,Very High,intermediate,Maintenance,6,Vegetarian,3382,119,552,87,Push Pull Legs
32,Male,171,54.5,41.3,Low,intermediate,Fat Loss,3,Vegetarian,2443,112,191,66,Push Pull Legs
22,Female,151,55.1,11.2,Low,intermediate,Muscle Gain,5,Non-Vegetarian,3718,185,172,77,Push Pull Legs + Accessories
33,Male,163,47.3,17.5,Very High,advanced,Recomposition,6,Vegan,2678,133,392,60,Full Body
35,Female,170,77.9,30.6,Moderate,intermediate,Fat Loss,6,Vegetarian,1808,118,130,40,Upper Lower
35,Male,179,51.4,32.7,Light,beginner,Maintenance,4,Non-Vegetarian,2206,95,243,51,Upper Lower + Full Body
55,Male,168,45.8,8.1,Low,beginner,Maintenance,4,Vegetarian,2699,154,224,98,Full Body
37,Male,174,67.6,38.6,Light,intermediate,Muscle Gain,6,Vegetarian,3067,198,361,95,Upper Lower
41,Female,155,61.6,21.8,Light,intermediate,Maintenance,5,Non-Vegetarian,3216,111,249,54,Upper Lower + Full Body
47,Female,175,70.2,10.1,High,intermediate,Muscle Gain,3,Vegan,2631,148,230,63,Full Body
41,Male,156,64.3,28.1,Moderate,advanced,Maintenance,3,Vegetarian,2336,155,531,77,Push Pull Legs + Accessories
53,Male,166,70.1,21.7,Moderate,advanced,Maintenance,6,Vegan,3135,162,598,94,Full Body
45,Female,154,55.4,18.8,Low,beginner,Maintenance,4,Vegetarian,2954,93,420,38,Push Pull Legs
19,Female,180,73.0,30.0,Moderate,beginner,Muscle Gain,3,Vegetarian,2447,158,259,58,Push Pull Legs
32,Female,166,56.3,8.9,Light,intermediate,Muscle Gain,5,Non-Vegetarian,3865,193,644,95,Upper Lower
25,Female,192,91.5,43.5,Light,beginner,Muscle Gain,6,Vegetarian,3291,163,221,62,Push Pull Legs + Accessories
50,Male,178,75.3,29.4,Very High,advanced,Maintenance,4,Vegan,3098,136,286,76,Upper Lower + Full Body
33,Female,170,66.0,35.3,Very High,intermediate,Muscle Gain,5,Non-Vegetarian,2431,137,374,88,Push Pull Legs
33,Female,185,77.0,40.9,Light,beginner,Maintenance,6,Vegan,1766,144,389,50,Full Body
27,Female,173,93.5,40.8,Low,advanced,Recomposition,4,Vegetarian,3199,153,459,97,Upper Lower + Full Body
24,Male,170,107.2,43.4,Very High,advanced,Muscle Gain,6,Vegetarian,3391,166,415,77,Full Body
18,Female,190,65.8,34.1,Light,advanced,Recomposition,5,Vegetarian,2588,95,380,95,Push Pull Legs + Accessories
53,Male,172,106.6,22.7,Light,intermediate,Muscle Gain,5,Vegetarian,4153,130,403,74,Push Pull Legs
47,Male,173,68.6,31.5,Low,beginner,Maintenance,4,Vegan,2395,92,366,60,Push Pull Legs + Accessories
42,Male,184,59.6,9.3,Low,beginner,Muscle Gain,5,Non-Vegetarian,3220,196,162,71,Push Pull Legs + Accessories
43,Male,173,57.2,19.3,Very High,beginner,Muscle Gain,6,Non-Vegetarian,3790,125,437,50,Push Pull Legs + Accessories
21,Female,173,93.3,26.2,Light,advanced,Muscle Gain,5,Non-Vegetarian,3378,181,422,59,Push Pull Legs + Accessories
32,Male,162,50.2,44.5,Light,beginner,Fat Loss,3,Vegan,1395,161,247,50,Push Pull Legs
52,Male,181,75.6,42.4,Very High,beginner,Muscle Gain,6,Vegan,4045,200,648,47,Upper Lower + Full Body
53,Female,178,104.6,33.7,High,intermediate,Recomposition,5,Vegetarian,2001,101,563,76,Push Pull Legs
32,Male,184,49.3,14.7,Light,intermediate,Muscle Gain,3,Non-Vegetarian,2223,146,432,60,Upper Lower + Full Body
35,Male,174,107.6,27.1,Very High,intermediate,Recomposition,4,Vegan,2177,121,444,62,Push Pull Legs + Accessories
41,Male,183,45.8,38.3,Moderate,beginner,Maintenance,5,Vegan,2546,109,138,39,Upper Lower
32,Male,152,55.6,12.1,Very High,beginner,Recomposition,6,Vegetarian,1826,152,354,99,Full Body
41,Female,173,68.0,20.8,Very High,beginner,Recomposition,6,Vegetarian,2216,110,515,88,Upper Lower
37,Female,164,71.8,25.7,Low,intermediate,Muscle Gain,3,Vegetarian,4053,105,174,57,Push Pull Legs + Accessories
24,Female,162,105.3,32.3,High,intermediate,Maintenance,6,Non-Vegetarian,1986,137,273,97,Full Body
23,Male,178,76.7,29.6,Low,beginner,Maintenance,4,Non-Vegetarian,2058,135,539,79,Push Pull Legs + Accessories
31,Male,181,57.9,17.5,Moderate,advanced,Muscle Gain,3,Vegetarian,2126,103,292,67,Upper Lower
22,Male,158,74.2,21.9,Low,intermediate,Recomposition,4,Non-Vegetarian,2971,164,499,95,Upper Lower + Full Body
36,Female,169,52.2,12.8,Very High,intermediate,Maintenance,4,Vegetarian,2691,112,617,67,Upper Lower
34,Male,153,87.9,40.8,High,advanced,Muscle Gain,4,Non-Vegetarian,3965,114,567,43,Push Pull Legs + Accessories
55,Female,192,100.2,31.3,Very High,advanced,Muscle Gain,4,Non-Vegetarian,2964,188,249,92,Upper Lower + Full Body
23,Female,169,67.8,41.9,Moderate,beginner,Recomposition,4,Vegetarian,2000,95,608,40,Upper Lower
35,Male,160,104.2,28.2,Light,intermediate,Muscle Gain,5,Vegan,3826,180,356,70,Full Body
42,Female,163,97.4,18.9,Moderate,intermediate,Maintenance,6,Non-Vegetarian,2862,105,375,47,Push Pull Legs
22,Male,173,53.3,14.1,Low,advanced,Muscle Gain,5,Vegan,3455,169,193,55,Upper Lower
53,Female,183,71.8,9.2,Very High,beginner,Fat Loss,4,Vegetarian,2060,102,193,66,Upper Lower + Full Body
28,Female,161,66.0,17.8,Moderate,intermediate,Recomposition,3,Vegetarian,1763,150,531,48,Push Pull Legs
31,Male,160,63.1,10.0,High,beginner,Muscle Gain,3,Non-Vegetarian,2322,135,304,63,Push Pull Legs + Accessories
46,Female,167,91.1,33.2,Moderate,advanced,Muscle Gain,6,Vegetarian,2793,100,188,87,Full Body
50,Female,179,70.5,24.6,Low,intermediate,Muscle Gain,6,Non-Vegetarian,3446,142,215,91,Upper Lower
34,Female,159,50.0,16.0,Low,beginner,Recomposition,3,Non-Vegetarian,2590,110,297,51,Upper Lower + Full Body
39,Female,162,106.5,28.9,Moderate,beginner,Recomposition,5,Non-Vegetarian,1801,160,135,77,Full Body
19,Male,183,66.1,16.3,Low,advanced,Maintenance,4,Vegetarian,3299,149,527,48,Upper Lower + Full Body
47,Male,187,80.2,29.9,Moderate,advanced,Muscle Gain,4,Vegetarian,2431,171,631,37,Upper Lower + Full Body
51,Female,154,66.7,41.6,Very High,advanced,Muscle Gain,6,Non-Vegetarian,2275,154,448,90,Push Pull Legs + Accessories
54,Male,183,103.5,23.9,Very High,advanced,Maintenance,3,Vegan,2571,160,302,37,Upper Lower
27,Female,191,78.5,25.3,Moderate,beginner,Muscle Gain,5,Non-Vegetarian,2341,185,496,37,Push Pull Legs + Accessories
23,Female,156,80.3,31.7,Low,intermediate,Recomposition,6,Vegetarian,2156,155,176,76,Push Pull Legs
43,Female,176,74.4,24.9,Low,advanced,Recomposition,5,Non-Vegetarian,1649,107,316,47,Upper Lower
29,Female,193,70.0,15.3,High,advanced,Maintenance,6,Vegetarian,2150,168,481,94,Push Pull Legs
24,Male,177,80.6,18.8,Low,advanced,Fat Loss,4,Vegan,1854,170,183,57,Upper Lower
52,Female,189,89.0,15.0,Light,advanced,Muscle Gain,5,Vegan,3906,150,172,70,Push Pull Legs
29,Female,177,54.4,28.8,Light,beginner,Maintenance,5,Vegetarian,2605,144,292,50,Push Pull Legs
30,Female,161,91.5,12.8,Light,beginner,Recomposition,6,Non-Vegetarian,2354,125,135,81,Upper Lower + Full Body
31,Female,151,60.6,20.0,Light,intermediate,Maintenance,5,Vegan,1824,154,648,61,Push Pull Legs
53,Female,158,81.6,27.1,High,beginner,Maintenance,6,Non-Vegetarian,2005,164,425,52,Push Pull Legs + Accessories
55,Male,154,72.9,43.1,Light,intermediate,Muscle Gain,3,Non-Vegetarian,3832,118,121,56,Upper Lower + Full Body
31,Male,187,73.8,42.0,High,beginner,Recomposition,6,Vegetarian,1741,130,292,73,Upper Lower
36,Female,165,50.7,42.2,Light,advanced,Fat Loss,4,Vegetarian,1344,117,533,95,Full Body
20,Male,187,57.0,35.0,Moderate,beginner,Recomposition,3,Vegan,2654,117,230,100,Push Pull Legs
33,Male,167,57.2,41.8,Low,intermediate,Fat Loss,3,Non-Vegetarian,1929,134,145,51,Push Pull Legs + Accessories
52,Female,195,70.8,21.6,Very High,beginner,Recomposition,5,Vegan,2729,177,426,88,Push Pull Legs + Accessories
52,Female,159,56.1,14.3,Very High,intermediate,Maintenance,4,Non-Vegetarian,1717,128,537,70,Push Pull Legs + Accessories
49,Male,168,54.0,21.4,Very High,advanced,Maintenance,3,Non-Vegetarian,2591,100,273,69,Full Body
23,Male,154,73.1,9.4,Low,beginner,Maintenance,3,Vegan,1915,102,539,41,Push Pull Legs + Accessories
29,Female,156,46.5,42.7,High,advanced,Fat Loss,6,Vegan,1670,101,505,69,Push Pull Legs + Accessories
19,Male,160,48.1,15.2,Moderate,beginner,Muscle Gain,4,Non-Vegetarian,3052,127,306,80,Full Body
40,Male,177,100.8,34.0,Moderate,beginner,Recomposition,3,Vegan,2606,112,403,93,Upper Lower
31,Female,154,79.1,28.6,High,beginner,Recomposition,3,Non-Vegetarian,2147,139,265,37,Upper Lower
36,Female,168,92.5,25.6,Very High,advanced,Muscle Gain,6,Vegan,3953,125,408,53,Push Pull Legs
27,Female,155,51.5,8.9,Very High,beginner,Fat Loss,6,Vegan,2079,129,255,36,Push Pull Legs + Accessories
30,Male,183,97.8,39.4,Moderate,beginner,Recomposition,3,Vegan,2050,123,266,73,Push Pull Legs + Accessories
44,Male,192,103.5,32.6,Very High,beginner,Fat Loss,4,Non-Vegetarian,2211,102,551,72,Push Pull Legs
35,Male,182,103.9,34.1,Moderate,beginner,Maintenance,3,Non-Vegetarian,2154,125,492,89,Full Body
43,Female,163,84.2,10.9,Very High,beginner,Muscle Gain,4,Vegan,2182,149,332,65,Full Body
40,Female,190,82.6,34.4,Very High,intermediate,Recomposition,5,Non-Vegetarian,2543,135,548,70,Push Pull Legs + Accessories
49,Female,174,70.8,24.3,Moderate,advanced,Muscle Gain,4,Non-Vegetarian,4090,113,522,70,Push Pull Legs
28,Male,169,95.6,14.0,High,advanced,Maintenance,5,Vegetarian,3137,107,410,71,Upper Lower
37,Male,175,51.2,8.6,Very High,advanced,Fat Loss,5,Vegan,1387,96,462,99,Push Pull Legs
45,Male,173,49.9,18.8,Very High,beginner,Maintenance,3,Vegan,2164,151,542,80,Upper Lower
54,Female,152,47.4,25.0,Very High,beginner,Maintenance,3,Vegetarian,2811,96,629,80,Push Pull Legs
21,Female,192,105.7,15.8,Moderate,intermediate,Maintenance,3,Vegetarian,2580,125,158,51,Upper Lower + Full Body
29,Female,159,89.7,9.6,Very High,intermediate,Maintenance,3,Vegetarian,3320,102,268,47,Full Body
54,Female,172,82.4,39.3,Moderate,advanced,Fat Loss,5,Vegetarian,2544,178,569,49,Push Pull Legs + Accessories
39,Female,170,104.1,16.0,Low,beginner,Muscle Gain,3,Vegan,3926,198,120,61,Upper Lower
33,Male,159,90.1,15.4,Light,intermediate,Muscle Gain,5,Non-Vegetarian,2496,160,279,44,Push Pull Legs + Accessories
22,Female,169,99.2,44.5,Low,beginner,Muscle Gain,5,Non-Vegetarian,4042,122,508,49,Push Pull Legs
33,Female,180,45.9,12.5,Light,advanced,Maintenance,5,Vegetarian,2118,136,453,85,Push Pull Legs + Accessories
23,Male,162,88.2,13.6,Light,beginner,Fat Loss,5,Vegetarian,1822,180,510,83,Push Pull Legs + Accessories
25,Male,162,104.9,37.8,Light,beginner,Maintenance,4,Vegan,2265,123,134,84,Push Pull Legs
36,Male,176,92.3,33.7,Low,intermediate,Maintenance,5,Non-Vegetarian,2625,137,345,60,Push Pull Legs + Accessories
19,Male,180,64.3,12.0,Light,advanced,Fat Loss,5,Vegetarian,1732,178,370,89,Upper Lower + Full Body
22,Female,178,67.8,26.6,Low,intermediate,Maintenance,6,Non-Vegetarian,2796,108,464,76,Full Body
50,Male,177,81.3,43.9,High,beginner,Fat Loss,4,Vegan,1997,156,618,35,Full Body
48,Male,163,47.7,35.3,Low,intermediate,Fat Loss,5,Vegan,2383,130,515,66,Push Pull Legs + Accessories
43,Female,178,57.6,41.8,Light,advanced,Recomposition,4,Vegan,2663,140,372,61,Upper Lower + Full Body
39,Female,169,76.8,12.4,Low,beginner,Muscle Gain,5,Vegetarian,3468,177,315,64,Upper Lower + Full Body
28,Female,178,109.1,26.9,Light,advanced,Muscle Gain,5,Non-Vegetarian,3507,195,511,36,Full Body
29,Male,185,87.8,18.4,High,intermediate,Muscle Gain,6,Non-Vegetarian,2322,126,365,78,Push Pull Legs + Accessories
55,Male,159,62.4,35.6,Light,beginner,Maintenance,3,Non-Vegetarian,2818,156,439,62,Upper Lower + Full Body
55,Male,164,88.3,38.2,Very High,intermediate,Muscle Gain,6,Vegan,2593,154,321,53,Upper Lower
26,Male,187,64.2,42.1,Very High,advanced,Recomposition,5,Non-Vegetarian,2125,136,549,36,Upper Lower
52,Male,176,77.8,38.5,Moderate,advanced,Fat Loss,6,Vegan,2522,129,648,49,Upper Lower
36,Female,170,108.1,18.5,Light,intermediate,Recomposition,3,Vegan,3101,134,202,50,Upper Lower + Full Body
25,Female,164,71.0,19.5,High,intermediate,Fat Loss,3,Vegetarian,2410,154,410,74,Push Pull Legs
34,Male,178,95.7,8.1,Light,beginner,Muscle Gain,6,Vegetarian,3932,183,266,80,Upper Lower + Full Body
51,Male,166,89.7,41.9,Light,intermediate,Muscle Gain,3,Non-Vegetarian,3479,141,213,57,Upper Lower + Full Body
25,Female,160,52.1,38.6,High,intermediate,Maintenance,6,Non-Vegetarian,2567,119,520,78,Push Pull Legs
48,Male,151,64.7,9.6,Light,beginner,Recomposition,3,Vegan,3009,110,491,37,Push Pull Legs + Accessories
25,Male,158,45.5,42.4,Moderate,advanced,Muscle Gain,4,Vegan,3820,179,458,45,Upper Lower + Full Body
29,Female,194,62.2,13.5,Low,intermediate,Maintenance,6,Vegetarian,2177,136,184,100,Upper Lower + Full Body
40,Female,160,100.2,30.2,Very High,intermediate,Recomposition,3,Vegetarian,2347,170,410,80,Upper Lower + Full Body
38,Female,168,53.8,39.1,Moderate,intermediate,Recomposition,4,Vegan,1826,113,636,86,Push Pull Legs + Accessories
33,Male,191,68.8,40.0,Light,intermediate,Muscle Gain,6,Vegan,2882,118,331,41,Push Pull Legs
46,Male,155,84.5,39.8,Moderate,intermediate,Recomposition,6,Vegetarian,1871,166,503,50,Push Pull Legs + Accessories
26,Female,154,101.9,33.6,High,intermediate,Recomposition,4,Non-Vegetarian,2178,152,172,65,Push Pull Legs
44,Male,175,60.8,39.8,High,advanced,Muscle Gain,4,Non-Vegetarian,4094,158,239,93,Full Body
19,Female,171,59.7,36.3,Very High,advanced,Recomposition,5,Vegan,2267,113,310,99,Upper Lower + Full Body
42,Female,157,74.0,25.1,High,beginner,Muscle Gain,4,Non-Vegetarian,2368,100,502,57,Upper Lower + Full Body
19,Female,165,69.2,25.6,Very High,advanced,Maintenance,6,Non-Vegetarian,2393,91,140,96,Push Pull Legs
35,Female,192,109.8,9.9,High,advanced,Muscle Gain,4,Vegan,3312,129,414,88,Push Pull Legs
38,Male,171,85.7,14.7,Moderate,advanced,Muscle Gain,4,Non-Vegetarian,2755,106,236,81,Upper Lower + Full Body
25,Male,164,105.1,41.1,Light,advanced,Maintenance,4,Vegetarian,1852,145,451,50,Full Body
27,Male,163,62.1,37.3,Low,advanced,Recomposition,3,Vegan,2583,99,342,97,Push Pull Legs + Accessories
47,Female,150,87.7,28.7,Low,intermediate,Muscle Gain,6,Vegetarian,3406,191,181,88,Full Body
40,Male,156,50.7,16.5,Very High,advanced,Maintenance,3,Vegan,3226,102,420,70,Push Pull Legs
19,Female,167,58.1,27.1,Very High,beginner,Maintenance,4,Vegetarian,2630,114,269,72,Push Pull Legs + Accessories
40,Male,192,68.3,13.7,Low,beginner,Fat Loss,5,Vegetarian,1901,160,226,52,Push Pull Legs + Accessories
42,Male,173,80.1,16.1,Light,intermediate,Fat Loss,4,Vegan,2562,142,632,76,Push Pull Legs + Accessories
44,Male,189,62.4,36.0,Very High,advanced,Maintenance,6,Vegetarian,2943,117,202,82,Push Pull Legs + Accessories
39,Female,186,51.7,43.7,Light,advanced,Maintenance,5,Vegan,3285,167,381,62,Push Pull Legs
53,Female,169,66.4,39.7,Very High,intermediate,Maintenance,3,Vegan,3349,111,359,42,Push Pull Legs + Accessories
25,Female,169,87.6,38.5,Low,advanced,Fat Loss,6,Vegetarian,1453,99,639,66,Push Pull Legs + Accessories
22,Female,152,78.2,37.0,Very High,advanced,Muscle Gain,4,Non-Vegetarian,4162,107,235,49,Push Pull Legs
47,Female,150,78.1,31.8,Moderate,advanced,Maintenance,5,Non-Vegetarian,2171,107,477,86,Push Pull Legs + Accessories
23,Male,194,49.2,33.2,Moderate,beginner,Muscle Gain,3,Vegan,3116,146,255,86,Full Body
22,Male,176,67.2,11.3,High,beginner,Muscle Gain,3,Vegetarian,4183,165,602,88,Full Body
37,Male,165,74.8,24.5,Light,beginner,Maintenance,5,Non-Vegetarian,3315,164,314,45,Full Body
40,Male,168,79.9,10.7,Low,advanced,Recomposition,4,Vegetarian,2549,143,193,40,Upper Lower
48,Female,178,61.1,11.6,Light,intermediate,Fat Loss,6,Vegan,1952,164,344,61,Full Body
25,Female,194,109.5,32.7,Moderate,advanced,Maintenance,3,Vegan,1740,153,391,90,Push Pull Legs + Accessories
32,Male,187,74.8,31.0,Very High,advanced,Muscle Gain,3,Vegan,4067,118,218,41,Push Pull Legs + Accessories
20,Female,170,88.3,36.4,Moderate,intermediate,Recomposition,3,Non-Vegetarian,1895,137,348,91,Push Pull Legs + Accessories
55,Female,195,109.9,25.7,Light,beginner,Maintenance,5,Vegan,2503,138,150,97,Push Pull Legs
53,Male,190,75.5,43.3,High,beginner,Fat Loss,3,Non-Vegetarian,2233,104,279,49,Push Pull Legs + Accessories
29,Female,188,70.0,41.2,Very High,advanced,Fat Loss,6,Vegetarian,1842,111,180,68,Upper Lower
52,Female,170,93.0,18.8,High,beginner,Recomposition,5,Vegan,2839,167,364,53,Push Pull Legs
32,Male,162,92.7,42.1,Moderate,beginner,Muscle Gain,6,Vegan,3332,126,426,79,Push Pull Legs + Accessories
40,Female,150,63.4,23.3,Moderate,beginner,Maintenance,5,Vegetarian,2528,117,213,89,Push Pull Legs + Accessories
24,Female,181,48.6,10.3,Light,intermediate,Muscle Gain,5,Non-Vegetarian,3088,202,248,49,Upper Lower
45,Male,193,70.7,21.9,Very High,beginner,Maintenance,6,Vegan,1713,106,219,98,Push Pull Legs
46,Male,159,62.9,43.2,High,intermediate,Fat Loss,3,Vegan,2210,149,269,54,Push Pull Legs + Accessories
43,Female,178,59.7,30.9,Very High,advanced,Recomposition,3,Vegetarian,3108,131,156,40,Upper Lower + Full Body
53,Female,170,94.3,29.3,Moderate,advanced,Recomposition,5,Vegetarian,2494,153,292,49,Upper Lower
22,Female,188,107.1,19.8,High,beginner,Recomposition,3,Vegan,2458,150,181,90,Upper Lower + Full Body
48,Male,158,102.3,44.9,High,intermediate,Maintenance,5,Non-Vegetarian,1860,121,344,52,Full Body
55,Male,195,71.5,17.4,Low,beginner,Muscle Gain,3,Non-Vegetarian,2990,149,267,82,Push Pull Legs + Accessories
39,Male,165,106.9,31.8,Very High,advanced,Fat Loss,3,Non-Vegetarian,2439,100,631,83,Upper Lower
18,Female,167,105.0,22.0,Low,beginner,Muscle Gain,6,Vegan,2266,173,475,99,Push Pull Legs
23,Female,183,84.8,34.5,Very High,advanced,Recomposition,5,Vegetarian,2476,139,235,73,Full Body
22,Male,185,49.7,25.7,Moderate,beginner,Fat Loss,6,Non-Vegetarian,1715,139,196,57,Full Body
36,Male,160,94.3,32.4,High,beginner,Muscle Gain,4,Non-Vegetarian,2259,141,283,43,Upper Lower
33,Male,163,80.5,15.7,Low,advanced,Recomposition,3,Vegetarian,2930,110,637,91,Upper Lower + Full Body
47,Female,164,75.4,43.9,Moderate,intermediate,Maintenance,3,Vegetarian,2826,165,435,82,Upper Lower
48,Male,158,107.9,20.5,Moderate,advanced,Muscle Gain,4,Non-Vegetarian,3578,133,426,45,Upper Lower
19,Male,187,78.3,40.8,Moderate,advanced,Maintenance,5,Vegetarian,3162,107,503,76,Full Body
26,Female,160,78.1,44.9,Low,intermediate,Muscle Gain,4,Non-Vegetarian,2830,118,479,75,Upper Lower + Full Body
24,Female,165,58.7,15.0,Light,beginner,Maintenance,6,Vegetarian,3352,170,352,48,Push Pull Legs
33,Male,181,54.1,15.6,High,intermediate,Muscle Gain,4,Vegan,2510,127,499,57,Upper Lower
25,Male,154,51.7,29.7,Very High,advanced,Fat Loss,3,Vegan,2287,164,338,63,Upper Lower
22,Male,162,78.6,32.0,Low,advanced,Recomposition,3,Vegetarian,1636,155,276,87,Upper Lower + Full Body
52,Male,157,62.3,15.5,Moderate,advanced,Recomposition,4,Vegan,2108,137,637,36,Full Body
49,Female,192,106.8,29.9,Very High,beginner,Recomposition,6,Vegan,2613,162,172,57,Full Body
44,Female,166,62.8,42.3,Moderate,advanced,Recomposition,5,Vegan,2159,93,310,95,Push Pull Legs
54,Male,152,97.5,41.6,Moderate,beginner,Fat Loss,5,Vegan,2493,160,157,46,Full Body
42,Female,184,82.5,36.7,Light,intermediate,Fat Loss,3,Non-Vegetarian,2575,140,485,100,Push Pull Legs + Accessories
51,Female,156,62.8,36.9,Moderate,advanced,Maintenance,5,Non-Vegetarian,2364,120,551,93,Upper Lower + Full Body
29,Male,176,57.4,17.6,High,beginner,Muscle Gain,3,Non-Vegetarian,3471,206,506,87,Push Pull Legs
37,Female,192,72.6,21.8,Moderate,advanced,Muscle Gain,5,Non-Vegetarian,2503,106,614,40,Push Pull Legs + Accessories
24,Male,166,101.5,42.7,Light,advanced,Fat Loss,5,Vegan,2155,91,506,79,Upper Lower + Full Body
40,Female,161,56.6,36.1,Moderate,beginner,Maintenance,5,Vegetarian,2590,92,397,100,Full Body
22,Female,184,52.1,18.5,High,advanced,Maintenance,6,Non-Vegetarian,2771,106,562,62,Push Pull Legs + Accessories
20,Male,182,82.8,25.6,Light,advanced,Muscle Gain,4,Non-Vegetarian,3454,178,155,94,Push Pull Legs + Accessories
45,Female,178,97.6,17.3,Light,intermediate,Muscle Gain,6,Vegetarian,3312,143,465,38,Push Pull Legs
31,Male,162,98.0,42.9,Moderate,beginner,Muscle Gain,6,Vegan,2549,187,618,71,Upper Lower + Full Body
32,Female,156,77.6,26.7,Light,advanced,Maintenance,3,Vegetarian,2501,105,169,50,Full Body
27,Female,174,58.5,14.3,Low,beginner,Recomposition,5,Non-Vegetarian,2570,155,408,88,Upper Lower
41,Male,168,53.7,35.7,Low,beginner,Recomposition,6,Vegan,1954,150,288,86,Upper Lower
20,Female,155,95.7,28.2,Moderate,advanced,Recomposition,6,Vegan,2124,103,196,99,Upper Lower
23,Female,191,68.1,41.4,Low,beginner,Muscle Gain,5,Vegan,2694,194,263,94,Push Pull Legs + Accessories
35,Male,163,96.7,17.7,Light,intermediate,Recomposition,3,Vegan,3018,157,531,60,Full Body
48,Female,164,99.5,18.6,High,beginner,Maintenance,6,Vegetarian,2618,123,586,60,Push Pull Legs
46,Male,154,53.3,15.0,High,advanced,Muscle Gain,4,Vegan,2440,142,483,69,Upper Lower
46,Male,165,83.3,29.9,High,advanced,Muscle Gain,5,Vegan,2421,132,464,87,Push Pull Legs
43,Male,167,57.7,17.0,Very High,beginner,Recomposition,4,Vegetarian,2635,148,582,76,Full Body
50,Female,168,47.4,8.6,Light,beginner,Muscle Gain,6,Vegan,4129,166,461,93,Push Pull Legs + Accessories
22,Male,193,82.1,34.5,High,advanced,Recomposition,4,Vegan,2759,113,625,59,Push Pull Legs + Accessories
49,Male,187,78.7,9.5,Very High,intermediate,Fat Loss,3,Non-Vegetarian,2480,155,360,66,Upper Lower + Full Body
18,Male,156,103.8,15.0,Light,intermediate,Muscle Gain,4,Vegetarian,3369,201,273,83,Full Body
48,Female,168,101.9,42.3,High,advanced,Fat Loss,4,Vegetarian,1973,92,494,74,Push Pull Legs + Accessories
51,Female,183,98.9,18.7,Very High,beginner,Maintenance,5,Non-Vegetarian,2681,126,305,35,Push Pull Legs
52,Male,186,92.8,16.3,Light,advanced,Recomposition,3,Non-Vegetarian,1959,180,411,59,Upper Lower + Full Body
25,Male,165,104.2,25.1,Light,advanced,Maintenance,4,Vegan,2830,127,152,86,Upper Lower + Full Body
38,Female,181,59.5,33.4,Moderate,beginner,Recomposition,5,Vegetarian,1960,109,132,97,Upper Lower
38,Male,186,89.2,31.4,Low,intermediate,Recomposition,3,Vegetarian,1976,109,395,98,Push Pull Legs
28,Male,191,104.9,33.5,Light,advanced,Fat Loss,6,Vegan,1334,97,517,74,Push Pull Legs
35,Female,159,82.2,16.5,Moderate,intermediate,Maintenance,3,Non-Vegetarian,2984,165,313,57,Push Pull Legs
51,Male,158,87.8,37.6,Moderate,intermediate,Muscle Gain,4,Vegetarian,3570,207,223,35,Upper Lower + Full Body
38,Female,192,97.6,10.0,Low,advanced,Fat Loss,6,Non-Vegetarian,1303,138,400,47,Full Body
25,Male,182,53.9,14.3,Low,beginner,Fat Loss,5,Vegetarian,1459,93,250,66,Upper Lower
28,Male,157,59.1,29.4,Light,advanced,Maintenance,3,Non-Vegetarian,2082,153,359,75,Push Pull Legs
26,Male,156,91.4,36.9,Very High,beginner,Recomposition,3,Vegetarian,3013,100,467,63,Upper Lower
18,Male,171,84.7,26.6,Moderate,advanced,Fat Loss,3,Non-Vegetarian,1805,171,451,50,Upper Lower + Full Body
25,Female,189,100.8,25.3,Very High,advanced,Muscle Gain,6,Non-Vegetarian,2989,102,228,48,Push Pull Legs
35,Female,163,92.6,38.1,High,beginner,Muscle Gain,5,Vegetarian,2005,138,260,38,Push Pull Legs + Accessories
40,Female,174,106.9,32.0,Low,advanced,Muscle Gain,4,Vegan,2722,190,626,59,Push Pull Legs + Accessories
27,Female,191,89.8,28.8,Light,advanced,Recomposition,4,Non-Vegetarian,2906,179,249,41,Full Body
40,Female,176,89.7,25.2,Low,intermediate,Recomposition,3,Vegetarian,2550,168,438,69,Push Pull Legs
32,Male,151,67.6,29.3,Light,intermediate,Fat Loss,4,Vegan,1638,129,585,40,Push Pull Legs + Accessories
19,Male,175,81.1,40.1,Very High,intermediate,Recomposition,3,Vegan,1974,97,259,53,Upper Lower + Full Body
36,Female,152,62.4,13.2,Low,intermediate,Recomposition,5,Non-Vegetarian,3004,97,222,75,Push Pull Legs + Accessories
28,Male,171,96.8,17.7,Low,advanced,Muscle Gain,6,Vegetarian,3189,142,310,91,Upper Lower + Full Body
36,Male,180,108.4,20.6,High,intermediate,Recomposition,3,Non-Vegetarian,1898,164,246,56,Push Pull Legs + Accessories
38,Male,165,59.5,43.3,Moderate,beginner,Fat Loss,5,Vegetarian,1342,168,261,88,Upper Lower + Full Body
50,Female,182,87.4,15.7,Low,advanced,Fat Loss,3,Vegan,1998,178,276,40,Full Body
34,Female,171,84.9,8.4,Light,intermediate,Maintenance,3,Non-Vegetarian,2800,135,567,80,Upper Lower + Full Body
23,Female,187,98.0,35.6,Light,advanced,Maintenance,3,Non-Vegetarian,2307,128,263,37,Upper Lower + Full Body
35,Female,170,68.7,42.8,Low,beginner,Fat Loss,3,Vegetarian,2227,179,411,72,Full Body
29,Male,182,60.4,31.1,Very High,intermediate,Recomposition,5,Vegetarian,2497,166,540,63,Push Pull Legs
38,Female,191,67.2,29.0,Moderate,intermediate,Recomposition,5,Vegetarian,2489,115,292,99,Push Pull Legs
39,Male,186,94.3,20.9,Light,beginner,Muscle Gain,5,Non-Vegetarian,2652,131,227,45,Push Pull Legs + Accessories
41,Female,173,70.4,41.0,High,beginner,Muscle Gain,3,Vegan,3209,205,317,60,Full Body
23,Male,172,70.8,18.9,High,advanced,Maintenance,5,Vegan,2526,162,412,46,Full Body
46,Female,163,67.1,43.3,Light,advanced,Fat Loss,6,Vegetarian,2054,150,588,68,Push Pull Legs
25,Female,177,104.8,21.5,High,intermediate,Recomposition,6,Non-Vegetarian,1627,140,337,66,Push Pull Legs + Accessories
39,Female,182,70.5,24.6,Low,beginner,Recomposition,6,Non-Vegetarian,2768,139,350,58,Full Body
27,Female,164,65.2,15.4,Very High,beginner,Maintenance,3,Non-Vegetarian,2551,113,331,98,Upper Lower + Full Body
46,Female,178,86.0,10.6,Light,beginner,Fat Loss,6,Vegan,1414,104,174,95,Upper Lower + Full Body
48,Female,174,95.2,9.7,Light,intermediate,Maintenance,3,Vegetarian,2372,160,222,89,Full Body
52,Female,190,104.2,10.0,High,beginner,Maintenance,6,Non-Vegetarian,2835,153,505,35,Upper Lower + Full Body
46,Female,175,64.9,37.6,Low,beginner,Recomposition,4,Vegan,1946,126,253,90,Push Pull Legs + Accessories
27,Male,181,51.4,31.0,Light,beginner,Recomposition,4,Non-Vegetarian,2393,133,565,88,Push Pull Legs + Accessories
21,Male,174,104.3,36.7,Low,intermediate,Fat Loss,6,Vegan,2313,110,319,87,Full Body
44,Female,154,106.3,25.0,High,intermediate,Maintenance,6,Vegan,1942,143,381,38,Upper Lower
43,Male,157,106.5,32.4,Light,beginner,Maintenance,5,Non-Vegetarian,3188,147,298,69,Full Body
47,Male,177,62.6,34.6,Light,intermediate,Muscle Gain,5,Vegan,2299,103,468,96,Upper Lower + Full Body
53,Male,165,58.2,31.6,Low,intermediate,Muscle Gain,4,Vegan,2978,195,238,79,Push Pull Legs + Accessories
48,Female,150,67.1,38.5,Low,advanced,Maintenance,3,Vegan,2796,115,514,42,Push Pull Legs + Accessories
29,Female,169,109.6,28.3,Very High,intermediate,Recomposition,3,Vegetarian,1687,114,133,91,Full Body
31,Female,185,90.0,36.3,Moderate,beginner,Maintenance,5,Vegetarian,2496,99,525,86,Push Pull Legs
18,Male,175,58.1,18.5,Moderate,beginner,Recomposition,3,Vegan,3140,91,417,100,Push Pull Legs
38,Male,191,76.1,17.7,Very High,advanced,Recomposition,5,Vegan,3050,122,174,56,Full Body
50,Male,179,49.3,16.0,Very High,advanced,Fat Loss,6,Vegan,1770,133,408,68,Full Body
52,Female,189,46.5,39.8,High,beginner,Muscle Gain,3,Vegan,3320,116,525,44,Full Body
46,Female,190,78.6,38.7,Moderate,advanced,Recomposition,6,Vegetarian,2489,117,168,80,Push Pull Legs
51,Male,155,71.7,38.7,Very High,advanced,Recomposition,4,Vegetarian,2543,121,321,60,Upper Lower + Full Body
43,Female,185,85.9,22.6,Moderate,intermediate,Muscle Gain,3,Vegetarian,3348,186,154,66,Full Body
25,Male,177,55.0,14.6,Moderate,intermediate,Fat Loss,3,Vegetarian,1836,114,365,82,Push Pull Legs + Accessories
29,Male,151,102.8,19.9,Moderate,advanced,Fat Loss,3,Vegetarian,2395,144,122,83,Upper Lower + Full Body
51,Male,189,74.3,12.9,Very High,intermediate,Muscle Gain,4,Non-Vegetarian,3515,151,437,76,Upper Lower
21,Male,180,70.9,29.6,Low,intermediate,Muscle Gain,3,Vegan,3579,105,566,94,Full Body
32,Female,191,104.2,44.4,Very High,beginner,Maintenance,5,Vegan,2709,99,536,49,Full Body
31,Female,165,70.3,23.1,Low,beginner,Muscle Gain,4,Vegan,2670,127,191,58,Upper Lower
32,Male,175,77.3,23.8,Moderate,intermediate,Fat Loss,3,Vegan,1476,142,163,60,Full Body
31,Male,167,108.0,9.6,Light,advanced,Maintenance,3,Non-Vegetarian,1979,127,458,47,Push Pull Legs
51,Female,185,92.8,29.6,Low,beginner,Maintenance,4,Vegan,2473,153,474,92,Upper Lower
34,Male,174,69.6,42.2,High,intermediate,Recomposition,4,Vegan,2025,96,146,97,Upper Lower
18,Female,165,103.5,43.4,High,intermediate,Recomposition,5,Vegetarian,2639,174,469,37,Upper Lower + Full Body
41,Male,193,74.3,18.5,Moderate,intermediate,Maintenance,4,Vegan,2203,137,644,96,Full Body
24,Male,153,82.8,16.6,Very High,beginner,Maintenance,5,Vegan,3309,148,390,100,Upper Lower + Full Body
18,Male,157,78.9,38.7,Low,advanced,Muscle Gain,6,Non-Vegetarian,2901,173,354,81,Push Pull Legs + Accessories
45,Female,150,107.2,39.9,Moderate,beginner,Recomposition,3,Vegan,2654,120,541,77,Full Body
30,Female,193,93.8,36.9,Very High,advanced,Muscle Gain,5,Vegetarian,3683,129,377,91,Push Pull Legs
49,Female,182,47.6,36.9,High,advanced,Muscle Gain,5,Vegan,3269,132,476,51,Upper Lower + Full Body
41,Male,182,57.1,17.7,Low,intermediate,Muscle Gain,6,Non-Vegetarian,3336,173,297,47,Upper Lower + Full Body
24,Male,195,47.6,27.3,High,intermediate,Recomposition,5,Non-Vegetarian,1734,160,406,45,Push Pull Legs + Accessories
49,Female,154,61.9,32.5,Very High,advanced,Recomposition,5,Vegan,3067,105,150,76,Push Pull Legs + Accessories
30,Female,158,71.8,14.6,Moderate,intermediate,Fat Loss,3,Vegetarian,1996,177,624,88,Full Body
39,Male,180,80.9,23.5,High,beginner,Recomposition,3,Vegetarian,1897,102,233,56,Full Body
53,Female,177,50.3,40.6,High,advanced,Maintenance,5,Vegan,3155,102,476,43,Upper Lower + Full Body
50,Female,163,89.9,25.8,High,beginner,Muscle Gain,4,Vegetarian,3986,114,148,82,Upper Lower + Full Body
18,Female,160,57.8,33.5,Very High,beginner,Maintenance,6,Vegan,2202,109,622,58,Upper Lower
30,Female,194,104.1,26.1,Moderate,advanced,Muscle Gain,3,Non-Vegetarian,2548,144,519,92,Push Pull Legs
22,Female,157,62.4,41.6,High,intermediate,Recomposition,3,Non-Vegetarian,2014,104,443,60,Upper Lower + Full Body
43,Male,159,87.3,41.4,Very High,intermediate,Muscle Gain,3,Vegan,2268,172,288,64,Full Body
20,Female,158,73.2,34.4,Low,advanced,Fat Loss,5,Vegan,2437,159,595,71,Upper Lower
37,Female,153,100.3,42.4,Very High,intermediate,Maintenance,4,Vegetarian,2313,168,491,67,Upper Lower + Full Body
50,Male,181,70.3,25.3,Moderate,intermediate,Recomposition,5,Vegetarian,3136,156,539,87,Upper Lower + Full Body
37,Male,171,109.9,15.9,Very High,beginner,Maintenance,3,Vegetarian,3221,115,620,61,Upper Lower
43,Male,192,64.7,9.9,Low,advanced,Maintenance,5,Non-Vegetarian,2851,163,181,53,Push Pull Legs
26,Female,179,60.2,30.6,Low,advanced,Fat Loss,3,Non-Vegetarian,2275,175,639,89,Full Body
51,Female,160,81.6,24.0,Light,beginner,Maintenance,4,Vegan,2745,147,148,39,Push Pull Legs
42,Male,160,109.3,23.8,Moderate,beginner,Muscle Gain,4,Vegetarian,3444,151,277,67,Full Body
47,Male,176,97.0,39.0,Light,advanced,Muscle Gain,6,Non-Vegetarian,3434,133,495,88,Push Pull Legs + Accessories
21,Female,162,73.6,9.8,Low,beginner,Muscle Gain,5,Vegan,3495,161,481,64,Upper Lower + Full Body
39,Male,194,74.5,17.4,Light,intermediate,Muscle Gain,3,Non-Vegetarian,2293,207,478,86,Upper Lower + Full Body
22,Male,195,91.8,39.2,Very High,beginner,Recomposition,5,Vegan,3159,101,488,50,Upper Lower + Full Body
26,Female,165,84.1,25.3,Moderate,beginner,Recomposition,3,Vegan,2345,151,200,79,Push Pull Legs + Accessories
24,Male,150,106.9,38.7,Moderate,intermediate,Muscle Gain,5,Vegetarian,3778,183,456,90,Upper Lower + Full Body
55,Female,152,97.6,15.2,High,beginner,Recomposition,3,Non-Vegetarian,2466,116,204,41,Upper Lower
36,Female,161,59.1,37.5,Very High,beginner,Recomposition,6,Vegetarian,2085,104,401,95,Push Pull Legs
27,Male,175,89.6,35.7,High,advanced,Fat Loss,4,Non-Vegetarian,2094,165,286,64,Push Pull Legs + Accessories
21,Male,156,109.5,16.6,Light,beginner,Maintenance,6,Non-Vegetarian,2169,93,270,99,Push Pull Legs + Accessories
50,Male,157,50.3,8.7,Low,advanced,Recomposition,5,Vegetarian,2346,165,190,59,Full Body
45,Male,165,77.4,40.8,Moderate,intermediate,Fat Loss,5,Non-Vegetarian,2569,105,630,49,Upper Lower
54,Male,157,96.2,13.5,Light,advanced,Fat Loss,4,Vegan,1674,180,588,75,Full Body
31,Male,183,75.7,21.8,Moderate,intermediate,Maintenance,3,Non-Vegetarian,3111,128,617,76,Full Body
29,Male,168,108.7,42.1,High,advanced,Muscle Gain,6,Vegetarian,2647,192,426,50,Full Body
18,Male,194,75.5,11.6,Very High,intermediate,Recomposition,6,Non-Vegetarian,3114,116,511,36,Push Pull Legs
38,Female,169,67.2,30.4,Light,intermediate,Maintenance,4,Non-Vegetarian,2139,148,332,56,Push Pull Legs + Accessories
30,Female,178,54.6,19.6,Very High,intermediate,Muscle Gain,4,Vegetarian,3546,175,442,44,Full Body
44,Male,188,55.5,40.4,Low,advanced,Muscle Gain,4,Non-Vegetarian,4092,147,361,74,Push Pull Legs
49,Male,151,78.0,29.3,Light,advanced,Recomposition,3,Non-Vegetarian,2958,123,155,44,Upper Lower
35,Female,185,82.4,38.8,Very High,beginner,Recomposition,4,Non-Vegetarian,2378,167,249,68,Push Pull Legs + Accessories
18,Male,171,91.8,29.1,Very High,advanced,Fat Loss,3,Vegan,1347,127,427,97,Upper Lower + Full Body
19,Female,170,47.5,35.4,Moderate,beginner,Maintenance,5,Vegan,1726,142,182,66,Full Body
28,Female,179,108.6,41.0,Low,beginner,Maintenance,3,Vegetarian,3278,166,221,97,Push Pull Legs
33,Female,178,54.7,40.8,High,intermediate,Maintenance,3,Vegan,2959,161,438,95,Upper Lower + Full Body
41,Female,192,58.8,37.0,Low,intermediate,Maintenance,5,Vegan,1831,143,426,62,Upper Lower
51,Male,184,60.3,39.2,High,beginner,Muscle Gain,6,Non-Vegetarian,2430,208,545,52,Upper Lower + Full Body
40,Female,181,105.3,29.7,Very High,advanced,Recomposition,4,Vegan,3185,177,318,41,Push Pull Legs + Accessories
40,Female,180,98.9,23.1,Low,intermediate,Maintenance,5,Vegetarian,3222,115,126,39,Upper Lower + Full Body
28,Male,160,46.4,18.8,Light,beginner,Recomposition,6,Non-Vegetarian,1952,168,633,65,Push Pull Legs + Accessories
55,Male,190,64.8,11.0,Low,beginner,Fat Loss,6,Vegetarian,2346,177,124,57,Push Pull Legs + Accessories
27,Female,185,48.5,10.8,Low,advanced,Fat Loss,4,Vegan,2182,130,207,91,Push Pull Legs + Accessories
55,Male,191,87.0,20.8,Very High,beginner,Recomposition,4,Non-Vegetarian,2687,103,250,63,Push Pull Legs
32,Female,159,99.7,13.1,Low,beginner,Muscle Gain,3,Vegan,2438,123,370,37,Push Pull Legs + Accessories
51,Male,183,106.0,42.5,Low,beginner,Fat Loss,4,Vegetarian,1578,123,323,88,Full Body
24,Male,153,50.0,24.4,Moderate,intermediate,Fat Loss,3,Vegan,2012,180,172,39,Upper Lower + Full Body
22,Male,188,85.9,25.1,Moderate,advanced,Muscle Gain,5,Vegan,2505,110,184,76,Push Pull Legs
24,Female,160,98.7,34.8,Moderate,beginner,Muscle Gain,3,Vegetarian,4063,158,459,42,Upper Lower + Full Body
43,Male,179,97.1,15.2,Low,advanced,Recomposition,4,Vegan,1616,146,216,71,Upper Lower + Full Body
49,Male,156,84.0,9.2,Moderate,beginner,Maintenance,3,Non-Vegetarian,2481,158,633,50,Push Pull Legs + Accessories
44,Female,154,47.7,20.9,Light,intermediate,Fat Loss,5,Vegan,1433,110,598,77,Upper Lower
29,Female,169,105.0,25.5,Very High,advanced,Muscle Gain,5,Vegetarian,2940,187,317,74,Push Pull Legs + Accessories
18,Female,186,100.3,41.1,Very High,beginner,Maintenance,6,Vegetarian,3024,138,396,39,Full Body
50,Female,185,49.7,28.2,Moderate,intermediate,Recomposition,3,Non-Vegetarian,1647,146,582,81,Push Pull Legs + Accessories
45,Female,158,109.1,25.1,Low,advanced,Recomposition,3,Vegetarian,2183,112,153,66,Push Pull Legs
31,Female,195,92.7,16.7,High,advanced,Fat Loss,3,Non-Vegetarian,2575,149,141,36,Push Pull Legs + Accessories
25,Female,177,84.3,10.3,Very High,intermediate,Fat Loss,5,Vegan,2255,131,442,42,Push Pull Legs + Accessories
51,Female,156,61.8,42.3,Light,advanced,Maintenance,5,Non-Vegetarian,3226,167,292,86,Push Pull Legs + Accessories
44,Male,163,83.8,20.7,Very High,advanced,Muscle Gain,4,Vegan,2955,124,406,73,Push Pull Legs
39,Female,161,82.3,39.2,Very High,beginner,Recomposition,6,Non-Vegetarian,2988,148,211,59,Full Body
25,Female,175,46.5,11.0,Low,beginner,Fat Loss,6,Vegan,2211,98,602,94,Upper Lower + Full Body
54,Male,165,48.8,10.1,High,intermediate,Fat Loss,5,Vegan,1911,96,173,35,Push Pull Legs + Accessories
39,Male,151,83.1,36.5,High,advanced,Recomposition,6,Vegetarian,2284,90,546,38,Upper Lower
41,Female,160,101.0,27.3,Very High,intermediate,Fat Loss,6,Vegan,2444,123,146,91,Push Pull Legs
25,Female,187,46.7,45.0,Low,intermediate,Muscle Gain,6,Non-Vegetarian,2559,124,630,91,Upper Lower
54,Male,150,66.4,16.3,Light,beginner,Muscle Gain,4,Non-Vegetarian,2509,208,557,71,Push Pull Legs + Accessories
34,Male,183,69.2,36.7,Low,beginner,Fat Loss,3,Vegetarian,2221,127,397,97,Push Pull Legs
42,Female,172,48.4,38.4,Low,intermediate,Muscle Gain,3,Non-Vegetarian,3051,171,647,63,Upper Lower + Full Body
45,Male,184,54.4,10.0,Light,beginner,Fat Loss,3,Non-Vegetarian,1593,141,297,41,Push Pull Legs + Accessories
48,Female,186,68.7,38.0,Moderate,advanced,Recomposition,3,Vegan,3149,154,563,92,Upper Lower
19,Female,151,73.4,30.0,Light,intermediate,Maintenance,6,Vegan,3017,164,387,53,Upper Lower
40,Male,156,52.2,40.4,Very High,beginner,Recomposition,4,Vegetarian,2067,132,589,44,Upper Lower + Full Body
55,Male,194,57.8,36.5,High,advanced,Muscle Gain,6,Non-Vegetarian,3476,164,639,45,Upper Lower + Full Body
47,Male,174,108.5,23.6,High,beginner,Fat Loss,5,Non-Vegetarian,1413,147,472,68,Upper Lower + Full Body
25,Male,192,76.1,27.8,High,intermediate,Muscle Gain,4,Non-Vegetarian,3119,139,332,70,Push Pull Legs
51,Male,183,66.8,44.1,Moderate,advanced,Muscle Gain,3,Vegan,3870,157,230,97,Full Body
42,Female,193,61.1,26.1,Low,beginner,Muscle Gain,6,Vegan,2826,120,182,36,Push Pull Legs + Accessories
53,Male,193,70.5,40.9,Light,intermediate,Muscle Gain,3,Vegetarian,2541,150,303,93,Upper Lower
34,Male,186,104.8,23.1,Very High,advanced,Fat Loss,5,Vegan,2312,150,510,40,Push Pull Legs
24,Male,151,91.4,27.7,High,beginner,Maintenance,5,Vegetarian,1862,105,441,98,Push Pull Legs
42,Male,171,53.7,40.1,Low,advanced,Muscle Gain,6,Vegan,3064,152,553,90,Full Body
41,Female,184,61.3,18.5,Very High,beginner,Muscle Gain,4,Non-Vegetarian,3093,174,582,59,Push Pull Legs + Accessories
41,Female,176,77.2,10.7,Low,advanced,Fat Loss,5,Vegan,2431,147,562,73,Push Pull Legs
40,Female,180,98.9,40.9,Light,beginner,Fat Loss,3,Vegan,2572,100,373,83,Upper Lower + Full Body
55,Male,194,102.6,14.2,Very High,beginner,Recomposition,6,Non-Vegetarian,3084,112,302,37,Push Pull Legs + Accessories
22,Male,163,106.5,9.0,Light,beginner,Recomposition,6,Vegan,3138,165,414,71,Upper Lower + Full Body
49,Male,185,58.4,25.6,Moderate,intermediate,Recomposition,4,Vegetarian,2193,132,582,49,Upper Lower + Full Body
41,Female,167,81.8,42.7,Very High,intermediate,Recomposition,4,Non-Vegetarian,3006,141,163,68,Push Pull Legs
52,Male,155,76.1,12.1,Low,intermediate,Maintenance,5,Non-Vegetarian,2079,161,312,83,Upper Lower
35,Male,181,47.6,8.4,Light,advanced,Maintenance,5,Vegan,3154,124,600,49,Upper Lower
20,Male,178,60.1,43.6,High,advanced,Muscle Gain,3,Non-Vegetarian,2742,134,264,66,Upper Lower + Full Body
46,Female,175,90.1,43.8,Light,beginner,Fat Loss,3,Vegan,2283,179,468,41,Full Body
25,Female,187,94.5,36.0,Moderate,advanced,Fat Loss,5,Non-Vegetarian,1905,177,238,43,Upper Lower + Full Body
32,Male,167,71.1,9.7,Low,intermediate,Muscle Gain,6,Vegan,2879,169,391,97,Upper Lower
19,Male,194,70.8,26.4,Low,advanced,Recomposition,4,Vegetarian,2751,137,157,51,Upper Lower
22,Female,175,61.1,9.7,Moderate,intermediate,Maintenance,5,Vegan,1741,104,607,79,Upper Lower
21,Female,194,108.9,10.7,Moderate,intermediate,Muscle Gain,5,Vegan,2975,141,580,49,Full Body
27,Male,180,106.2,8.9,Moderate,beginner,Fat Loss,6,Vegan,1576,174,364,56,Upper Lower + Full Body
27,Male,165,77.6,12.6,Low,advanced,Recomposition,5,Vegan,1692,97,627,67,Upper Lower
42,Male,160,79.9,34.9,Moderate,beginner,Fat Loss,4,Vegan,2296,139,162,62,Full Body
48,Female,158,83.5,18.1,Light,intermediate,Recomposition,4,Vegetarian,1922,144,413,96,Upper Lower
33,Male,164,64.8,16.7,High,beginner,Fat Loss,4,Vegetarian,1607,174,576,77,Push Pull Legs + Accessories
49,Male,191,102.8,45.0,Moderate,advanced,Fat Loss,5,Vegan,1857,175,193,93,Upper Lower
50,Male,194,50.4,37.3,Low,advanced,Fat Loss,5,Vegan,1591,125,232,56,Upper Lower + Full Body
32,Female,172,97.7,26.2,Light,beginner,Fat Loss,4,Vegetarian,2568,118,621,68,Upper Lower + Full Body
19,Male,188,56.5,16.5,High,intermediate,Maintenance,3,Non-Vegetarian,2415,133,396,74,Full Body
37,Female,159,96.0,30.2,High,beginner,Recomposition,4,Non-Vegetarian,2751,114,287,64,Upper Lower
52,Female,163,58.2,32.9,Moderate,advanced,Recomposition,4,Non-Vegetarian,2708,133,214,64,Upper Lower + Full Body
22,Male,156,101.2,44.1,Moderate,beginner,Muscle Gain,4,Non-Vegetarian,3033,144,510,83,Push Pull Legs + Accessories
46,Female,152,68.0,12.0,High,beginner,Maintenance,3,Vegan,2805,118,355,63,Upper Lower
43,Female,160,95.2,32.2,Moderate,intermediate,Muscle Gain,3,Vegetarian,3373,197,432,49,Push Pull Legs
34,Male,155,50.1,16.6,Light,advanced,Fat Loss,3,Vegan,2600,173,251,51,Push Pull Legs
47,Male,164,107.6,28.0,Light,beginner,Recomposition,3,Non-Vegetarian,2703,140,543,88,Upper Lower
48,Male,151,85.6,44.0,Moderate,advanced,Recomposition,4,Vegan,3134,168,641,92,Full Body
53,Female,156,82.5,31.1,Moderate,advanced,Muscle Gain,3,Vegetarian,2527,179,432,61,Upper Lower + Full Body
38,Male,150,98.0,17.1,High,intermediate,Fat Loss,4,Vegan,2095,167,416,99,Push Pull Legs + Accessories
26,Male,153,90.3,11.0,Light,advanced,Muscle Gain,6,Non-Vegetarian,2807,125,295,65,Upper Lower + Full Body
22,Female,156,88.0,22.0,Moderate,advanced,Muscle Gain,3,Non-Vegetarian,2381,195,514,72,Full Body
39,Female,188,101.9,15.1,High,intermediate,Recomposition,4,Non-Vegetarian,2797,92,173,36,Push Pull Legs
47,Female,150,57.9,13.9,Low,advanced,Muscle Gain,5,Vegan,2777,172,202,60,Full Body
33,Female,157,102.3,38.6,Moderate,beginner,Fat Loss,3,Vegetarian,2576,180,128,74,Full Body
50,Male,159,60.5,23.6,High,beginner,Muscle Gain,3,Vegan,4015,118,331,56,Push Pull Legs
24,Male,152,51.3,21.4,Low,beginner,Recomposition,3,Vegan,2827,152,647,73,Upper Lower + Full Body
19,Female,168,106.0,31.7,Low,advanced,Recomposition,6,Vegan,2430,144,366,48,Push Pull Legs
37,Male,171,58.1,30.1,Moderate,beginner,Fat Loss,4,Non-Vegetarian,1969,120,288,95,Push Pull Legs
48,Female,194,56.6,33.1,Low,intermediate,Recomposition,4,Vegetarian,2067,106,589,82,Push Pull Legs
37,Female,166,78.4,11.1,Moderate,advanced,Fat Loss,6,Vegetarian,1450,140,203,90,Upper Lower + Full Body
42,Female,164,92.8,42.3,Light,intermediate,Fat Loss,4,Vegan,1947,151,501,68,Upper Lower + Full Body
43,Male,163,84.0,24.4,Low,beginner,Fat Loss,3,Vegetarian,1594,162,449,91,Upper Lower + Full Body
29,Male,193,58.6,44.3,Moderate,advanced,Recomposition,4,Vegetarian,2160,108,254,64,Full Body
27,Male,176,64.6,8.6,Moderate,advanced,Maintenance,4,Vegetarian,1711,136,510,84,Full Body
46,Female,176,45.8,36.3,Low,advanced,Fat Loss,5,Vegetarian,2295,123,363,73,Upper Lower
19,Male,184,65.2,44.8,Very High,advanced,Fat Loss,3,Vegetarian,1505,145,541,68,Push Pull Legs + Accessories
51,Female,150,94.8,13.6,High,advanced,Recomposition,5,Vegan,2745,134,233,48,Push Pull Legs + Accessories
45,Female,157,54.6,26.2,High,advanced,Maintenance,6,Non-Vegetarian,2571,128,558,55,Push Pull Legs + Accessories
20,Female,161,80.8,13.9,High,advanced,Maintenance,6,Vegan,3241,125,307,77,Full Body
47,Female,174,60.8,18.9,High,advanced,Fat Loss,3,Vegetarian,1523,114,622,84,Upper Lower + Full Body
41,Male,160,108.1,35.4,Very High,beginner,Fat Loss,6,Vegetarian,1840,112,167,71,Push Pull Legs + Accessories
32,Female,170,55.3,32.2,Low,intermediate,Recomposition,4,Non-Vegetarian,2613,148,317,40,Push Pull Legs
21,Male,162,47.5,15.1,Low,intermediate,Recomposition,3,Vegan,1657,171,214,51,Push Pull Legs
30,Female,161,61.0,28.1,Low,advanced,Maintenance,5,Non-Vegetarian,1720,144,285,97,Push Pull Legs
21,Male,174,58.0,30.0,Moderate,intermediate,Maintenance,3,Non-Vegetarian,2496,147,510,69,Push Pull Legs + Accessories
20,Male,192,101.5,36.7,High,intermediate,Muscle Gain,6,Non-Vegetarian,2349,116,530,75,Full Body
30,Female,180,47.4,14.1,Low,intermediate,Muscle Gain,5,Vegetarian,2964,171,580,91,Upper Lower + Full Body
21,Female,151,45.4,27.6,Moderate,intermediate,Muscle Gain,6,Vegan,2840,203,468,95,Push Pull Legs + Accessories
31,Male,182,101.1,12.3,Light,intermediate,Maintenance,4,Vegan,2138,145,167,85,Upper Lower
31,Male,181,108.5,10.1,Low,advanced,Recomposition,3,Non-Vegetarian,2104,150,363,85,Push Pull Legs + Accessories
33,Male,155,73.2,30.5,High,intermediate,Muscle Gain,6,Vegan,2057,134,513,90,Push Pull Legs
39,Male,171,83.5,16.7,Low,advanced,Maintenance,4,Non-Vegetarian,2249,168,189,84,Push Pull Legs
20,Female,161,96.4,24.2,Very High,beginner,Recomposition,4,Vegetarian,2264,133,461,92,Full Body
34,Male,172,109.8,43.4,Low,advanced,Muscle Gain,6,Non-Vegetarian,2102,129,545,64,Full Body
55,Male,191,50.7,36.0,Low,intermediate,Fat Loss,3,Vegetarian,1704,121,506,60,Full Body
29,Female,184,47.0,32.6,Light,beginner,Recomposition,5,Non-Vegetarian,2146,137,642,47,Push Pull Legs + Accessories
55,Female,167,72.0,11.5,Moderate,beginner,Recomposition,3,Non-Vegetarian,2853,103,490,87,Push Pull Legs + Accessories
19,Female,190,76.6,38.6,Moderate,advanced,Muscle Gain,6,Vegan,2119,154,136,47,Upper Lower
46,Female,153,70.5,13.7,Very High,advanced,Fat Loss,4,Non-Vegetarian,2426,164,568,43,Full Body
21,Female,176,76.7,30.5,Moderate,beginner,Muscle Gain,3,Vegetarian,2463,186,581,92,Push Pull Legs + Accessories
46,Female,150,87.3,33.5,High,advanced,Muscle Gain,3,Non-Vegetarian,3397,150,191,53,Full Body
44,Female,158,66.6,44.9,Moderate,beginner,Fat Loss,5,Vegetarian,2164,107,633,38,Upper Lower
24,Female,167,56.6,13.6,Very High,advanced,Maintenance,6,Non-Vegetarian,2487,165,618,79,Push Pull Legs
45,Male,183,49.8,18.1,Very High,beginner,Maintenance,5,Vegan,2470,119,464,39,Push Pull Legs
46,Male,158,84.7,24.5,Moderate,beginner,Muscle Gain,4,Vegetarian,2739,178,161,79,Upper Lower + Full Body
22,Female,187,109.9,43.4,Light,intermediate,Fat Loss,3,Vegetarian,1917,164,381,89,Push Pull Legs
50,Female,154,91.8,13.9,Moderate,beginner,Muscle Gain,4,Vegan,3403,120,257,56,Upper Lower + Full Body
25,Male,154,65.2,14.9,Light,beginner,Muscle Gain,5,Non-Vegetarian,3978,204,582,36,Full Body
23,Male,195,105.6,8.6,Low,intermediate,Fat Loss,5,Non-Vegetarian,1800,180,290,100,Full Body
22,Female,158,99.2,32.6,Very High,beginner,Recomposition,5,Vegetarian,1757,90,568,72,Upper Lower + Full Body
34,Male,183,74.3,38.8,Light,intermediate,Fat Loss,3,Vegetarian,2497,111,173,47,Upper Lower + Full Body
21,Female,176,86.4,30.1,Very High,beginner,Fat Loss,4,Non-Vegetarian,1414,100,237,83,Upper Lower
23,Male,176,80.1,9.3,High,beginner,Fat Loss,3,Vegan,2249,136,152,93,Push Pull Legs + Accessories
22,Male,182,105.8,28.6,Low,intermediate,Recomposition,5,Vegan,1714,174,462,89,Full Body
32,Female,167,108.4,42.3,Low,beginner,Recomposition,6,Vegetarian,2443,98,585,52,Push Pull Legs + Accessories
38,Female,164,88.9,39.7,Moderate,intermediate,Fat Loss,3,Vegan,2584,170,558,47,Push Pull Legs
55,Female,183,52.2,18.3,Light,advanced,Muscle Gain,5,Vegan,2738,172,367,41,Push Pull Legs
35,Female,188,54.4,41.5,Moderate,intermediate,Recomposition,6,Vegan,1808,142,540,50,Push Pull Legs
47,Female,152,93.5,11.5,Low,advanced,Fat Loss,3,Non-Vegetarian,1772,146,567,86,Full Body
48,Female,157,84.5,44.5,Moderate,intermediate,Fat Loss,3,Vegetarian,1843,98,355,88,Full Body
47,Male,174,108.3,44.1,Light,advanced,Recomposition,4,Non-Vegetarian,1948,134,149,85,Upper Lower
32,Female,157,55.2,12.3,Moderate,beginner,Muscle Gain,3,Vegan,2443,122,306,69,Upper Lower + Full Body
24,Female,163,89.5,11.6,Light,intermediate,Muscle Gain,6,Non-Vegetarian,2350,107,214,56,Push Pull Legs
39,Female,193,82.7,26.9,Very High,intermediate,Recomposition,4,Vegan,2946,128,449,66,Full Body
43,Female,184,105.4,30.9,High,beginner,Fat Loss,3,Vegetarian,1690,146,358,85,Upper Lower
40,Female,180,105.6,38.1,Very High,beginner,Maintenance,3,Vegan,2802,91,586,98,Upper Lower + Full Body
31,Male,177,79.2,23.2,Moderate,advanced,Maintenance,6,Non-Vegetarian,3287,135,493,92,Full Body
22,Male,153,102.9,42.5,High,intermediate,Recomposition,5,Vegetarian,2571,130,575,44,Full Body
29,Male,173,67.7,30.9,High,intermediate,Fat Loss,6,Vegan,1812,125,582,67,Push Pull Legs
39,Male,185,87.0,38.3,High,advanced,Maintenance,4,Non-Vegetarian,3342,110,489,67,Full Body
51,Male,162,99.6,34.8,Light,intermediate,Muscle Gain,4,Vegetarian,2132,166,194,52,Upper Lower
30,Female,189,73.6,43.9,Moderate,beginner,Muscle Gain,3,Vegetarian,3011,173,425,49,Full Body
55,Male,153,49.0,29.0,Low,beginner,Recomposition,6,Vegan,2132,169,219,57,Upper Lower + Full Body
26,Male,168,81.8,38.3,Low,beginner,Recomposition,6,Vegetarian,2998,112,423,43,Push Pull Legs
54,Female,188,59.5,19.0,High,advanced,Recomposition,6,Non-Vegetarian,1892,167,603,69,Push Pull Legs + Accessories
31,Female,150,90.2,25.1,Low,advanced,Recomposition,4,Vegetarian,2926,164,259,96,Upper Lower + Full Body
21,Male,175,93.1,32.1,High,intermediate,Fat Loss,6,Vegetarian,1916,136,572,84,Upper Lower
50,Female,179,57.5,11.2,Light,intermediate,Maintenance,4,Non-Vegetarian,2850,138,601,70,Full Body
36,Female,169,110.0,12.4,Light,advanced,Muscle Gain,5,Non-Vegetarian,2318,125,550,99,Upper Lower
33,Male,192,92.1,31.0,Low,advanced,Maintenance,6,Vegetarian,2759,127,515,91,Full Body
48,Male,158,63.7,36.7,Low,advanced,Muscle Gain,6,Vegan,3979,113,619,37,Upper Lower + Full Body
53,Female,155,65.7,33.9,Light,intermediate,Recomposition,3,Vegetarian,2335,110,625,76,Push Pull Legs
31,Female,177,50.4,45.0,Light,beginner,Muscle Gain,5,Vegetarian,3629,207,375,55,Upper Lower
42,Male,161,86.8,44.3,Very High,intermediate,Muscle Gain,3,Vegetarian,2868,103,606,64,Push Pull Legs + Accessories
23,Female,188,90.8,24.9,Low,advanced,Recomposition,6,Vegan,2497,157,188,83,Upper Lower
42,Female,181,51.1,18.0,High,advanced,Fat Loss,6,Vegan,2044,164,624,40,Push Pull Legs
31,Female,160,109.3,41.7,Light,intermediate,Muscle Gain,4,Vegetarian,3451,115,574,37,Upper Lower + Full Body
27,Female,179,59.2,37.4,High,beginner,Maintenance,4,Vegan,2230,108,561,97,Upper Lower + Full Body
23,Female,178,77.5,18.4,Moderate,intermediate,Maintenance,3,Vegetarian,1735,142,228,51,Push Pull Legs + Accessories
33,Female,180,45.8,18.0,Very High,advanced,Recomposition,6,Vegetarian,3035,178,495,51,Push Pull Legs + Accessories
27,Male,193,68.2,26.7,Light,advanced,Muscle Gain,6,Vegan,2876,153,633,88,Full Body
25,Male,170,49.4,41.7,Light,advanced,Recomposition,3,Vegetarian,2803,98,258,54,Push Pull Legs + Accessories
38,Female,174,87.8,21.0,Very High,advanced,Fat Loss,6,Non-Vegetarian,2583,170,598,64,Upper Lower
37,Female,160,73.3,23.4,High,intermediate,Fat Loss,3,Vegetarian,1836,107,326,78,Upper Lower
35,Female,165,63.4,44.9,High,beginner,Recomposition,4,Vegan,2593,141,566,68,Push Pull Legs + Accessories
51,Female,177,46.8,19.7,Moderate,beginner,Fat Loss,3,Vegan,1347,141,531,85,Push Pull Legs
49,Male,159,85.0,20.3,Light,advanced,Maintenance,6,Vegetarian,2930,165,173,44,Full Body
43,Male,185,49.7,40.7,Moderate,advanced,Maintenance,3,Vegetarian,3013,141,342,53,Push Pull Legs + Accessories
32,Male,180,66.0,20.4,Moderate,beginner,Fat Loss,4,Vegan,2158,91,282,96,Upper Lower + Full Body
42,Female,194,104.9,18.5,Low,intermediate,Fat Loss,6,Non-Vegetarian,2518,123,485,96,Push Pull Legs
31,Male,151,75.6,37.3,Low,advanced,Maintenance,6,Non-Vegetarian,1784,92,542,92,Full Body
41,Male,183,70.0,30.6,Light,intermediate,Muscle Gain,6,Vegan,3119,207,221,75,Full Body
47,Male,171,77.0,23.3,Moderate,advanced,Recomposition,4,Vegan,1974,102,431,50,Upper Lower + Full Body
37,Female,160,100.1,34.5,Low,intermediate,Fat Loss,6,Non-Vegetarian,1895,131,201,44,Push Pull Legs + Accessories
21,Male,190,56.5,13.1,High,advanced,Maintenance,6,Non-Vegetarian,2921,169,280,88,Push Pull Legs + Accessories
37,Male,164,100.7,41.3,Low,intermediate,Muscle Gain,5,Vegan,2173,168,518,81,Upper Lower + Full Body
24,Female,169,71.5,13.6,Low,advanced,Muscle Gain,4,Vegan,3562,168,595,81,Push Pull Legs + Accessories
23,Female,160,103.9,34.4,High,intermediate,Recomposition,3,Vegan,2113,124,435,95,Push Pull Legs
54,Female,168,87.9,16.4,Very High,beginner,Maintenance,3,Vegan,1807,154,537,52,Upper Lower + Full Body
38,Male,194,66.3,25.8,Moderate,beginner,Recomposition,3,Vegan,2046,100,205,58,Push Pull Legs
39,Male,191,82.9,20.4,Moderate,beginner,Fat Loss,5,Vegetarian,1637,144,544,86,Upper Lower
45,Male,185,103.1,22.5,Low,advanced,Muscle Gain,4,Vegan,3356,201,431,43,Push Pull Legs
25,Male,190,53.6,11.3,Low,beginner,Recomposition,3,Non-Vegetarian,2356,122,274,94,Push Pull Legs + Accessories
35,Male,154,103.1,19.5,Moderate,beginner,Recomposition,6,Non-Vegetarian,3097,145,639,100,Push Pull Legs
34,Male,189,90.1,13.8,Low,intermediate,Muscle Gain,5,Non-Vegetarian,3574,135,216,60,Push Pull Legs + Accessories
53,Male,156,51.9,14.2,Low,intermediate,Maintenance,6,Vegetarian,2550,144,636,39,Upper Lower
41,Female,167,104.9,20.7,Very High,advanced,Recomposition,5,Vegetarian,2443,134,620,39,Push Pull Legs
44,Female,158,79.0,18.7,Light,beginner,Muscle Gain,3,Vegan,2381,154,164,87,Upper Lower
54,Male,170,92.3,40.7,High,beginner,Fat Loss,6,Vegetarian,1964,103,128,35,Upper Lower
34,Female,190,86.3,29.2,Light,beginner,Fat Loss,3,Vegan,2158,168,644,84,Push Pull Legs
49,Male,179,99.9,20.1,Low,intermediate,Maintenance,5,Non-Vegetarian,1983,114,410,98,Push Pull Legs + Accessories
44,Female,195,85.1,35.3,Moderate,intermediate,Maintenance,3,Vegan,2388,105,149,75,Upper Lower + Full Body
40,Male,174,46.1,16.0,Light,intermediate,Recomposition,4,Vegan,3022,133,219,42,Upper Lower
41,Male,165,46.6,25.3,Low,beginner,Fat Loss,3,Vegetarian,1865,142,615,96,Push Pull Legs + Accessories
53,Female,191,81.1,39.7,Low,intermediate,Maintenance,3,Vegetarian,2740,96,187,35,Push Pull Legs + Accessories
54,Male,189,92.7,26.3,Light,intermediate,Maintenance,5,Vegetarian,2398,170,578,39,Upper Lower
30,Female,168,96.5,11.4,Low,advanced,Muscle Gain,3,Vegetarian,3403,204,624,40,Full Body
32,Male,191,96.7,39.0,Moderate,beginner,Recomposition,5,Non-Vegetarian,2367,97,559,61,Push Pull Legs + Accessories
31,Female,186,85.5,41.4,Light,advanced,Recomposition,4,Non-Vegetarian,2792,173,358,67,Push Pull Legs
41,Male,158,68.1,18.0,Low,advanced,Recomposition,5,Vegetarian,2483,127,336,64,Push Pull Legs
36,Female,153,93.8,23.0,High,intermediate,Muscle Gain,5,Vegan,2576,149,300,93,Upper Lower
44,Female,165,104.6,17.2,Low,advanced,Fat Loss,4,Non-Vegetarian,1448,101,605,95,Push Pull Legs
40,Female,195,57.5,42.8,Light,beginner,Recomposition,5,Vegetarian,1735,103,470,51,Push Pull Legs
45,Male,188,102.5,23.5,Very High,advanced,Recomposition,3,Non-Vegetarian,1989,168,499,81,Push Pull Legs
23,Male,151,96.8,31.3,Very High,advanced,Recomposition,6,Vegetarian,2281,166,422,47,Upper Lower
18,Male,192,96.7,40.1,High,intermediate,Maintenance,5,Vegetarian,2653,152,156,85,Full Body
26,Male,173,71.9,26.8,Moderate,beginner,Recomposition,3,Vegetarian,1824,109,185,45,Full Body
26,Female,162,80.2,10.9,Moderate,intermediate,Muscle Gain,4,Vegetarian,3953,191,398,48,Full Body
45,Female,166,56.9,21.5,Very High,beginner,Fat Loss,6,Vegetarian,2577,113,129,95,Full Body
23,Female,192,51.9,32.9,High,beginner,Recomposition,4,Vegetarian,2905,154,412,76,Upper Lower
28,Male,186,93.1,41.5,High,intermediate,Muscle Gain,5,Vegan,2048,188,148,63,Push Pull Legs + Accessories
20,Female,154,75.6,10.8,Moderate,advanced,Muscle Gain,5,Vegan,3909,196,409,68,Push Pull Legs
21,Male,170,61.5,44.3,Low,advanced,Fat Loss,4,Vegetarian,2154,128,310,63,Upper Lower
28,Female,169,86.2,36.8,Moderate,beginner,Fat Loss,4,Non-Vegetarian,2285,144,406,76,Upper Lower
27,Male,170,58.0,25.5,Moderate,beginner,Fat Loss,6,Non-Vegetarian,1429,138,414,67,Upper Lower
25,Female,168,68.4,18.6,High,beginner,Recomposition,3,Non-Vegetarian,2302,119,635,81,Full Body
52,Female,182,67.0,29.1,Low,advanced,Muscle Gain,4,Non-Vegetarian,3932,158,378,70,Upper Lower + Full Body
53,Female,171,58.8,30.5,Low,beginner,Muscle Gain,4,Vegetarian,4182,204,332,53,Push Pull Legs
24,Male,177,51.6,42.0,High,intermediate,Fat Loss,5,Vegetarian,2476,148,331,47,Push Pull Legs
51,Male,190,98.0,16.1,Low,beginner,Recomposition,5,Vegetarian,2937,154,217,35,Push Pull Legs
36,Female,189,80.5,32.5,Very High,intermediate,Muscle Gain,3,Non-Vegetarian,3047,166,418,39,Full Body
53,Male,153,48.7,42.5,High,intermediate,Maintenance,3,Non-Vegetarian,2127,169,374,83,Upper Lower
33,Male,165,105.8,44.1,High,intermediate,Recomposition,5,Non-Vegetarian,2762,177,438,90,Full Body
18,Male,173,64.5,28.6,Moderate,beginner,Recomposition,4,Vegetarian,2354,149,209,87,Upper Lower
48,Male,180,55.8,30.4,Moderate,beginner,Fat Loss,4,Vegetarian,2532,168,534,88,Upper Lower
26,Female,171,96.3,26.0,Low,beginner,Muscle Gain,3,Vegan,3164,105,607,81,Upper Lower + Full Body
26,Male,159,76.1,33.1,Very High,intermediate,Fat Loss,3,Non-Vegetarian,2352,132,637,95,Upper Lower + Full Body
31,Female,167,48.5,21.0,Very High,intermediate,Recomposition,6,Non-Vegetarian,2533,91,312,96,Upper Lower
54,Female,175,105.9,38.4,Very High,beginner,Fat Loss,6,Non-Vegetarian,1550,180,376,86,Full Body
23,Male,161,57.6,20.5,Very High,beginner,Fat Loss,4,Vegan,2561,124,592,39,Upper Lower + Full Body
37,Male,153,73.3,21.9,Very High,intermediate,Fat Loss,6,Non-Vegetarian,1932,99,397,95,Push Pull Legs + Accessories
36,Female,171,82.1,28.9,Low,advanced,Fat Loss,6,Vegan,1310,159,183,59,Upper Lower
46,Male,188,70.4,18.8,Very High,beginner,Recomposition,5,Non-Vegetarian,1865,132,355,43,Upper Lower
