age,gender,height,weight,body_fat,muscle_mass,experience,goal,days,duration,activity,sleep,stress,strategy,split
17,1,167,76,14.7,43.4,2,5,6,30,4,6.7,0,maintenance,ppl
29,1,164,109,26.1,39.0,2,5,6,90,1,6.8,1,cut,ppl
26,1,194,99,18.2,28.9,1,0,2,90,0,6.4,1,cut,full_body
18,0,179,113,11.7,48.1,0,4,4,60,4,5.8,0,maintenance,upper_lower
30,1,168,55,33.7,46.7,1,2,5,60,1,6.5,0,recomp,ppl_ul
20,0,188,66,24.0,31.1,1,3,4,45,2,8.4,0,strength,upper_lower
18,1,170,96,16.0,30.3,2,5,4,45,3,6.6,2,maintenance,upper_lower
25,0,166,62,15.4,39.0,1,5,6,90,4,6.6,0,maintenance,ppl_ul
48,1,181,56,30.7,46.5,0,5,3,90,4,5.3,1,cut,full_body
49,0,166,115,33.8,25.3,2,0,6,60,2,5.4,1,cut,ppl
45,1,150,78,37.2,44.0,2,0,4,45,1,6.5,0,aggressive_cut,upper_lower
54,1,170,107,8.6,48.2,1,1,2,45,4,8.8,0,lean_bulk,full_body
20,0,184,61,11.9,36.9,2,1,4,90,1,8.7,2,lean_bulk,upper_lower
35,1,175,92,21.1,37.9,0,1,3,30,2,5.1,2,lean_bulk,full_body
53,1,164,45,10.1,40.8,0,0,2,60,0,7.1,1,cut,full_body
29,0,184,61,29.7,47.1,2,3,3,90,3,5.8,0,strength,ppl
38,0,177,97,22.0,43.2,2,5,2,30,3,7.9,0,maintenance,full_body
28,1,162,113,21.5,35.5,1,3,3,30,3,8.2,2,strength,ppl
19,1,191,114,33.1,49.2,0,1,5,90,3,5.9,1,recomp,upper_lower
26,1,174,45,37.6,31.6,1,2,5,90,1,5.8,0,recomp,ppl_ul
53,1,184,52,30.4,26.4,2,3,6,45,0,8.8,0,strength,ppl
20,1,188,53,28.3,30.9,0,4,3,30,4,5.3,2,cut,full_body
32,0,163,85,15.2,34.9,2,5,4,90,2,8.7,0,maintenance,upper_lower
45,1,189,117,37.9,26.8,0,4,4,45,2,8.5,0,cut,upper_lower
34,0,160,101,33.0,42.6,2,6,6,30,4,6.2,2,strength,ppl
24,1,166,59,34.7,43.6,0,2,4,45,2,5.8,2,recomp,upper_lower
48,0,181,77,35.2,46.2,0,5,5,60,0,5.0,0,cut,upper_lower
26,0,178,115,29.2,39.0,0,0,3,30,2,7.3,0,cut,full_body
24,0,152,84,18.9,48.3,0,2,3,45,0,6.4,2,recomp,full_body
55,0,159,75,33.9,49.4,0,3,2,45,2,8.1,1,strength,full_body
33,1,160,58,19.5,26.0,1,1,3,90,2,6.2,0,lean_bulk,ppl
17,1,192,69,20.0,32.0,0,6,4,60,4,6.6,2,strength,upper_lower
17,0,157,78,13.4,49.1,1,0,2,90,2,7.9,1,cut,full_body
54,0,182,59,19.6,39.4,1,0,5,30,4,8.7,2,cut,ppl_ul
39,1,177,53,36.5,48.0,2,2,2,60,4,6.2,1,recomp,full_body
41,0,194,82,24.6,29.8,2,3,3,60,3,7.2,0,strength,ppl
34,0,163,100,31.6,40.2,1,3,5,90,1,7.0,2,strength,ppl_ul
21,1,168,110,27.9,40.5,0,6,3,60,1,8.2,0,strength,full_body
18,1,165,105,26.3,44.2,1,3,6,45,3,7.0,0,strength,ppl_ul
16,1,156,99,14.6,45.1,2,4,5,30,4,6.0,0,maintenance,ppl_ul
24,0,179,112,37.6,39.9,1,4,6,90,4,6.8,0,cut,ppl_ul
44,0,166,76,33.2,31.9,2,3,3,60,3,5.3,1,strength,ppl
33,1,171,85,34.8,27.0,0,1,5,45,1,5.3,1,recomp,upper_lower
50,0,179,98,9.9,45.8,1,6,6,30,4,6.5,0,strength,ppl_ul
35,0,174,98,24.1,43.4,2,1,5,45,2,6.7,0,lean_bulk,ppl_ul
37,0,192,96,29.7,46.0,0,4,6,30,3,7.4,2,maintenance,upper_lower
21,1,191,99,12.1,36.5,0,2,5,60,1,6.8,1,recomp,upper_lower
33,0,176,77,33.0,36.8,2,4,2,60,1,7.6,2,cut,full_body
17,1,165,70,33.2,40.5,0,1,5,30,4,8.8,1,recomp,upper_lower
39,0,160,59,31.3,29.1,1,0,6,30,2,7.3,1,cut,ppl_ul
28,0,154,120,28.7,40.7,0,5,4,30,4,8.1,1,maintenance,upper_lower
39,0,154,109,27.4,25.3,1,6,5,30,3,8.8,2,strength,ppl_ul
25,0,177,67,30.0,49.1,1,4,6,90,3,6.7,2,maintenance,ppl_ul
36,0,165,56,16.4,36.3,1,4,6,90,2,5.1,1,maintenance,ppl_ul
47,1,163,90,31.9,33.5,2,5,4,30,4,8.8,0,cut,upper_lower
42,1,181,116,30.7,42.3,2,5,5,90,0,5.4,0,cut,ppl_ul
31,0,169,119,19.1,38.8,1,3,6,60,2,7.8,1,strength,ppl_ul
32,0,164,60,29.6,32.9,2,4,3,45,1,8.0,1,maintenance,ppl
22,0,162,82,14.8,29.5,0,5,6,45,2,5.2,0,maintenance,upper_lower
24,0,190,107,11.1,25.3,1,3,5,90,2,5.7,0,strength,ppl_ul
46,0,157,53,20.0,26.9,2,5,2,45,1,8.2,1,maintenance,full_body
31,1,157,116,30.9,40.2,2,1,6,90,3,8.6,1,recomp,ppl
35,0,186,52,26.3,43.5,0,5,3,60,0,5.6,0,maintenance,full_body
26,1,150,97,21.5,39.8,1,0,3,60,2,7.8,1,cut,ppl
30,1,166,120,27.8,48.3,1,0,6,45,1,8.6,0,aggressive_cut,ppl_ul
19,1,160,84,25.9,45.6,1,3,2,90,2,7.8,1,strength,full_body
44,0,155,50,34.7,43.4,2,2,2,30,1,8.8,2,recomp,full_body
33,1,186,50,30.9,29.4,2,5,5,60,1,9.0,1,cut,ppl_ul
21,0,180,89,20.3,33.0,0,6,3,60,3,7.8,1,strength,full_body
51,0,152,103,10.6,31.3,0,6,5,30,4,6.8,0,strength,upper_lower
49,1,173,108,26.8,44.0,0,2,6,45,2,6.8,2,recomp,upper_lower
23,0,151,75,29.3,32.8,0,4,5,30,1,9.0,0,maintenance,upper_lower
23,0,191,64,23.0,42.9,2,5,4,90,3,8.9,0,maintenance,upper_lower
51,0,159,94,13.7,40.0,2,1,2,60,3,6.4,2,lean_bulk,full_body
16,0,168,83,33.1,39.5,2,3,3,90,4,6.9,1,strength,ppl
45,0,170,69,37.4,31.0,1,1,5,30,2,8.0,2,recomp,ppl_ul
40,0,192,64,22.9,25.9,2,4,4,30,3,5.4,1,maintenance,upper_lower
25,1,176,64,10.2,44.5,1,2,6,90,0,8.4,2,recomp,ppl_ul
36,0,190,107,34.2,25.9,0,1,4,45,0,6.7,0,recomp,upper_lower
44,1,160,83,35.1,26.1,0,2,4,60,3,5.6,2,recomp,upper_lower
52,0,193,68,13.1,27.0,1,4,3,90,4,5.6,1,maintenance,ppl
45,0,166,46,35.0,36.6,1,5,6,45,0,6.8,1,cut,ppl_ul
43,0,194,77,21.7,32.6,1,6,5,30,1,6.5,1,strength,ppl_ul
34,0,151,95,16.2,39.1,2,6,2,90,2,8.1,0,strength,full_body
30,0,190,69,26.6,41.9,2,6,3,30,0,6.2,1,strength,ppl
53,1,173,61,10.7,32.4,2,3,3,45,1,8.1,1,strength,ppl
26,0,166,106,37.0,32.4,1,6,2,90,0,5.6,0,strength,full_body
51,0,173,56,31.7,25.3,2,0,5,60,2,7.3,2,cut,ppl_ul
22,0,193,74,22.1,40.5,2,2,6,45,0,7.5,1,recomp,ppl
42,0,157,62,9.4,25.9,1,0,2,45,4,5.5,1,cut,full_body
50,0,176,120,30.3,28.9,1,5,2,90,4,6.6,1,maintenance,full_body
39,1,163,101,21.3,30.9,1,0,4,60,0,6.6,0,cut,upper_lower
45,1,155,72,27.3,39.9,0,0,4,45,1,8.1,0,cut,upper_lower
51,1,163,120,14.5,46.7,1,6,3,30,2,8.4,0,strength,ppl
50,1,166,67,11.3,46.7,0,0,4,45,4,6.3,0,cut,upper_lower
19,0,158,98,23.8,43.6,1,3,4,30,3,7.0,2,strength,upper_lower
49,1,169,103,27.3,25.8,1,6,5,90,0,7.0,1,strength,ppl_ul
21,1,170,63,10.0,31.9,2,4,6,60,3,9.0,2,maintenance,ppl
45,0,182,100,11.0,42.5,2,5,6,45,3,6.8,0,maintenance,ppl
37,0,179,96,20.5,27.4,1,2,4,60,1,7.7,1,recomp,upper_lower
21,1,155,56,21.0,43.6,1,6,3,30,4,8.8,2,strength,ppl
23,0,176,90,34.2,48.5,1,6,2,60,4,6.2,0,strength,full_body
25,1,192,106,14.7,27.7,2,2,2,60,4,5.9,1,recomp,full_body
54,1,192,79,8.9,31.8,1,2,4,30,1,8.5,2,recomp,upper_lower
20,0,159,48,10.8,38.3,1,3,5,60,1,6.5,2,strength,ppl_ul
52,0,188,55,34.5,28.9,2,0,2,60,3,7.6,1,aggressive_cut,full_body
42,0,167,72,30.6,27.8,1,0,4,90,4,7.7,0,cut,upper_lower
41,1,188,52,8.2,32.5,0,6,3,60,2,6.3,0,strength,full_body
43,0,161,61,19.4,42.6,2,4,4,30,3,8.4,0,maintenance,upper_lower
17,0,179,54,33.9,39.4,2,3,5,60,0,6.6,1,strength,ppl_ul
55,1,179,91,10.6,46.1,0,3,6,90,4,5.3,1,strength,upper_lower
30,0,171,66,10.3,40.8,2,4,3,60,2,7.9,2,maintenance,ppl
31,1,156,63,15.7,29.3,0,6,2,45,3,6.9,2,strength,full_body
52,0,191,86,33.9,40.7,0,3,2,90,3,7.5,1,strength,full_body
38,1,182,54,17.3,36.3,0,2,4,30,0,7.5,2,recomp,upper_lower
45,0,187,115,36.6,43.5,0,3,6,45,2,7.4,2,strength,upper_lower
19,1,178,58,32.3,45.9,2,0,6,45,0,6.0,1,aggressive_cut,ppl
49,0,183,65,18.9,47.9,1,3,4,30,2,5.3,0,strength,upper_lower
34,0,166,64,18.0,39.6,0,2,4,90,1,7.4,0,recomp,upper_lower
51,0,174,87,32.4,41.8,2,5,6,30,3,7.0,0,cut,ppl
35,0,161,72,18.3,44.2,0,1,3,45,0,6.2,0,lean_bulk,full_body
37,1,189,61,25.9,28.9,0,6,6,45,3,5.2,1,strength,upper_lower
44,1,189,81,30.6,44.6,0,4,3,60,3,8.6,0,cut,full_body
52,0,178,104,31.1,44.5,2,4,5,45,1,8.2,0,maintenance,ppl_ul
19,0,191,106,34.2,38.9,0,5,6,30,2,5.3,0,cut,upper_lower
44,0,182,63,32.9,27.3,0,6,5,60,0,6.7,1,strength,upper_lower
31,0,174,55,19.2,25.7,0,6,4,45,1,5.2,1,strength,upper_lower
46,1,178,45,35.2,25.5,0,6,3,90,0,8.1,0,strength,full_body
23,0,153,75,20.6,44.8,1,0,2,90,4,7.1,2,cut,full_body
25,1,168,99,8.0,33.8,2,3,3,30,4,8.9,0,strength,ppl
40,1,180,50,27.1,49.5,1,5,2,60,0,6.4,2,cut,full_body
53,1,171,62,9.3,38.7,2,1,5,90,1,8.2,0,lean_bulk,ppl_ul
18,0,168,70,9.3,30.0,0,2,4,90,4,6.9,0,recomp,upper_lower
34,1,172,51,34.0,33.3,0,6,4,90,3,8.0,1,strength,upper_lower
27,0,181,108,19.0,44.9,1,6,2,90,0,6.7,0,strength,full_body
36,0,156,55,17.8,32.4,1,4,5,45,3,6.4,0,maintenance,ppl_ul
55,0,177,80,27.2,44.8,0,0,5,60,4,8.2,2,cut,upper_lower
17,1,159,101,9.0,26.7,2,2,4,90,4,5.1,0,recomp,upper_lower
39,0,173,101,30.9,39.3,2,2,5,60,2,6.0,0,recomp,ppl_ul
27,1,181,111,19.6,39.0,1,6,4,90,1,9.0,1,strength,upper_lower
28,0,157,62,33.6,36.3,2,3,2,60,2,7.8,2,strength,full_body
35,0,160,67,31.8,37.7,0,1,3,45,3,5.1,2,lean_bulk,full_body
45,0,185,61,26.4,27.2,1,3,5,90,3,8.3,0,strength,ppl_ul
36,1,191,54,21.5,42.0,1,1,6,45,1,6.7,0,lean_bulk,ppl_ul
49,1,159,83,12.9,33.1,2,1,4,60,0,6.0,2,lean_bulk,upper_lower
24,0,190,83,26.4,27.3,2,1,6,45,1,7.6,2,lean_bulk,ppl
52,0,152,48,10.4,48.7,2,2,3,90,4,7.6,1,recomp,ppl
35,0,180,76,32.1,42.1,1,3,2,30,1,6.8,1,strength,full_body
29,0,171,63,17.4,43.0,2,6,4,90,1,8.0,2,strength,upper_lower
36,1,165,104,11.7,36.2,0,0,2,60,3,8.5,1,cut,full_body
26,1,170,118,29.6,29.7,0,3,6,90,3,8.5,1,strength,upper_lower
21,1,175,109,21.7,31.0,2,2,2,30,2,7.0,2,recomp,full_body
34,0,184,46,33.4,35.8,1,5,4,90,2,5.2,0,cut,upper_lower
39,1,185,81,10.2,37.6,2,2,6,30,1,8.9,1,recomp,ppl
37,0,185,91,30.6,30.0,2,3,6,30,0,5.2,2,strength,ppl
46,0,183,103,12.5,47.3,0,2,6,60,1,6.6,2,recomp,upper_lower
53,0,171,109,32.8,38.3,2,4,4,90,0,6.5,2,cut,upper_lower
42,1,187,84,31.9,43.1,2,5,2,90,2,8.9,2,cut,full_body
19,1,187,106,13.1,40.7,2,6,5,45,1,5.1,2,strength,ppl_ul
28,1,151,101,17.4,28.8,2,1,5,90,0,7.8,2,lean_bulk,ppl_ul
51,1,170,106,23.8,32.8,0,3,6,60,4,6.4,2,strength,upper_lower
55,0,180,69,36.7,32.0,1,1,4,60,1,7.8,1,recomp,upper_lower
46,0,172,116,36.0,44.9,1,2,2,90,3,8.3,0,recomp,full_body
18,0,168,55,18.4,36.1,1,5,5,45,1,8.3,1,maintenance,ppl_ul
24,0,156,120,15.2,26.3,2,1,3,30,0,6.7,2,lean_bulk,ppl
22,0,193,62,8.2,38.8,0,3,5,90,1,8.0,1,strength,upper_lower
34,0,191,52,35.2,27.2,2,1,6,30,1,6.7,0,recomp,ppl
41,1,181,68,36.1,49.1,1,0,2,60,4,7.4,1,aggressive_cut,full_body
45,0,191,114,23.7,47.2,0,6,6,90,2,5.8,0,strength,upper_lower
26,0,179,77,29.6,25.4,1,6,4,45,1,7.4,2,strength,upper_lower
43,0,182,86,10.6,41.7,0,1,5,60,1,5.0,1,lean_bulk,upper_lower
44,1,167,87,17.1,43.1,0,2,4,45,0,7.7,1,recomp,upper_lower
26,0,175,109,35.7,47.2,1,5,2,60,2,7.5,0,cut,full_body
46,1,159,103,30.4,40.1,1,5,6,90,4,8.2,0,cut,ppl_ul
54,1,155,112,21.4,42.6,0,4,2,30,4,8.6,0,maintenance,full_body
26,1,170,111,21.3,42.0,2,4,5,30,4,6.8,0,maintenance,ppl_ul
24,0,182,98,21.7,26.4,1,5,4,30,3,6.0,0,maintenance,upper_lower
53,1,154,50,20.7,42.5,2,0,2,90,0,6.1,0,cut,full_body
42,1,173,93,21.5,47.9,1,3,2,45,2,5.5,2,strength,full_body
49,0,158,73,33.0,43.9,1,3,6,90,4,6.5,0,strength,ppl_ul
45,1,172,64,16.3,48.4,2,6,2,30,3,7.5,0,strength,full_body
29,1,154,57,25.8,36.2,2,5,2,45,0,6.6,0,cut,full_body
19,1,158,109,37.8,30.9,2,4,4,60,1,6.2,0,cut,upper_lower
42,1,169,80,9.8,48.7,2,1,5,90,0,8.9,2,lean_bulk,ppl_ul
49,0,170,98,20.2,32.5,0,6,6,90,1,8.4,1,strength,upper_lower
45,1,153,116,20.4,35.4,2,1,5,45,2,5.8,2,lean_bulk,ppl_ul
44,1,173,56,24.1,45.7,0,2,5,30,0,5.8,2,recomp,upper_lower
46,1,163,87,17.1,47.7,0,1,2,90,1,7.8,2,lean_bulk,full_body
41,1,165,115,17.6,32.1,1,4,4,60,2,6.4,1,maintenance,upper_lower
22,0,180,85,35.4,34.3,1,0,6,45,1,5.1,2,cut,ppl_ul
34,0,159,70,17.9,34.5,0,3,6,60,2,8.1,1,strength,upper_lower
45,0,160,90,13.1,43.0,1,1,6,30,4,5.1,0,lean_bulk,ppl_ul
16,1,176,62,33.3,30.8,2,1,2,45,4,6.8,0,recomp,full_body
47,0,151,45,24.0,35.3,0,4,4,60,0,7.0,2,maintenance,upper_lower
27,0,156,57,23.7,31.0,2,4,4,60,2,8.2,0,maintenance,upper_lower
41,0,179,117,15.3,42.4,1,5,2,30,0,6.6,1,maintenance,full_body
19,0,190,46,29.1,27.1,1,5,4,30,4,8.7,0,maintenance,upper_lower
52,1,180,79,9.4,26.9,1,4,6,30,1,8.7,1,maintenance,ppl_ul
29,1,187,63,30.6,42.8,1,0,4,45,4,6.0,1,aggressive_cut,upper_lower
40,0,158,55,23.0,49.4,0,0,5,45,0,6.4,2,cut,upper_lower
36,0,151,79,31.5,36.3,0,2,6,90,3,5.7,2,recomp,upper_lower
21,0,189,82,31.9,42.8,0,2,3,90,1,8.0,1,recomp,full_body
22,0,155,45,36.3,36.1,1,0,3,30,1,6.7,2,cut,ppl
22,0,151,56,18.6,27.3,2,6,4,90,0,6.2,1,strength,upper_lower
51,1,165,118,23.6,42.1,0,1,4,60,2,7.0,0,recomp,upper_lower
43,1,167,98,17.0,44.6,1,2,3,90,4,7.5,1,recomp,ppl
24,1,169,45,36.5,33.3,2,3,4,90,2,6.7,2,strength,upper_lower
35,1,170,70,22.4,29.4,1,2,4,90,4,8.1,1,recomp,upper_lower
33,0,175,91,11.4,39.1,2,4,3,30,3,8.8,0,maintenance,ppl
34,0,194,53,32.6,44.9,1,5,5,45,2,6.0,2,cut,ppl_ul
43,1,174,54,21.5,39.9,2,3,6,90,4,5.1,1,strength,ppl
22,1,165,90,13.0,40.3,2,5,5,60,3,5.4,0,maintenance,ppl_ul
30,0,182,111,24.7,42.2,0,3,4,90,3,8.1,2,strength,upper_lower
38,1,151,106,11.1,35.4,0,0,3,60,2,6.4,0,cut,full_body
38,0,180,57,21.1,42.4,1,0,4,30,0,5.1,1,cut,upper_lower
26,1,165,111,13.2,29.0,2,3,5,45,3,7.5,0,strength,ppl_ul
41,0,151,70,21.5,35.7,0,5,3,45,2,8.0,0,maintenance,full_body
50,1,161,91,17.8,36.4,1,5,5,60,4,6.6,1,maintenance,ppl_ul
38,1,172,103,26.5,45.3,2,6,4,30,1,6.3,0,strength,upper_lower
23,0,161,92,28.8,37.8,1,4,3,90,3,5.7,2,maintenance,ppl
51,1,160,107,16.7,29.7,1,4,2,60,0,6.9,0,maintenance,full_body
51,0,182,108,20.3,37.3,2,6,5,90,1,5.3,0,strength,ppl_ul
34,1,152,80,14.7,32.2,1,4,5,30,4,5.5,2,maintenance,ppl_ul
50,0,152,101,24.4,49.7,0,5,3,60,0,6.8,1,maintenance,full_body
44,1,157,75,14.3,43.4,2,2,6,90,1,7.5,0,recomp,ppl
19,1,186,89,24.0,39.9,0,2,4,60,4,6.1,2,recomp,upper_lower
24,1,176,52,37.8,46.7,0,5,3,45,1,7.8,0,cut,full_body
47,0,159,118,27.0,40.7,1,3,2,30,3,7.1,1,strength,full_body
45,0,181,86,25.5,46.7,2,0,5,60,0,8.2,1,cut,ppl_ul
43,1,163,108,16.1,45.7,1,4,6,45,4,8.4,1,maintenance,ppl_ul
18,1,156,103,8.5,48.2,0,3,5,30,3,5.8,2,strength,upper_lower
35,1,160,80,10.8,34.0,0,2,3,30,3,7.5,2,recomp,full_body
43,1,191,56,29.1,25.0,1,0,3,45,4,7.7,0,aggressive_cut,ppl
37,1,157,99,28.8,36.9,0,3,2,30,0,6.3,1,strength,full_body
40,1,158,63,10.1,39.1,2,5,3,90,2,7.9,2,maintenance,ppl
42,1,189,101,33.8,27.2,0,1,2,90,2,8.9,1,recomp,full_body
31,1,167,55,15.4,40.0,2,4,4,30,2,5.8,2,maintenance,upper_lower
41,1,168,51,31.5,44.8,0,3,5,30,1,7.0,2,strength,upper_lower
49,1,150,91,36.0,28.3,2,3,4,45,3,8.8,0,strength,upper_lower
53,1,154,46,15.9,26.0,0,6,5,60,4,8.1,1,strength,upper_lower
21,0,190,113,24.1,28.8,0,2,2,45,1,7.1,1,recomp,full_body
35,1,194,100,29.9,46.2,0,1,2,90,0,6.8,2,recomp,full_body
35,1,192,67,11.6,42.7,2,0,3,90,2,7.1,2,cut,ppl
26,0,173,61,30.5,46.8,2,0,2,60,3,6.1,0,cut,full_body
52,0,190,54,22.9,37.8,0,3,6,45,2,5.6,0,strength,upper_lower
30,1,182,45,9.3,46.6,0,0,5,60,3,8.7,0,cut,upper_lower
51,1,195,98,14.7,31.2,2,2,4,30,4,6.5,2,recomp,upper_lower
27,1,164,111,37.4,48.9,0,3,4,60,2,5.3,1,strength,upper_lower
39,1,162,82,24.9,32.6,2,1,5,60,4,8.9,0,recomp,ppl_ul
25,1,150,97,8.7,38.5,2,6,2,60,0,8.0,1,strength,full_body
22,0,163,112,37.5,35.5,0,1,4,30,0,8.7,2,recomp,upper_lower
39,0,179,55,25.4,37.6,2,6,5,30,4,7.3,1,strength,ppl_ul
31,1,168,78,33.5,48.2,1,5,4,60,3,6.1,0,cut,upper_lower
24,1,187,58,12.7,29.1,1,2,5,30,4,6.4,0,recomp,ppl_ul
35,0,179,78,33.6,27.3,2,2,6,30,1,8.3,1,recomp,ppl
21,1,195,76,37.1,34.9,0,5,4,60,1,5.1,1,cut,upper_lower
51,0,185,76,10.8,27.5,0,0,2,30,1,5.5,1,cut,full_body
21,0,187,120,15.8,45.3,0,0,3,90,1,5.4,1,cut,full_body
18,1,179,51,13.0,39.3,2,3,5,30,3,7.7,0,strength,ppl_ul
29,0,161,80,16.4,47.1,0,4,6,45,2,7.0,2,maintenance,upper_lower
19,0,155,80,19.5,35.5,2,6,6,45,4,8.2,1,strength,ppl
46,0,184,107,18.3,39.1,1,3,4,45,0,6.3,0,strength,upper_lower
33,1,153,105,23.9,44.2,0,1,2,45,1,6.1,2,recomp,full_body
30,1,186,94,18.6,46.0,0,1,3,60,2,8.7,0,lean_bulk,full_body
52,0,186,63,24.9,29.7,1,4,4,45,3,5.2,0,maintenance,upper_lower
54,1,164,47,23.8,25.0,2,1,3,60,1,8.7,1,recomp,ppl
17,1,159,120,29.1,28.5,0,6,6,60,0,6.5,2,strength,upper_lower
53,0,156,88,17.1,28.4,0,5,5,90,2,5.7,2,maintenance,upper_lower
30,0,192,120,32.4,34.5,2,5,4,45,1,7.9,2,cut,upper_lower
52,0,152,68,26.1,48.0,2,1,6,30,3,5.6,2,lean_bulk,ppl
31,1,172,85,13.0,47.1,0,6,4,90,0,6.1,0,strength,upper_lower
38,1,166,58,29.6,26.2,1,5,5,45,3,7.0,1,cut,ppl_ul
50,0,174,57,32.9,44.7,2,5,3,45,3,5.3,0,cut,ppl
17,0,170,78,36.5,26.9,0,3,3,30,4,8.8,0,strength,full_body
54,0,189,106,29.1,35.8,2,1,6,90,1,5.2,1,lean_bulk,ppl
28,1,176,115,29.7,43.2,1,5,4,60,1,5.4,1,cut,upper_lower
25,0,153,91,8.1,27.2,2,5,6,90,1,5.4,0,maintenance,ppl
34,1,155,105,33.3,32.7,1,3,5,60,0,7.6,1,strength,ppl_ul
39,1,174,92,13.6,26.1,1,3,4,45,2,7.3,0,strength,upper_lower
21,1,192,89,32.2,35.3,2,1,6,30,3,8.3,1,recomp,ppl
52,0,165,105,17.0,34.9,2,0,6,45,0,8.8,1,cut,ppl
26,1,163,69,11.8,35.6,2,3,3,45,4,6.0,2,strength,ppl
21,1,174,116,19.9,33.2,1,4,5,30,4,7.4,1,maintenance,ppl_ul
42,1,159,63,25.0,39.6,0,0,6,30,2,8.5,1,cut,upper_lower
32,0,174,107,25.2,36.8,0,2,5,45,4,7.4,2,recomp,upper_lower
18,0,175,87,28.7,26.2,1,2,4,30,2,8.3,1,recomp,upper_lower
33,0,181,57,37.2,30.7,1,5,5,60,2,7.9,2,cut,ppl_ul
28,1,178,72,35.4,35.2,1,6,6,60,0,7.1,0,strength,ppl_ul
35,1,195,109,20.1,44.5,2,4,2,45,1,8.5,0,maintenance,full_body
31,1,152,103,9.5,34.0,0,2,4,90,4,6.6,0,recomp,upper_lower
31,1,173,107,25.8,29.4,1,4,6,60,2,5.7,1,cut,ppl_ul
34,1,151,94,9.5,46.3,0,6,3,45,1,6.1,1,strength,full_body
16,1,180,61,27.4,40.0,0,1,4,60,2,6.7,1,recomp,upper_lower
45,0,166,72,22.0,41.9,2,3,6,30,0,7.0,2,strength,ppl
51,0,191,81,17.0,27.7,0,2,4,60,2,6.0,2,recomp,upper_lower
28,0,159,111,31.0,47.5,2,3,4,45,0,7.6,1,strength,upper_lower
42,0,175,94,30.1,39.6,2,6,3,60,1,7.7,2,strength,ppl
38,0,182,83,33.4,46.0,2,1,4,30,3,5.5,1,recomp,upper_lower
37,1,191,56,14.7,30.6,1,3,4,60,2,7.3,1,strength,upper_lower
46,1,153,119,25.4,40.5,1,1,6,30,3,7.1,1,recomp,ppl_ul
25,1,158,70,18.3,49.7,1,1,4,45,0,7.0,2,lean_bulk,upper_lower
36,1,190,52,8.1,31.8,0,4,3,90,0,5.5,1,maintenance,full_body
41,0,177,106,19.5,25.9,0,5,4,30,2,8.0,2,maintenance,upper_lower
17,1,193,45,26.8,31.2,2,2,4,45,0,6.5,2,recomp,upper_lower
26,0,154,50,16.9,32.3,2,4,6,60,3,8.6,0,maintenance,ppl
47,0,172,69,12.9,47.7,1,0,3,45,1,5.8,0,cut,ppl
23,1,173,49,19.3,41.0,2,4,2,30,0,7.6,0,maintenance,full_body
23,1,176,101,19.4,38.7,1,5,3,45,0,6.2,2,maintenance,ppl
49,1,167,62,20.6,47.5,2,5,6,30,2,5.5,0,maintenance,ppl
28,0,188,70,31.3,45.8,0,2,5,60,1,5.2,1,recomp,upper_lower
46,1,171,75,8.1,41.8,0,6,6,90,1,8.8,2,strength,upper_lower
22,1,166,74,21.7,49.4,1,3,2,30,1,8.5,1,strength,full_body
36,0,177,59,10.8,44.0,0,0,3,45,2,6.4,1,cut,full_body
21,0,173,88,13.5,35.0,1,2,5,90,3,7.6,0,recomp,ppl_ul
24,1,194,52,37.4,46.1,0,3,6,90,4,7.7,0,strength,upper_lower
38,0,189,48,33.9,47.0,2,1,5,90,0,8.6,1,recomp,ppl_ul
20,1,166,85,8.4,46.7,2,6,6,45,2,7.1,2,strength,ppl
43,1,192,76,22.5,41.6,2,3,3,30,0,7.6,0,strength,ppl
47,0,160,54,30.5,33.0,1,2,2,45,4,7.6,1,recomp,full_body
21,1,179,101,32.0,36.2,1,3,4,30,3,8.0,0,strength,upper_lower
41,1,176,49,24.7,25.0,0,6,6,60,4,7.2,2,strength,upper_lower
37,0,173,51,32.5,46.1,1,4,6,90,2,7.9,0,cut,ppl_ul
30,1,150,88,18.7,40.8,1,4,6,60,0,5.2,0,maintenance,ppl_ul
24,0,195,97,11.2,40.3,0,0,5,45,3,8.3,0,cut,upper_lower
22,0,176,50,35.8,45.9,2,0,5,90,4,8.8,0,aggressive_cut,ppl_ul
16,0,183,51,24.6,35.8,2,3,6,45,4,5.7,0,strength,ppl
40,1,192,86,23.1,34.6,2,5,3,60,3,8.9,1,cut,ppl
24,0,158,97,26.1,47.2,2,2,6,60,4,7.5,0,recomp,ppl
55,1,195,82,28.6,48.0,0,5,3,60,0,8.0,2,cut,full_body
53,0,186,98,28.2,47.3,2,2,5,30,4,5.4,1,recomp,ppl_ul
19,1,192,52,14.0,43.8,0,2,4,45,0,7.8,1,recomp,upper_lower
50,1,152,90,32.4,27.6,2,5,6,45,4,6.6,2,cut,ppl
19,0,174,94,20.5,44.7,2,2,6,30,0,8.0,0,recomp,ppl
30,0,190,92,30.7,38.7,2,1,3,60,3,5.7,2,lean_bulk,ppl
27,1,161,110,11.6,26.0,1,4,4,45,1,7.3,1,maintenance,upper_lower
37,1,179,64,9.2,48.2,2,0,6,60,3,8.2,2,cut,ppl
20,0,195,85,23.8,48.9,2,0,6,45,3,7.2,1,cut,ppl
38,1,164,72,27.9,33.3,1,1,6,90,4,8.3,2,recomp,ppl_ul
23,1,192,89,21.4,47.6,2,4,3,30,2,6.5,0,maintenance,ppl
32,0,184,81,8.7,37.9,1,4,6,90,3,5.2,2,maintenance,ppl_ul
36,1,182,55,36.4,29.2,2,4,2,30,1,7.7,0,cut,full_body
22,0,163,113,32.9,47.0,2,6,5,30,1,5.1,2,strength,ppl_ul
18,0,155,54,9.6,44.9,2,0,6,45,2,6.6,1,cut,ppl
43,0,170,47,19.7,28.0,0,5,6,30,4,5.2,0,maintenance,upper_lower
48,0,156,82,31.6,32.5,0,2,5,90,3,8.3,0,recomp,upper_lower
26,0,184,73,12.1,34.8,2,2,3,60,2,8.8,0,recomp,ppl
23,1,152,45,25.2,34.9,2,0,4,45,2,5.8,2,cut,upper_lower
26,1,161,73,26.5,31.3,0,1,6,30,4,6.8,2,recomp,upper_lower
34,1,192,53,15.5,29.9,2,3,4,60,1,7.7,0,strength,upper_lower
34,1,189,53,35.0,32.9,1,2,6,60,4,5.6,2,recomp,ppl_ul
36,0,177,66,8.1,31.2,0,5,5,60,2,5.5,2,maintenance,upper_lower
46,0,179,102,18.8,32.6,2,0,3,30,2,8.4,0,cut,ppl
32,1,190,54,29.8,47.3,2,5,2,90,4,5.9,0,cut,full_body
50,0,184,105,27.6,28.7,1,1,6,60,1,6.9,2,lean_bulk,ppl_ul
41,1,173,109,8.3,31.0,2,5,3,45,3,5.6,2,maintenance,ppl
46,1,172,50,14.6,37.2,0,2,4,45,0,7.7,2,recomp,upper_lower
40,0,180,103,34.4,26.0,2,2,2,60,2,7.3,2,recomp,full_body
40,1,191,93,19.0,41.3,0,4,4,90,1,7.1,1,maintenance,upper_lower
47,0,180,45,23.1,28.5,0,1,2,60,1,5.6,0,lean_bulk,full_body
54,0,195,60,27.8,35.4,1,5,2,90,3,6.9,2,maintenance,full_body
42,1,151,76,9.3,39.3,0,1,6,30,4,5.6,0,lean_bulk,upper_lower
27,0,183,96,26.0,39.1,0,5,4,30,1,6.8,1,maintenance,upper_lower
26,0,164,97,26.0,44.9,0,4,6,60,1,7.9,1,maintenance,upper_lower
54,0,187,53,14.9,34.6,0,0,3,90,1,7.4,0,cut,full_body
55,0,188,49,34.3,38.3,0,0,5,45,4,7.2,0,cut,upper_lower
49,0,176,92,34.2,42.4,1,1,5,90,2,7.4,2,recomp,ppl_ul
43,1,158,77,22.3,30.8,0,2,6,90,2,5.8,2,recomp,upper_lower
52,1,183,60,23.6,34.4,0,5,4,90,2,5.4,1,cut,upper_lower
32,0,184,99,24.9,40.3,2,3,3,90,4,8.1,1,strength,ppl
39,1,185,116,22.5,49.7,2,2,5,45,0,8.0,1,recomp,ppl_ul
22,1,163,110,20.0,33.5,2,4,2,45,3,8.9,0,maintenance,full_body
25,1,180,100,10.6,31.6,1,0,6,30,3,8.7,1,cut,ppl_ul
54,0,153,67,27.2,36.0,0,6,6,60,1,5.1,2,strength,upper_lower
55,1,160,49,18.8,41.4,0,0,4,90,2,7.7,1,cut,upper_lower
49,1,150,53,35.6,38.7,2,6,6,60,2,8.9,1,strength,ppl
54,1,162,103,35.9,39.4,1,1,5,30,4,5.3,1,recomp,ppl_ul
23,0,182,77,34.3,45.3,2,2,5,90,4,6.9,0,recomp,ppl_ul
45,0,193,103,34.9,46.6,1,0,4,30,3,7.5,0,aggressive_cut,upper_lower
36,1,176,90,23.5,25.2,1,1,4,30,3,7.7,1,recomp,upper_lower
51,1,161,105,17.4,30.5,2,2,3,45,3,7.9,0,recomp,ppl
32,1,163,74,14.1,31.2,2,2,3,30,0,8.7,2,recomp,ppl
55,0,150,114,36.7,46.2,1,4,4,90,4,8.5,1,cut,upper_lower
48,1,167,95,14.7,39.4,0,4,5,90,4,5.1,1,maintenance,upper_lower
27,0,179,60,28.9,36.5,2,0,2,45,3,7.3,1,cut,full_body
55,0,166,68,24.5,30.9,1,4,4,60,1,7.0,0,maintenance,upper_lower
39,0,173,96,16.4,29.5,0,4,3,30,2,8.2,2,maintenance,full_body
40,0,162,63,32.0,43.5,1,6,2,45,3,7.0,2,strength,full_body
47,0,169,77,24.9,39.2,1,0,3,30,1,8.3,1,cut,ppl
44,1,171,78,18.8,39.0,1,2,2,90,0,6.4,2,recomp,full_body
52,1,186,113,13.2,44.5,1,2,6,90,3,8.6,1,recomp,ppl_ul
45,0,190,63,34.0,41.0,1,3,6,90,0,5.3,1,strength,ppl_ul
36,1,170,82,29.3,40.1,1,2,5,60,4,7.1,1,recomp,ppl_ul
26,0,161,47,11.8,30.9,1,5,2,45,1,6.6,0,maintenance,full_body
46,1,185,51,8.8,34.9,0,0,4,45,0,7.6,1,cut,upper_lower
30,0,165,81,21.3,28.2,2,6,3,30,0,7.7,1,strength,ppl
45,0,184,79,24.5,28.4,2,4,3,90,4,6.7,2,maintenance,ppl
38,0,180,114,14.8,27.2,1,2,5,60,1,6.2,0,recomp,ppl_ul
38,1,168,105,24.1,42.2,1,6,5,60,0,8.1,1,strength,ppl_ul
16,1,185,92,13.7,47.1,1,3,3,45,3,8.3,0,strength,ppl
21,0,177,75,23.5,45.0,2,6,4,60,4,8.2,1,strength,upper_lower
20,1,161,62,16.7,40.9,2,3,4,90,1,6.3,0,strength,upper_lower
50,1,151,68,37.2,32.1,0,5,5,30,1,5.4,0,cut,upper_lower
29,0,171,98,17.3,45.0,1,3,2,60,0,8.4,0,strength,full_body
33,1,175,54,24.3,29.5,1,6,5,30,0,8.9,2,strength,ppl_ul
40,1,178,76,30.1,25.8,1,5,2,45,3,6.6,1,cut,full_body
26,0,190,50,30.3,38.7,0,2,5,60,1,6.4,0,recomp,upper_lower
23,1,165,100,17.7,29.2,1,4,2,90,1,5.0,0,maintenance,full_body
54,0,159,92,31.1,31.2,1,0,6,60,0,5.2,2,cut,ppl_ul
50,1,156,61,22.6,32.9,2,6,4,90,1,5.1,1,strength,upper_lower
24,0,166,50,22.6,35.9,1,4,5,45,4,5.7,1,maintenance,ppl_ul
45,0,167,115,12.8,38.3,1,2,4,60,3,5.0,2,recomp,upper_lower
27,0,151,91,31.3,31.0,2,0,6,90,1,7.1,1,cut,ppl
55,1,168,86,20.3,33.1,0,4,2,30,1,5.7,0,maintenance,full_body
22,1,181,69,11.0,39.3,1,5,5,60,0,6.5,2,maintenance,ppl_ul
16,1,163,107,35.9,45.8,1,6,2,60,4,8.0,1,strength,full_body
19,0,189,79,23.9,43.4,1,0,3,30,0,7.9,2,cut,ppl
28,0,162,112,27.7,39.3,0,4,6,90,0,8.1,2,maintenance,upper_lower
45,0,194,99,34.5,29.2,0,4,5,60,1,7.1,2,cut,upper_lower
38,0,170,115,37.7,33.1,1,3,5,60,4,6.0,2,strength,ppl_ul
40,1,185,77,18.8,36.3,1,0,2,60,4,5.1,0,cut,full_body
16,0,169,73,14.4,32.9,2,6,4,45,0,5.2,1,strength,upper_lower
24,1,166,91,34.7,31.2,1,6,4,30,4,6.6,0,strength,upper_lower
36,1,180,67,22.6,47.5,2,4,2,60,0,7.9,2,cut,full_body
21,0,153,87,18.4,45.4,1,6,2,45,4,8.7,2,strength,full_body
19,0,169,112,9.2,38.5,0,2,6,45,1,5.2,2,recomp,upper_lower
44,0,188,118,23.1,30.6,1,6,5,45,1,6.3,1,strength,ppl_ul
51,1,175,78,10.6,37.5,2,1,3,90,4,5.8,1,lean_bulk,ppl
51,1,189,112,15.4,26.8,1,2,6,30,0,7.7,1,recomp,ppl_ul
38,0,162,86,18.3,41.4,1,1,4,90,4,5.6,0,lean_bulk,upper_lower
28,1,193,92,12.7,43.2,0,0,2,45,4,8.7,1,cut,full_body
37,1,194,59,17.2,36.8,1,1,6,45,1,7.2,1,lean_bulk,ppl_ul
55,0,159,47,19.3,47.7,2,0,4,45,0,6.1,2,cut,upper_lower
19,0,179,46,10.0,41.5,2,6,4,30,0,6.2,2,strength,upper_lower
30,0,174,110,37.3,27.5,1,3,6,30,1,5.8,1,strength,ppl_ul
18,1,165,112,17.1,37.2,2,1,2,60,2,6.4,1,lean_bulk,full_body
48,1,167,52,26.8,47.0,0,4,4,45,1,6.4,1,cut,upper_lower
21,1,174,111,36.8,40.3,2,5,3,90,1,7.3,1,cut,ppl
54,0,171,102,24.3,30.2,0,4,6,45,1,6.2,2,maintenance,upper_lower
43,1,159,117,35.5,32.9,2,4,2,45,2,8.4,0,cut,full_body
36,1,176,97,17.1,43.6,2,5,4,45,1,5.4,0,maintenance,upper_lower
55,1,189,79,26.2,40.3,2,1,3,30,2,5.3,1,recomp,ppl
48,1,188,105,29.4,34.3,1,3,5,45,1,5.8,0,strength,ppl_ul
16,0,167,97,14.7,41.8,0,6,3,30,1,8.7,1,strength,full_body
36,0,179,76,20.8,44.4,2,5,5,60,3,7.4,2,maintenance,ppl_ul
49,1,156,102,21.7,46.9,0,4,6,90,0,7.2,2,maintenance,upper_lower
28,1,168,101,19.9,32.6,1,3,3,90,2,7.5,0,strength,ppl
45,1,191,102,10.7,37.5,0,6,6,45,3,6.7,1,strength,upper_lower
27,1,179,120,34.9,47.4,1,0,4,60,1,7.9,0,aggressive_cut,upper_lower
23,1,195,102,27.0,27.1,2,3,6,45,3,7.2,0,strength,ppl
37,1,186,64,12.9,28.6,2,0,5,60,2,7.9,1,cut,ppl_ul
27,0,157,61,36.8,25.1,1,0,5,90,3,7.2,0,aggressive_cut,ppl_ul
31,0,163,120,27.8,36.3,1,0,6,30,1,8.5,1,cut,ppl_ul
19,1,161,63,9.7,33.7,0,6,2,60,2,8.7,0,strength,full_body
42,1,161,65,28.2,40.3,2,5,6,45,3,8.0,1,cut,ppl
21,1,169,86,19.1,34.5,0,6,5,30,2,6.9,0,strength,upper_lower
37,0,183,97,23.7,42.4,2,0,2,30,3,7.9,2,cut,full_body
43,0,188,85,15.8,39.4,2,2,3,90,4,7.9,1,recomp,ppl
27,0,189,74,29.3,49.5,0,0,2,90,0,7.9,0,cut,full_body
42,0,152,87,18.5,45.2,0,0,3,60,2,8.2,1,cut,full_body
48,0,185,86,31.0,27.8,1,2,5,30,1,5.8,1,recomp,ppl_ul
46,0,152,62,22.4,40.7,2,2,5,90,0,8.3,1,recomp,ppl_ul
51,0,184,47,14.2,42.1,1,0,3,60,0,6.4,1,cut,ppl
52,1,188,94,13.6,27.9,1,5,4,30,2,6.7,1,maintenance,upper_lower
39,1,178,83,14.5,32.6,0,2,2,45,0,6.8,0,recomp,full_body
48,0,159,69,18.2,37.1,2,2,4,45,0,8.3,2,recomp,upper_lower
29,1,152,103,19.6,46.6,0,0,4,30,4,8.5,1,cut,upper_lower
18,0,156,111,31.0,43.6,0,4,4,45,2,5.8,1,maintenance,upper_lower
50,0,170,101,28.1,31.8,0,2,2,30,4,7.2,0,recomp,full_body
50,1,172,115,17.6,28.5,2,6,4,45,1,5.3,2,strength,upper_lower
50,0,178,51,11.9,36.8,2,0,2,90,0,5.3,1,cut,full_body
54,1,187,102,26.5,32.8,0,5,6,30,3,7.3,0,cut,upper_lower
22,0,179,84,28.5,42.8,1,3,3,45,1,8.4,2,strength,ppl
39,0,175,68,29.0,41.6,1,3,5,30,0,6.9,1,strength,ppl_ul
45,0,160,81,31.0,40.1,0,4,2,90,0,6.3,2,maintenance,full_body
35,1,184,104,20.0,35.3,2,1,6,45,3,6.5,1,lean_bulk,ppl
53,1,177,100,25.0,33.6,2,1,3,30,4,8.3,0,recomp,ppl
36,0,185,57,32.7,29.4,1,0,6,30,4,8.1,1,aggressive_cut,ppl_ul
47,0,191,52,10.7,45.4,2,6,2,45,1,6.8,1,strength,full_body
55,0,186,102,13.9,42.0,1,2,6,60,3,7.9,1,recomp,ppl_ul
53,1,150,110,20.1,28.2,1,0,4,30,0,7.8,1,cut,upper_lower
34,1,151,75,21.0,39.8,2,2,5,90,3,6.7,0,recomp,ppl_ul
46,1,158,69,24.7,46.1,1,6,5,45,2,9.0,2,strength,ppl_ul
24,1,150,54,27.5,28.6,1,5,5,45,0,5.5,1,cut,ppl_ul
54,0,177,68,21.6,35.6,1,3,4,45,1,6.7,0,strength,upper_lower
31,0,195,109,16.1,48.2,2,2,2,30,4,6.9,1,recomp,full_body
53,1,180,55,12.3,43.3,1,3,6,30,4,8.6,0,strength,ppl_ul
46,1,190,54,28.5,38.5,2,2,6,30,2,7.1,0,recomp,ppl
45,0,182,105,25.2,33.3,1,6,4,60,1,5.1,2,strength,upper_lower
52,0,166,52,26.9,39.5,2,0,4,30,2,6.9,0,cut,upper_lower
33,1,166,61,26.5,31.9,1,0,2,45,4,8.0,2,cut,full_body
39,0,161,78,31.5,30.9,0,6,6,30,2,8.9,0,strength,upper_lower
47,1,176,94,15.1,36.0,2,1,3,60,0,7.6,0,lean_bulk,ppl
26,1,179,96,22.3,36.9,2,1,5,90,3,6.1,2,recomp,ppl_ul
16,0,168,102,19.5,32.9,2,5,2,30,4,7.5,1,maintenance,full_body
37,0,167,79,32.1,31.4,2,3,5,45,4,8.1,2,strength,ppl_ul
27,0,170,115,8.3,25.2,0,0,5,30,4,5.4,1,cut,upper_lower
30,0,168,77,13.8,25.6,0,0,6,45,4,7.6,2,cut,upper_lower
21,1,188,61,19.3,44.1,2,4,3,30,1,6.0,1,maintenance,ppl
45,1,167,99,28.8,41.7,1,2,3,30,2,8.1,1,recomp,ppl
37,0,153,78,36.7,31.6,1,0,5,45,4,6.6,2,cut,ppl_ul
22,0,159,114,31.1,30.5,2,0,5,60,0,5.1,0,cut,ppl_ul
44,0,151,108,12.5,41.0,0,5,5,60,1,7.8,1,maintenance,upper_lower
48,1,195,107,22.3,35.1,2,6,2,45,0,6.5,2,strength,full_body
23,0,186,113,36.1,34.0,2,2,5,30,0,6.5,1,recomp,ppl_ul
45,1,168,70,13.3,26.0,1,5,3,60,3,8.6,2,maintenance,ppl
47,0,155,101,30.1,28.5,0,0,6,45,3,6.6,2,cut,upper_lower
47,0,184,102,37.0,25.4,1,0,4,30,3,5.5,2,cut,upper_lower
50,0,159,119,15.0,26.8,2,1,5,30,3,8.6,2,lean_bulk,ppl_ul
31,1,194,61,8.4,40.8,1,6,2,90,4,5.7,2,strength,full_body
22,1,157,108,25.8,40.4,0,6,3,90,2,8.2,2,strength,full_body
36,0,157,118,24.4,33.0,0,6,2,45,2,5.3,1,strength,full_body
42,1,160,92,24.6,36.0,2,0,3,30,4,6.5,0,aggressive_cut,ppl
47,1,155,45,8.2,48.2,2,5,6,60,3,7.8,1,maintenance,ppl
29,1,159,79,23.7,35.3,0,4,2,45,3,7.4,0,cut,full_body
38,0,176,45,24.7,29.8,2,0,6,60,4,7.0,1,cut,ppl
33,1,153,69,11.4,28.7,1,3,3,45,0,5.2,1,strength,ppl
29,0,177,77,18.0,45.1,1,0,2,30,4,5.7,0,cut,full_body
48,0,157,54,34.9,43.0,2,4,4,90,1,8.0,1,cut,upper_lower
23,1,170,74,10.9,43.4,0,3,3,30,3,7.3,0,strength,full_body
25,0,163,103,13.3,34.3,1,5,3,60,2,5.8,0,maintenance,ppl
52,1,153,80,12.1,46.3,1,3,3,60,1,8.5,2,strength,ppl
55,1,160,118,37.1,46.4,0,3,6,90,1,7.4,1,strength,upper_lower
16,0,177,76,15.4,35.9,0,4,3,30,3,8.9,0,maintenance,full_body
48,0,152,99,23.9,37.0,2,6,2,90,3,6.0,2,strength,full_body
42,1,163,61,18.8,31.0,0,0,5,60,1,7.8,2,cut,upper_lower
45,1,179,62,34.2,35.1,1,5,5,30,0,6.5,2,cut,ppl_ul
49,0,152,82,20.8,31.7,2,4,6,45,0,7.5,1,maintenance,ppl
48,1,193,91,34.6,27.8,1,3,6,30,2,6.5,2,strength,ppl_ul
51,1,195,71,12.2,33.4,2,0,5,45,1,6.3,1,cut,ppl_ul
33,0,153,53,19.2,36.3,2,4,2,90,4,7.7,2,maintenance,full_body
44,0,189,92,32.0,48.6,0,1,5,30,0,6.6,0,recomp,upper_lower
20,0,156,66,16.3,42.4,1,1,3,30,2,6.7,2,lean_bulk,ppl
46,1,172,98,21.3,41.1,1,1,2,30,1,8.3,2,lean_bulk,full_body
42,0,187,88,27.7,44.7,1,4,6,90,3,6.2,0,maintenance,ppl_ul
26,0,166,74,22.5,49.3,0,1,4,60,3,8.8,2,lean_bulk,upper_lower
50,1,168,68,37.2,46.0,2,5,3,45,1,5.5,1,cut,ppl
44,1,166,92,13.5,39.1,0,5,4,60,1,6.5,2,maintenance,upper_lower
50,1,169,60,35.6,35.1,1,6,3,90,2,5.6,2,strength,ppl
34,0,180,82,37.1,43.9,2,5,3,90,2,7.8,2,cut,ppl
18,0,158,115,11.5,25.6,2,6,3,90,2,5.4,0,strength,ppl
53,1,183,73,31.4,44.2,0,0,2,90,0,8.9,1,cut,full_body
47,1,170,110,36.3,47.7,1,3,3,90,2,6.5,0,strength,ppl
38,0,172,84,37.3,46.9,0,1,5,90,3,6.2,2,recomp,upper_lower
42,0,158,120,25.9,28.6,1,3,6,60,0,8.7,2,strength,ppl_ul
21,0,150,97,27.2,31.8,0,4,5,45,1,5.7,1,maintenance,upper_lower
51,0,181,50,32.7,32.5,2,2,5,90,1,5.1,0,recomp,ppl_ul
32,1,169,105,11.7,41.6,1,3,3,90,1,5.1,1,strength,ppl
20,0,188,91,25.4,39.1,1,5,5,30,2,7.1,2,maintenance,ppl_ul
32,1,160,119,9.8,33.0,2,1,4,45,0,6.1,1,lean_bulk,upper_lower
19,0,168,82,23.9,48.4,2,1,3,30,4,8.0,2,lean_bulk,ppl
36,0,193,83,16.1,42.4,1,0,6,60,1,5.1,2,cut,ppl_ul
39,0,181,97,18.2,47.8,0,1,3,45,1,8.2,2,lean_bulk,full_body
42,1,179,54,11.5,28.3,0,3,4,60,2,5.6,1,strength,upper_lower
27,0,195,83,8.9,45.4,0,1,3,45,2,5.5,0,lean_bulk,full_body
43,1,194,59,10.3,44.4,1,0,3,30,0,8.2,2,cut,ppl
46,1,157,77,9.3,32.5,0,6,2,30,4,5.8,0,strength,full_body
38,1,151,56,12.4,43.7,1,4,4,60,1,8.4,2,maintenance,upper_lower
48,1,186,53,11.0,39.5,0,4,3,45,2,5.7,2,maintenance,full_body
22,1,163,109,33.5,36.9,2,4,3,90,0,5.7,1,cut,ppl
43,0,163,110,14.8,27.8,1,0,5,30,4,5.5,1,cut,ppl_ul
51,0,152,55,17.8,27.9,1,3,6,60,3,5.9,1,strength,ppl_ul
43,0,162,53,34.8,45.1,2,2,3,30,3,7.7,1,recomp,ppl
49,0,192,55,11.6,34.9,2,4,2,45,0,6.5,0,maintenance,full_body
28,0,188,96,11.7,46.0,2,3,4,60,3,6.4,2,strength,upper_lower
47,0,182,80,12.4,36.4,0,2,5,90,1,7.5,0,recomp,upper_lower
22,1,153,53,22.9,25.7,0,3,6,60,1,6.2,2,strength,upper_lower
20,1,192,111,31.0,44.8,0,2,5,90,4,6.0,1,recomp,upper_lower
18,1,177,60,19.5,32.9,1,3,5,30,0,5.7,2,strength,ppl_ul
26,0,181,100,12.0,42.9,1,6,2,90,4,7.7,2,strength,full_body
46,0,185,65,23.2,34.8,1,4,5,60,2,6.3,0,maintenance,ppl_ul
24,1,173,89,32.3,39.6,2,2,5,30,3,6.4,1,recomp,ppl_ul
38,0,153,76,15.4,41.2,2,0,2,60,0,6.4,0,cut,full_body
18,0,179,99,25.0,47.5,1,0,5,30,2,6.5,1,cut,ppl_ul
52,0,156,107,11.0,41.9,1,3,6,60,1,7.5,1,strength,ppl_ul
28,0,181,54,33.2,38.4,1,2,2,60,4,6.6,0,recomp,full_body
53,1,156,120,18.1,26.7,2,3,5,45,2,8.2,2,strength,ppl_ul
48,0,169,100,27.9,32.8,1,3,4,90,4,5.7,0,strength,upper_lower
52,1,181,72,27.8,45.6,1,2,6,90,4,7.9,0,recomp,ppl_ul
39,1,179,63,15.2,43.7,1,6,5,90,2,8.4,0,strength,ppl_ul
42,1,167,81,27.4,31.4,2,1,5,45,0,5.6,0,recomp,ppl_ul
35,1,179,107,24.8,35.9,2,0,3,45,2,5.5,1,cut,ppl
51,0,161,50,36.9,37.1,0,0,2,60,4,6.2,0,cut,full_body
39,0,192,56,19.9,46.0,0,1,2,30,4,7.7,2,lean_bulk,full_body
47,0,155,75,26.0,44.3,1,2,6,90,1,8.7,0,recomp,ppl_ul
22,1,161,72,37.1,36.0,1,6,6,30,3,7.1,2,strength,ppl_ul
36,1,184,99,22.2,31.2,1,6,3,60,3,7.9,1,strength,ppl
54,1,152,51,28.7,44.7,0,2,6,90,2,7.6,2,recomp,upper_lower
23,0,184,75,33.7,34.7,1,2,4,30,1,6.2,0,recomp,upper_lower
36,0,191,97,31.7,31.9,0,6,5,90,3,8.7,1,strength,upper_lower
22,0,160,78,23.2,33.8,2,5,6,60,3,7.8,0,maintenance,ppl
44,1,191,62,8.1,30.0,1,2,6,30,0,5.6,2,recomp,ppl_ul
54,1,193,97,31.8,33.0,1,6,3,60,1,7.7,1,strength,ppl
28,0,155,98,19.0,34.8,1,6,6,45,0,8.8,2,strength,ppl_ul
21,1,179,70,15.9,46.3,0,3,6,90,4,6.0,0,strength,upper_lower
26,0,186,60,8.4,38.1,1,6,5,30,1,7.9,0,strength,ppl_ul
34,0,181,93,11.9,46.4,2,1,4,45,3,5.7,0,lean_bulk,upper_lower
34,1,166,75,26.5,47.7,1,4,5,30,0,6.9,1,cut,ppl_ul
29,0,195,94,29.3,43.4,1,0,2,30,0,6.3,0,cut,full_body
38,0,188,50,8.2,37.6,1,2,5,60,1,8.9,2,recomp,ppl_ul
53,1,161,78,13.1,37.3,1,3,3,30,2,7.8,1,strength,ppl
32,1,157,85,9.3,28.2,1,5,4,90,2,8.6,1,maintenance,upper_lower
49,0,170,100,34.8,32.9,1,6,3,90,0,5.8,0,strength,ppl
27,1,152,105,15.8,42.6,1,0,5,30,3,6.4,2,cut,ppl_ul
45,0,181,59,33.4,46.7,0,2,2,45,2,5.7,0,recomp,full_body
52,0,192,119,14.4,50.0,0,4,6,45,3,8.7,0,maintenance,upper_lower
22,0,171,48,16.5,49.5,0,3,4,30,2,5.6,0,strength,upper_lower
46,0,179,79,25.8,25.1,0,5,6,90,2,8.8,2,maintenance,upper_lower
29,1,153,81,17.7,26.4,0,4,6,90,0,6.6,0,maintenance,upper_lower
41,1,155,47,33.6,29.1,1,2,3,30,2,7.0,1,recomp,ppl
54,0,158,90,28.0,45.8,2,1,5,90,3,6.9,2,lean_bulk,ppl_ul
21,0,177,92,26.4,35.9,1,0,2,60,3,7.7,2,cut,full_body
47,1,183,112,10.5,36.7,0,6,5,60,1,8.9,2,strength,upper_lower
31,0,183,99,16.9,26.2,0,0,6,30,4,6.7,0,cut,upper_lower
52,0,166,90,15.6,27.0,2,0,2,90,1,8.1,1,cut,full_body
21,1,176,83,17.4,43.1,2,3,6,60,2,8.9,0,strength,ppl
27,1,155,78,34.1,27.7,2,0,2,90,0,5.1,2,cut,full_body
45,0,194,96,34.1,49.1,2,5,5,60,4,8.3,2,cut,ppl_ul
41,0,169,56,11.8,25.3,0,6,2,45,0,5.8,2,strength,full_body
31,1,177,113,13.7,32.5,1,1,5,90,0,5.5,0,lean_bulk,ppl_ul
47,0,180,47,33.8,39.6,0,2,6,90,0,6.3,0,recomp,upper_lower
42,0,181,119,25.9,38.9,1,0,5,90,3,7.1,2,cut,ppl_ul
30,0,195,52,23.8,35.6,1,4,2,60,3,8.6,0,maintenance,full_body
55,0,191,89,21.4,35.9,0,2,3,90,2,6.8,2,recomp,full_body
53,1,193,88,35.7,46.3,2,5,5,45,2,7.9,1,cut,ppl_ul
39,0,180,65,26.7,32.1,2,0,5,45,1,5.8,2,cut,ppl_ul
22,0,176,108,17.1,30.2,0,0,4,60,2,7.7,0,cut,upper_lower
20,1,171,100,11.4,30.7,2,1,5,60,2,8.1,0,lean_bulk,ppl_ul
25,0,194,110,26.1,27.6,0,3,5,30,0,8.1,2,strength,upper_lower
51,1,152,109,11.2,40.7,0,2,3,60,3,8.0,1,recomp,full_body
25,1,191,91,18.0,28.4,0,3,5,30,1,8.3,1,strength,upper_lower
34,0,182,66,10.6,34.3,1,2,3,45,4,6.7,0,recomp,ppl
43,1,176,97,34.9,48.8,2,6,4,30,3,5.6,0,strength,upper_lower
21,1,171,85,20.0,44.3,1,0,5,30,1,8.6,0,cut,ppl_ul
42,0,175,115,34.2,43.0,1,2,2,60,4,7.4,0,recomp,full_body
44,0,191,71,34.6,40.6,2,5,5,60,3,8.1,1,cut,ppl_ul
18,1,184,87,19.7,43.0,0,4,6,60,1,5.4,2,maintenance,upper_lower
49,0,171,65,8.7,47.3,2,4,4,45,2,7.9,2,maintenance,upper_lower
19,1,173,78,26.8,33.9,0,6,2,90,2,7.3,0,strength,full_body
37,0,165,119,25.0,47.4,2,5,6,45,2,6.2,2,maintenance,ppl
40,1,183,76,11.2,37.9,0,6,4,90,0,5.6,1,strength,upper_lower
21,0,155,52,20.7,28.3,0,3,2,60,4,6.6,2,strength,full_body
32,0,187,108,27.1,49.9,2,3,5,45,1,7.0,1,strength,ppl_ul
24,0,195,110,33.9,28.0,0,3,5,30,1,8.8,1,strength,upper_lower
54,1,176,59,11.6,39.3,0,4,3,30,2,6.2,1,maintenance,full_body
34,0,181,48,31.7,28.6,2,3,2,60,2,5.9,2,strength,full_body
16,0,157,115,18.5,46.8,1,3,6,60,4,6.8,1,strength,ppl_ul
46,0,188,61,30.9,37.6,1,6,5,90,1,8.5,1,strength,ppl_ul
55,1,192,97,19.6,47.5,1,4,2,90,2,7.6,0,maintenance,full_body
52,1,190,84,24.8,28.1,2,0,3,30,4,7.1,1,aggressive_cut,ppl
23,1,192,113,13.4,25.5,0,1,6,90,0,8.2,2,lean_bulk,upper_lower
41,0,187,50,22.7,48.3,1,3,3,90,0,8.4,1,strength,ppl
32,0,155,59,37.4,38.5,1,1,3,60,0,5.6,1,recomp,ppl
19,1,189,86,13.4,42.8,1,3,2,60,1,6.7,1,strength,full_body
40,0,157,51,14.1,43.8,2,1,5,90,0,6.1,1,lean_bulk,ppl_ul
51,0,176,53,22.5,35.2,0,0,4,30,1,8.1,2,cut,upper_lower
35,1,186,97,21.4,46.2,2,1,3,60,4,8.9,0,lean_bulk,ppl
51,0,178,50,8.0,36.6,2,2,3,30,0,8.7,1,recomp,ppl
54,0,166,93,38.0,46.1,0,4,6,60,0,5.6,2,cut,upper_lower
35,1,155,95,29.0,45.8,2,4,4,90,1,7.4,1,cut,upper_lower
32,0,195,102,16.2,41.6,1,2,3,90,4,6.3,2,recomp,ppl
16,1,188,105,8.1,25.2,0,3,6,90,3,7.2,2,strength,upper_lower
50,1,151,101,28.2,33.8,1,6,6,60,3,5.7,2,strength,ppl_ul
23,1,179,92,36.1,36.1,0,5,2,60,2,5.8,2,cut,full_body
30,0,164,108,37.0,25.9,1,5,6,45,0,5.8,2,cut,ppl_ul
23,0,167,117,23.0,29.3,0,5,6,45,0,7.4,2,maintenance,upper_lower
24,1,166,117,33.7,47.0,2,6,4,45,0,9.0,2,strength,upper_lower
51,0,179,45,36.1,41.0,2,0,4,90,3,6.1,2,cut,upper_lower
47,0,173,111,30.8,47.1,0,0,4,90,4,6.8,0,cut,upper_lower
28,0,171,55,34.4,45.2,2,1,5,30,1,5.8,1,recomp,ppl_ul
20,0,190,57,8.8,35.8,0,4,4,60,1,5.4,0,maintenance,upper_lower
19,0,171,111,31.8,48.6,2,4,5,30,3,7.3,0,maintenance,ppl_ul
18,1,174,85,34.7,42.3,0,0,5,30,2,7.4,1,cut,upper_lower
22,1,193,52,24.8,32.4,1,3,2,90,1,8.5,2,strength,full_body
45,1,174,104,31.9,47.0,2,0,4,30,3,7.1,2,cut,upper_lower
22,1,156,46,25.9,26.7,0,4,3,60,2,6.7,2,cut,full_body
27,0,165,62,31.9,26.5,1,4,5,60,2,7.3,2,maintenance,ppl_ul
25,1,180,84,26.1,32.3,0,4,6,45,0,5.9,2,cut,upper_lower
43,1,172,70,37.3,41.0,0,6,2,60,1,7.7,2,strength,full_body
54,0,194,87,33.6,39.2,1,4,4,90,2,5.6,1,cut,upper_lower
47,1,164,45,27.2,42.3,1,4,3,45,3,7.9,1,cut,ppl
29,0,175,68,32.8,25.2,0,0,4,30,4,5.5,1,cut,upper_lower
28,0,190,119,35.4,34.0,0,1,3,60,1,5.9,1,recomp,full_body
37,1,185,76,13.4,25.5,1,0,2,45,3,7.6,0,cut,full_body
29,0,169,103,15.2,45.2,2,1,6,90,0,5.5,0,lean_bulk,ppl
28,1,184,93,28.8,32.9,1,5,3,30,4,7.3,2,cut,ppl
25,0,170,76,9.6,44.9,0,6,6,90,1,7.9,1,strength,upper_lower
26,1,182,94,30.5,41.1,2,2,5,90,1,6.3,1,recomp,ppl_ul
47,0,180,79,25.4,41.0,2,5,2,45,1,8.6,1,maintenance,full_body
41,1,163,84,20.8,34.4,0,6,4,60,4,5.3,0,strength,upper_lower
44,0,183,90,14.9,26.0,2,4,4,90,3,6.9,1,maintenance,upper_lower
47,0,170,79,19.5,29.5,0,2,2,60,0,6.2,2,recomp,full_body
33,1,164,57,11.6,34.0,2,1,4,45,2,6.0,2,lean_bulk,upper_lower
28,0,195,62,38.0,43.8,2,4,4,30,2,6.1,1,cut,upper_lower
41,0,187,46,22.2,37.8,0,6,5,45,1,7.9,0,strength,upper_lower
30,0,183,120,31.6,43.9,2,6,5,60,0,6.3,0,strength,ppl_ul
42,0,163,101,21.5,39.0,1,1,6,45,2,8.8,0,lean_bulk,ppl_ul
38,0,171,73,20.6,42.1,1,6,6,60,2,7.3,2,strength,ppl_ul
24,1,159,87,25.0,45.0,2,4,5,90,1,8.8,0,cut,ppl_ul
28,0,180,58,17.9,49.0,2,2,2,45,0,7.7,0,recomp,full_body
54,1,181,48,13.6,26.7,1,2,3,45,2,7.6,0,recomp,ppl
19,0,173,111,8.3,33.2,1,3,3,30,1,7.1,1,strength,ppl
40,1,163,61,34.1,32.7,2,5,5,45,4,7.3,1,cut,ppl_ul
48,1,195,103,16.3,25.2,0,3,2,90,4,8.2,2,strength,full_body
52,0,181,103,21.9,26.0,0,2,5,60,2,6.6,0,recomp,upper_lower
31,0,161,100,21.7,47.8,0,5,6,30,3,7.8,0,maintenance,upper_lower
26,1,167,113,16.8,47.9,2,5,3,90,3,9.0,2,maintenance,ppl
39,1,154,58,23.1,44.5,1,3,3,60,1,7.0,1,strength,ppl
20,1,190,104,19.4,43.6,0,3,2,30,2,5.5,0,strength,full_body
45,0,181,104,10.0,38.7,0,5,5,45,3,8.3,0,maintenance,upper_lower
17,1,188,57,13.3,28.1,2,3,3,30,0,7.7,0,strength,ppl
38,0,161,72,29.4,47.3,2,1,5,30,4,7.6,2,lean_bulk,ppl_ul
40,1,194,84,21.3,40.0,0,6,5,45,1,6.5,0,strength,upper_lower
21,1,151,98,8.8,25.4,0,5,2,45,0,8.2,2,maintenance,full_body
26,1,152,98,23.4,45.4,1,4,3,45,4,6.6,1,cut,ppl
30,1,163,58,18.7,29.3,1,5,4,30,3,5.9,0,maintenance,upper_lower
33,1,191,92,9.3,47.1,1,2,6,90,0,7.9,2,recomp,ppl_ul
32,1,156,86,37.4,42.4,2,6,3,60,1,7.5,2,strength,ppl
46,0,154,87,8.5,47.8,1,3,6,45,4,7.3,0,strength,ppl_ul
17,1,189,60,17.3,43.4,0,4,2,30,1,6.5,1,maintenance,full_body
25,1,174,71,27.3,31.0,2,4,5,60,1,6.1,2,cut,ppl_ul
49,1,176,81,30.5,30.7,2,2,4,45,1,7.2,2,recomp,upper_lower
30,1,188,93,23.6,29.6,2,0,2,90,0,8.8,0,aggressive_cut,full_body
29,1,158,56,13.2,38.7,0,1,6,30,3,7.9,1,lean_bulk,upper_lower
28,1,165,99,13.3,31.2,1,4,5,45,2,8.4,1,maintenance,ppl_ul
39,1,175,93,13.0,36.0,2,4,5,45,3,5.1,1,maintenance,ppl_ul
21,0,169,113,12.6,43.2,1,3,5,60,3,6.1,2,strength,ppl_ul
20,0,171,62,29.4,29.9,0,0,2,60,3,6.6,1,cut,full_body
39,0,174,107,17.2,49.7,0,3,2,30,3,8.7,0,strength,full_body
43,1,166,89,23.3,37.2,2,2,2,90,3,7.9,0,recomp,full_body
18,0,173,48,28.9,41.1,1,4,5,45,2,6.0,2,maintenance,ppl_ul
16,1,157,56,27.3,47.9,1,5,6,30,4,8.6,1,cut,ppl_ul
43,1,166,83,23.0,38.3,1,4,4,90,0,5.4,2,cut,upper_lower
25,0,167,71,35.9,34.9,1,0,3,90,0,5.4,2,cut,ppl
49,0,176,81,30.0,29.3,1,1,3,45,3,5.7,0,lean_bulk,ppl
52,0,163,68,14.0,43.7,0,2,5,90,4,5.4,2,recomp,upper_lower
21,1,168,55,19.3,31.9,1,0,6,45,3,6.9,0,cut,ppl_ul
19,1,167,45,28.0,44.7,0,0,3,30,3,7.4,1,cut,full_body
46,0,171,99,18.1,42.0,1,2,3,60,3,6.5,0,recomp,ppl
37,0,156,45,21.7,42.5,2,6,3,30,4,5.5,2,strength,ppl
31,0,173,102,26.6,41.5,1,4,5,45,0,8.9,1,maintenance,ppl_ul
39,1,152,86,28.3,30.8,1,3,6,30,2,6.7,1,strength,ppl_ul
40,1,168,69,29.4,46.7,2,6,6,30,1,7.0,0,strength,ppl
51,0,179,66,34.9,48.9,1,5,6,45,1,5.8,2,cut,ppl_ul
22,1,177,48,12.8,48.2,1,6,4,45,2,7.7,2,strength,upper_lower
24,1,184,107,10.7,42.3,0,4,6,30,2,6.5,2,maintenance,upper_lower
51,0,177,74,14.7,27.9,0,0,2,60,4,8.7,2,cut,full_body
52,1,173,61,33.6,48.9,2,5,2,60,0,7.4,0,cut,full_body
43,0,170,91,31.9,48.3,0,4,6,45,0,6.6,2,maintenance,upper_lower
36,0,159,82,33.1,37.5,1,1,6,60,1,8.0,2,recomp,ppl_ul
54,1,170,84,23.1,42.2,1,6,6,90,1,7.0,2,strength,ppl_ul
19,0,171,64,32.8,30.3,2,6,3,30,1,8.4,2,strength,ppl
35,0,192,65,37.7,38.7,1,3,5,60,3,6.6,2,strength,ppl_ul
34,0,194,69,29.0,38.7,0,1,4,30,2,6.8,0,lean_bulk,upper_lower
44,1,194,106,16.7,28.6,0,6,3,30,2,7.9,2,strength,full_body
25,1,174,99,28.4,29.2,0,0,4,90,1,8.8,0,cut,upper_lower
53,0,177,64,26.8,35.1,0,0,3,90,3,6.2,2,cut,full_body
40,1,194,56,31.3,46.6,2,3,4,90,2,5.0,0,strength,upper_lower
23,1,181,110,14.7,39.7,2,3,4,30,4,5.7,1,strength,upper_lower
35,0,186,61,11.0,26.6,2,1,5,30,3,7.2,2,lean_bulk,ppl_ul
20,0,183,119,24.2,45.5,2,0,3,30,1,8.4,2,cut,ppl
16,1,185,102,32.0,28.1,0,4,3,45,0,7.2,0,cut,full_body
23,1,182,83,18.9,38.6,1,5,2,45,2,5.2,2,maintenance,full_body
50,0,178,62,25.3,42.4,2,2,6,45,0,7.7,0,recomp,ppl
18,1,162,63,17.0,45.8,0,4,6,45,4,6.4,0,maintenance,upper_lower
20,0,185,77,15.8,41.2,0,3,5,30,2,7.7,2,strength,upper_lower
50,1,163,54,26.9,31.7,2,5,3,60,4,7.6,2,cut,ppl
42,1,159,85,37.8,35.8,0,4,3,30,2,5.5,0,cut,full_body
20,0,171,56,18.9,33.3,1,1,3,60,0,5.4,0,lean_bulk,ppl
22,0,157,67,23.8,46.9,2,6,5,30,4,6.4,2,strength,ppl_ul
51,0,167,57,34.9,29.3,1,1,4,90,3,7.4,1,recomp,upper_lower
48,1,195,64,27.7,28.6,2,5,4,30,2,7.8,0,cut,upper_lower
45,0,161,101,37.6,45.0,2,2,4,90,4,8.8,0,recomp,upper_lower
21,0,169,97,31.1,46.1,2,0,2,45,0,5.7,0,cut,full_body
34,1,185,108,32.3,25.3,1,5,6,45,3,7.0,2,cut,ppl_ul
41,1,150,69,35.3,43.6,2,3,6,60,1,9.0,2,strength,ppl
54,1,178,66,28.2,47.0,2,1,3,30,2,8.4,2,recomp,ppl
19,0,177,108,19.4,34.3,0,2,3,30,2,6.2,1,recomp,full_body
29,0,150,117,19.8,48.1,2,4,2,90,4,8.4,0,maintenance,full_body
16,0,189,103,17.9,33.8,0,2,3,90,2,5.0,1,recomp,full_body
28,0,155,112,23.4,28.8,0,3,2,45,2,5.9,1,strength,full_body
35,0,173,99,34.8,38.4,1,0,5,90,1,5.6,2,cut,ppl_ul
16,0,172,70,11.3,32.1,0,3,5,60,0,5.6,0,strength,upper_lower
33,0,157,98,22.7,37.4,2,5,3,60,3,7.0,2,maintenance,ppl
24,0,157,58,31.8,28.2,1,4,2,45,0,7.7,1,maintenance,full_body
54,0,150,100,22.4,32.1,0,6,5,45,4,5.6,2,strength,upper_lower
31,1,167,59,33.9,49.9,0,5,5,45,3,7.8,0,cut,upper_lower
28,1,187,64,14.9,28.3,0,2,3,45,3,5.1,0,recomp,full_body
19,1,174,97,23.7,42.5,0,1,4,90,3,5.2,1,recomp,upper_lower
35,1,157,79,18.9,48.6,2,3,3,60,0,5.7,0,strength,ppl
36,1,163,81,22.2,47.7,0,3,3,60,3,6.5,1,strength,full_body
22,1,192,46,28.5,44.3,0,2,4,60,4,7.1,1,recomp,upper_lower
33,1,163,119,19.5,47.2,0,5,6,30,0,7.3,2,maintenance,upper_lower
28,1,195,102,35.8,26.9,2,4,4,60,3,9.0,0,cut,upper_lower
18,1,158,69,20.5,42.8,2,2,4,90,0,8.6,0,recomp,upper_lower
42,0,183,109,31.7,29.2,1,5,3,60,0,8.8,0,maintenance,ppl
41,1,181,113,34.1,49.3,0,3,6,90,4,8.1,1,strength,upper_lower
29,0,161,45,12.8,30.4,2,0,6,90,4,7.8,2,cut,ppl
35,0,164,82,29.2,38.8,0,1,2,45,2,5.2,0,lean_bulk,full_body
24,0,167,51,27.3,31.2,0,4,2,30,2,7.5,1,maintenance,full_body
21,0,195,115,15.9,28.3,2,2,4,30,0,8.3,0,recomp,upper_lower
27,0,166,47,24.1,49.5,2,0,5,60,4,7.2,1,cut,ppl_ul
36,1,167,71,25.4,45.2,1,1,5,45,3,6.5,1,recomp,ppl_ul
47,1,161,103,13.6,46.6,0,4,5,45,2,5.1,0,maintenance,upper_lower
41,1,193,69,10.1,26.8,0,3,5,30,4,5.5,0,strength,upper_lower
40,1,174,47,11.3,25.3,2,0,3,45,0,6.1,2,cut,ppl
16,1,156,114,30.1,33.5,2,0,3,45,3,8.0,1,aggressive_cut,ppl
35,1,171,106,12.6,26.4,2,2,6,30,0,8.3,0,recomp,ppl
22,0,182,98,12.3,47.8,0,1,5,90,1,6.4,1,lean_bulk,upper_lower
40,1,193,59,22.8,49.8,0,0,4,60,0,7.5,0,cut,upper_lower
21,0,152,64,13.3,38.3,2,1,5,45,2,7.5,1,lean_bulk,ppl_ul
22,0,167,108,27.9,48.3,2,6,2,30,1,8.1,0,strength,full_body
25,0,174,102,29.6,44.6,1,6,2,30,4,6.7,2,strength,full_body
25,0,155,86,37.8,29.5,1,2,4,90,3,6.9,1,recomp,upper_lower
24,0,191,76,19.5,38.7,2,4,5,45,3,5.3,2,maintenance,ppl_ul
49,0,186,73,29.1,30.9,0,1,2,60,4,6.9,0,lean_bulk,full_body
19,1,172,91,33.5,46.7,0,2,5,45,4,8.9,1,recomp,upper_lower
29,1,164,52,30.4,27.9,2,5,3,90,0,7.8,1,cut,ppl
19,0,194,58,27.9,26.8,2,6,3,30,1,6.5,0,strength,ppl
20,1,150,117,32.9,35.4,0,3,3,60,3,6.6,1,strength,full_body
16,0,168,59,12.7,47.0,0,4,3,45,0,6.6,1,maintenance,full_body
51,0,195,78,35.6,37.5,2,1,5,45,2,8.9,2,recomp,ppl_ul
24,0,163,96,26.6,30.5,0,6,6,30,3,6.9,2,strength,upper_lower
40,0,160,51,32.1,41.2,0,2,2,30,0,6.5,1,recomp,full_body
31,1,168,65,24.2,26.6,2,0,4,45,4,5.8,0,cut,upper_lower
33,1,155,117,24.9,39.1,1,0,2,60,0,8.8,0,aggressive_cut,full_body
34,0,175,109,13.8,43.8,2,2,3,30,2,6.6,2,recomp,ppl
48,1,159,48,25.6,34.6,2,6,2,60,1,5.6,1,strength,full_body
21,1,195,74,34.5,45.2,2,1,3,60,3,8.1,1,recomp,ppl
39,0,189,100,9.2,42.8,2,3,3,45,4,7.4,0,strength,ppl
22,0,150,63,31.0,32.7,0,3,2,90,2,5.7,1,strength,full_body
20,1,167,118,18.9,27.2,0,5,5,60,3,8.9,1,maintenance,upper_lower
23,1,186,107,9.2,46.5,1,3,6,45,3,6.5,2,strength,ppl_ul
39,0,155,97,23.2,31.6,2,0,6,30,1,7.8,2,cut,ppl
25,1,156,82,19.3,39.3,0,1,5,90,0,6.4,1,lean_bulk,upper_lower
22,0,155,68,30.0,47.9,1,6,5,45,3,6.3,1,strength,ppl_ul
54,0,181,72,29.1,36.9,1,3,2,45,3,5.6,0,strength,full_body
52,0,152,93,9.9,45.2,1,3,3,30,1,8.5,2,strength,ppl
33,0,166,67,10.5,26.7,1,0,4,90,3,7.1,2,cut,upper_lower
27,0,153,56,34.8,35.7,1,1,3,60,3,6.9,2,recomp,ppl
43,1,172,118,19.7,25.2,2,1,2,45,2,7.7,2,lean_bulk,full_body
16,0,159,103,36.0,37.5,1,0,5,60,4,7.9,1,aggressive_cut,ppl_ul
44,1,190,119,10.9,30.5,0,3,6,45,4,6.5,1,strength,upper_lower
28,1,193,118,36.7,34.3,1,0,4,60,4,8.3,0,aggressive_cut,upper_lower
45,0,176,97,18.6,45.7,1,4,4,30,1,6.8,1,maintenance,upper_lower
51,1,188,65,24.3,34.5,2,5,5,60,4,8.8,0,cut,ppl_ul
22,1,155,47,26.5,35.3,1,5,6,30,3,7.0,0,cut,ppl_ul
42,0,163,73,31.3,38.8,0,1,5,30,2,8.9,1,lean_bulk,upper_lower
41,0,150,92,31.5,37.7,1,5,4,60,3,7.7,0,maintenance,upper_lower
18,0,150,48,12.6,34.4,2,6,6,60,2,5.7,2,strength,ppl
31,0,185,95,13.8,41.1,0,6,6,90,1,8.8,1,strength,upper_lower
41,1,170,111,12.8,30.8,2,6,3,30,4,8.1,2,strength,ppl
51,0,160,86,14.1,27.3,1,0,6,45,0,7.5,2,cut,ppl_ul
52,1,174,48,30.3,28.3,1,5,4,45,1,7.6,0,cut,upper_lower
28,0,184,76,29.8,45.2,1,6,4,30,2,5.3,0,strength,upper_lower
53,1,156,59,21.8,39.9,0,1,4,60,1,5.4,1,lean_bulk,upper_lower
29,0,175,57,22.7,25.5,0,3,2,45,3,6.5,1,strength,full_body
26,0,161,83,8.3,29.5,2,5,6,30,0,8.9,1,maintenance,ppl
55,0,188,114,8.2,38.0,1,0,3,30,4,5.1,2,cut,ppl
29,1,173,59,35.0,25.7,0,1,2,45,2,6.1,0,recomp,full_body
38,1,195,115,27.6,36.7,1,3,6,90,1,6.0,0,strength,ppl_ul
41,0,156,119,31.8,39.7,0,6,3,90,3,8.5,1,strength,full_body
36,0,189,58,26.2,35.7,2,2,4,30,3,5.7,0,recomp,upper_lower
53,0,176,82,26.1,46.9,2,2,5,30,0,5.7,1,recomp,ppl_ul
27,0,172,76,10.2,41.4,1,1,4,30,0,6.3,0,lean_bulk,upper_lower
29,0,179,117,31.9,47.5,2,0,5,60,4,5.8,0,cut,ppl_ul
51,1,167,54,25.2,41.2,2,6,5,60,2,5.8,0,strength,ppl_ul
47,0,152,80,20.6,28.1,0,4,4,90,1,7.3,1,maintenance,upper_lower
52,1,150,104,16.5,46.0,1,0,6,30,2,7.6,0,cut,ppl_ul
22,0,176,83,16.2,43.8,1,0,6,60,3,7.4,1,cut,ppl_ul
45,0,181,60,33.3,48.4,0,0,3,30,0,5.6,1,cut,full_body
30,0,160,56,13.7,47.6,1,6,6,30,0,6.0,0,strength,ppl_ul
19,1,169,54,15.9,42.2,1,2,3,45,4,6.8,0,recomp,ppl
25,0,187,97,27.1,41.7,2,4,3,90,3,8.9,1,maintenance,ppl
30,0,155,78,31.0,42.8,1,4,3,45,0,5.3,1,maintenance,ppl
29,1,150,72,22.0,34.6,1,0,4,45,4,8.0,2,cut,upper_lower
35,0,195,103,27.7,46.2,0,1,3,60,3,8.9,2,lean_bulk,full_body
41,1,162,53,16.3,29.1,1,6,6,30,1,6.8,0,strength,ppl_ul
31,1,151,103,13.6,25.7,2,4,5,60,2,5.5,2,maintenance,ppl_ul
38,1,177,72,12.5,37.6,2,2,2,90,2,6.5,0,recomp,full_body
43,0,162,82,13.7,29.4,1,4,6,90,4,6.7,2,maintenance,ppl_ul
31,1,157,73,11.5,47.4,2,2,3,30,4,5.4,0,recomp,ppl
41,0,175,57,14.6,45.6,2,2,5,45,1,8.1,1,recomp,ppl_ul
54,0,168,45,10.8,37.6,2,4,5,60,1,5.7,2,maintenance,ppl_ul
26,1,161,87,35.0,28.5,0,5,5,90,2,5.1,1,cut,upper_lower
26,1,193,46,25.8,49.2,2,0,5,45,3,5.4,0,cut,ppl_ul
30,0,183,109,13.0,28.7,0,0,4,60,3,7.0,1,cut,upper_lower
47,0,166,91,21.8,45.7,1,5,4,90,0,6.1,2,maintenance,upper_lower
25,1,176,73,27.8,28.5,1,0,3,90,2,5.8,0,cut,ppl
40,1,190,58,37.0,46.9,2,4,5,45,2,8.6,1,cut,ppl_ul
41,0,187,98,36.4,31.9,0,0,6,60,4,5.5,1,cut,upper_lower
34,0,157,46,23.0,42.1,1,5,3,60,4,7.2,0,maintenance,ppl
47,0,168,53,32.0,25.4,0,1,4,30,0,7.0,0,recomp,upper_lower
38,0,192,45,9.5,28.4,1,6,6,45,0,7.9,0,strength,ppl_ul
43,1,187,55,16.7,25.8,1,1,5,90,3,8.9,0,lean_bulk,ppl_ul
35,0,188,84,13.2,35.9,1,6,6,45,1,6.0,1,strength,ppl_ul
35,1,169,55,16.9,48.2,1,4,3,90,3,5.4,2,maintenance,ppl
36,0,182,90,22.1,35.7,1,3,5,30,4,5.1,1,strength,ppl_ul
24,1,189,83,31.6,39.5,1,1,6,60,0,8.0,1,recomp,ppl_ul
41,1,192,45,21.9,44.1,2,3,2,30,0,6.1,2,strength,full_body
37,1,188,57,32.7,39.1,2,2,2,30,4,7.7,2,recomp,full_body
29,1,183,63,24.9,49.2,0,1,3,60,2,7.9,0,recomp,full_body
55,0,194,70,11.4,25.0,2,0,6,30,1,5.8,1,cut,ppl
48,1,178,95,9.7,28.0,1,3,3,45,4,6.0,2,strength,ppl
55,0,157,100,12.4,25.5,0,6,3,45,4,8.0,2,strength,full_body
46,1,180,82,16.7,27.5,2,3,4,60,3,6.5,0,strength,upper_lower
42,0,177,63,8.8,36.4,2,3,2,60,0,7.6,2,strength,full_body
18,0,172,62,22.0,43.1,1,0,3,60,4,8.4,2,cut,ppl
38,1,195,112,19.7,26.6,2,1,4,60,3,7.9,0,lean_bulk,upper_lower
35,0,175,53,35.5,41.1,1,3,6,45,4,7.8,2,strength,ppl_ul
24,0,194,86,25.7,39.5,2,4,5,30,0,5.1,2,maintenance,ppl_ul
30,1,156,58,23.0,42.0,1,6,3,45,0,8.6,0,strength,ppl
42,0,154,52,26.4,27.9,2,0,5,60,4,7.5,0,cut,ppl_ul
36,1,156,102,19.3,49.7,2,4,3,45,2,7.0,2,maintenance,ppl
30,0,162,65,21.0,38.2,0,0,6,30,0,5.8,0,cut,upper_lower
39,1,176,117,24.4,26.8,0,5,6,90,1,8.3,2,cut,upper_lower
48,0,172,90,26.6,39.0,0,6,2,90,3,7.5,0,strength,full_body
24,1,183,83,11.0,37.5,0,4,6,60,0,5.9,1,maintenance,upper_lower
40,0,195,90,10.0,46.8,1,0,6,45,4,8.7,2,cut,ppl_ul
41,0,189,52,24.4,47.3,2,3,4,30,0,6.4,1,strength,upper_lower
37,1,153,62,14.1,45.4,1,6,2,45,3,5.3,2,strength,full_body
38,1,154,98,25.9,40.3,0,4,5,45,2,7.9,0,cut,upper_lower
47,1,182,73,27.5,35.8,1,6,3,30,0,5.1,0,strength,ppl
17,0,185,106,9.6,44.1,2,1,5,90,4,5.6,1,lean_bulk,ppl_ul
55,1,173,90,13.8,35.9,0,1,3,30,4,5.0,1,lean_bulk,full_body
16,1,165,52,10.3,28.2,0,2,2,60,2,7.4,0,recomp,full_body
24,0,188,95,22.4,28.1,0,0,4,45,3,7.8,1,cut,upper_lower
44,1,195,83,36.2,44.5,1,6,3,60,2,7.8,2,strength,ppl
19,1,172,97,29.2,40.5,1,0,3,45,4,5.9,2,cut,ppl
23,1,173,63,9.1,30.9,1,5,5,30,0,7.0,0,maintenance,ppl_ul
33,0,187,94,17.0,49.1,0,2,6,90,3,5.1,1,recomp,upper_lower
44,0,152,73,14.2,29.6,1,4,2,60,0,7.2,1,maintenance,full_body
54,1,171,78,32.3,39.8,0,2,6,90,3,8.1,2,recomp,upper_lower
22,1,185,94,36.6,48.3,1,6,6,90,3,7.3,2,strength,ppl_ul
26,0,174,104,30.4,48.1,0,0,4,60,0,9.0,2,cut,upper_lower
37,0,186,95,9.2,31.9,1,5,4,30,0,6.2,2,maintenance,upper_lower
32,0,161,101,21.9,36.0,1,0,4,90,4,5.9,0,cut,upper_lower
33,1,189,115,17.4,26.6,0,2,4,60,3,5.5,2,recomp,upper_lower
25,1,189,51,15.0,41.4,0,5,6,90,4,6.3,2,maintenance,upper_lower
19,1,195,78,37.3,25.4,1,4,2,45,2,5.4,2,cut,full_body
23,0,182,54,15.1,33.1,1,6,5,30,3,8.5,0,strength,ppl_ul
36,1,188,91,18.0,35.2,2,2,5,60,4,5.1,1,recomp,ppl_ul
34,1,159,120,8.8,40.2,1,4,6,60,1,6.5,2,maintenance,ppl_ul
25,1,174,55,36.7,49.0,0,4,6,90,4,7.9,2,cut,upper_lower
54,1,180,112,23.6,32.9,0,6,6,60,1,6.3,1,strength,upper_lower
45,1,170,59,28.8,36.1,1,2,2,60,4,7.0,1,recomp,full_body
54,0,164,102,31.6,30.7,0,4,3,90,4,7.7,2,maintenance,full_body
34,0,171,85,11.5,35.2,2,1,6,90,1,8.6,1,lean_bulk,ppl
26,1,157,98,15.9,38.9,1,5,2,45,0,8.3,0,maintenance,full_body
20,1,158,110,34.0,48.0,1,2,3,90,4,6.0,1,recomp,ppl
37,1,171,120,26.3,27.7,2,0,2,60,3,8.6,2,cut,full_body
43,0,168,106,29.0,43.3,2,6,6,30,1,8.6,2,strength,ppl
45,0,174,86,21.2,37.7,2,2,2,45,2,7.0,0,recomp,full_body
34,0,170,94,17.6,29.5,0,0,3,90,4,6.1,2,cut,full_body
22,0,172,81,13.0,32.2,1,3,3,45,2,8.8,1,strength,ppl
30,1,192,80,12.2,30.2,2,6,3,30,4,8.6,2,strength,ppl
16,1,181,48,19.1,32.0,2,3,5,45,3,6.2,0,strength,ppl_ul
44,1,177,108,15.9,46.6,1,5,2,60,0,8.0,0,maintenance,full_body
36,1,160,109,18.1,36.3,2,4,2,60,0,6.7,2,maintenance,full_body
28,0,185,49,36.5,40.7,0,1,6,90,1,7.7,1,recomp,upper_lower
25,0,181,68,30.0,32.1,0,5,2,45,0,6.7,1,maintenance,full_body
27,1,152,98,28.6,40.3,2,4,3,60,3,7.1,0,cut,ppl
30,0,168,107,22.7,40.8,2,2,6,90,2,5.4,0,recomp,ppl
42,0,178,86,15.4,35.6,0,3,4,30,2,7.8,2,strength,upper_lower
46,1,181,97,28.6,25.7,1,4,3,90,0,7.2,1,cut,ppl
36,0,176,95,32.3,35.6,1,0,4,90,1,6.4,0,aggressive_cut,upper_lower
44,0,176,73,25.2,29.2,0,6,2,60,1,7.4,0,strength,full_body
40,1,155,87,35.4,44.2,2,0,2,45,2,7.1,0,aggressive_cut,full_body
30,0,168,65,35.3,33.3,0,4,3,30,0,8.4,2,cut,full_body
48,1,175,107,9.3,32.1,0,1,3,30,2,8.0,1,lean_bulk,full_body
24,0,167,55,10.3,37.6,2,6,5,30,0,8.0,2,strength,ppl_ul
22,1,187,95,13.8,40.1,1,6,4,90,4,8.0,1,strength,upper_lower
45,0,162,57,15.9,41.4,1,3,4,90,0,5.9,1,strength,upper_lower
46,0,168,113,23.2,34.6,1,5,5,60,4,7.9,1,maintenance,ppl_ul
52,1,151,95,31.1,36.2,1,4,2,60,2,5.6,2,cut,full_body
22,1,185,66,14.2,48.6,2,1,2,45,3,7.5,1,lean_bulk,full_body
19,1,181,77,20.4,43.5,0,0,4,90,0,6.1,0,cut,upper_lower
50,0,181,85,36.8,30.9,1,5,5,30,0,6.7,0,cut,ppl_ul
24,0,150,65,23.6,28.0,0,3,2,30,3,7.0,2,strength,full_body
24,0,185,98,20.0,32.4,1,2,4,60,4,8.6,2,recomp,upper_lower
25,1,168,111,28.6,45.1,2,2,6,60,3,6.9,1,recomp,ppl
26,1,183,105,8.3,35.4,0,3,2,30,2,7.8,0,strength,full_body
50,1,179,87,10.8,40.6,2,1,2,60,4,8.5,1,lean_bulk,full_body
28,1,167,81,32.6,46.7,2,5,4,60,4,8.1,1,cut,upper_lower
20,1,187,64,11.1,30.4,0,2,6,30,1,8.2,2,recomp,upper_lower
37,0,186,120,26.1,49.2,2,6,6,90,1,5.7,0,strength,ppl
21,1,189,63,12.3,36.9,0,2,2,30,1,7.0,1,recomp,full_body
46,0,170,83,23.0,27.9,2,3,5,90,3,6.4,2,strength,ppl_ul
49,0,155,72,36.7,48.6,1,5,3,90,4,6.8,2,cut,ppl
23,0,185,100,27.6,29.5,1,6,5,60,3,5.9,2,strength,ppl_ul
40,1,173,67,36.0,49.9,0,3,4,45,0,7.3,1,strength,upper_lower
39,1,166,109,35.6,40.2,0,5,4,90,3,5.2,2,cut,upper_lower
33,0,190,52,37.1,45.6,2,3,6,90,3,5.7,2,strength,ppl
18,1,173,48,26.4,42.8,2,5,3,45,0,6.7,0,cut,ppl
44,1,190,52,17.4,46.4,1,6,3,30,2,8.3,1,strength,ppl
53,1,173,111,8.4,41.6,1,6,2,30,1,8.3,2,strength,full_body
33,1,155,67,21.3,31.9,0,5,6,90,1,7.5,0,maintenance,upper_lower
33,0,185,89,11.5,36.7,2,0,6,90,0,5.5,0,cut,ppl
21,1,161,85,25.7,49.1,0,6,2,45,2,6.8,2,strength,full_body
35,1,193,69,30.4,43.5,1,0,5,60,1,6.1,2,cut,ppl_ul
42,0,164,69,16.2,30.0,1,2,5,60,0,7.0,2,recomp,ppl_ul
38,0,191,111,21.5,40.8,0,0,6,90,1,7.2,0,cut,upper_lower
38,0,191,81,14.2,42.5,2,4,4,30,4,8.1,1,maintenance,upper_lower
45,1,166,49,35.7,37.9,2,1,5,45,3,7.3,1,recomp,ppl_ul
53,0,152,86,29.0,40.7,0,1,5,90,2,6.3,0,lean_bulk,upper_lower
38,1,169,65,22.0,29.7,0,3,6,90,4,7.3,1,strength,upper_lower
46,0,165,77,29.7,40.0,1,5,5,60,0,8.9,0,maintenance,ppl_ul
42,1,177,79,36.6,35.0,0,1,6,45,2,8.5,2,recomp,upper_lower
52,1,158,61,27.9,44.7,0,0,4,45,2,6.8,0,cut,upper_lower
16,0,192,63,14.0,29.3,1,0,3,45,1,6.7,2,cut,ppl
25,1,193,116,33.4,34.4,1,1,4,30,3,7.2,1,recomp,upper_lower
46,1,192,93,32.9,42.7,0,3,3,60,1,6.6,1,strength,full_body
43,0,188,95,24.0,33.7,2,5,6,30,1,8.5,0,maintenance,ppl
39,1,173,88,23.0,25.0,2,6,5,30,1,5.6,0,strength,ppl_ul
29,1,169,100,10.8,34.6,0,3,3,60,2,6.5,1,strength,full_body
32,1,176,67,12.9,42.1,0,3,2,60,0,7.6,1,strength,full_body
26,1,170,61,25.2,34.6,1,0,5,90,3,8.1,1,aggressive_cut,ppl_ul
32,0,190,59,26.1,45.1,1,4,4,90,2,8.4,1,maintenance,upper_lower
27,1,177,113,30.8,46.8,0,1,2,60,4,6.0,2,recomp,full_body
43,0,153,104,16.5,28.0,1,3,4,30,4,7.7,1,strength,upper_lower
37,0,193,82,31.0,25.6,1,1,4,60,3,5.1,1,lean_bulk,upper_lower
18,0,188,59,18.7,25.9,2,3,3,45,0,7.1,0,strength,ppl
47,1,177,80,18.4,36.5,2,1,6,90,0,5.3,1,lean_bulk,ppl
25,1,188,57,19.5,49.5,0,2,4,90,3,5.1,2,recomp,upper_lower
21,0,177,59,31.8,39.3,1,4,6,45,0,6.5,1,maintenance,ppl_ul
43,1,167,68,16.3,41.8,2,3,3,60,2,5.0,0,strength,ppl
42,1,192,61,16.2,36.6,2,2,2,45,1,5.1,1,recomp,full_body
20,1,189,81,29.8,40.2,1,4,5,60,4,6.6,2,cut,ppl_ul
37,1,171,85,18.4,36.1,1,6,5,45,4,7.8,2,strength,ppl_ul
32,0,175,49,27.8,39.3,0,5,5,60,0,5.8,2,maintenance,upper_lower
35,0,168,85,21.5,36.7,0,4,6,45,4,6.4,1,maintenance,upper_lower
17,0,168,116,30.3,49.7,1,4,3,90,4,8.8,0,maintenance,ppl
41,1,163,72,37.8,39.3,0,6,3,90,4,6.6,0,strength,full_body
54,0,167,85,31.1,40.8,2,5,4,90,1,8.4,1,maintenance,upper_lower
34,0,178,65,35.7,29.4,1,0,6,60,3,7.6,2,cut,ppl_ul
40,1,187,98,37.2,35.3,2,0,6,45,1,7.4,2,cut,ppl
54,1,186,97,36.4,33.1,0,1,6,90,0,8.8,0,recomp,upper_lower
51,0,182,69,33.5,29.0,1,5,3,45,3,8.7,0,cut,ppl
24,0,168,53,34.8,30.2,1,3,3,90,1,8.2,1,strength,ppl
54,1,171,65,15.3,43.1,0,0,2,90,4,9.0,1,cut,full_body
42,1,166,113,11.6,44.4,2,4,2,90,3,8.3,0,maintenance,full_body
41,0,152,91,20.0,48.2,2,5,5,90,0,5.4,1,maintenance,ppl_ul
26,1,173,97,27.7,28.5,0,6,5,45,2,5.4,2,strength,upper_lower
45,1,195,107,30.6,43.9,1,2,5,60,3,7.8,2,recomp,ppl_ul
54,0,152,62,12.4,32.2,0,2,6,60,2,6.2,2,recomp,upper_lower
52,1,190,84,22.3,36.0,1,1,3,45,4,6.2,1,recomp,ppl
30,0,151,72,25.5,28.7,0,2,4,90,3,7.5,0,recomp,upper_lower
25,0,187,109,17.4,34.4,1,5,3,90,1,6.9,1,maintenance,ppl
20,1,171,73,17.3,30.6,1,4,2,45,2,7.0,2,maintenance,full_body
49,1,164,70,18.9,25.8,2,0,4,30,2,7.2,2,cut,upper_lower
19,1,178,117,23.7,31.1,2,1,3,45,3,5.7,2,recomp,ppl
51,0,167,56,30.3,43.3,0,1,6,60,0,5.8,0,lean_bulk,upper_lower
45,0,156,113,34.4,26.3,2,0,3,90,0,6.8,1,aggressive_cut,ppl
22,1,184,120,14.4,37.2,2,0,6,90,0,7.9,1,cut,ppl
53,1,190,103,37.8,31.3,1,4,4,90,1,6.3,1,cut,upper_lower
35,0,166,113,15.5,31.9,2,4,4,90,0,8.9,0,maintenance,upper_lower
16,0,170,110,22.1,29.1,0,6,5,60,0,8.7,1,strength,upper_lower
50,0,161,69,31.4,44.1,0,2,6,60,2,8.1,1,recomp,upper_lower
35,1,189,71,25.1,28.9,0,1,5,45,1,7.4,0,recomp,upper_lower
49,0,180,98,31.4,31.7,1,3,4,60,1,6.2,2,strength,upper_lower
36,0,178,84,20.8,34.8,1,0,5,30,3,6.4,0,cut,ppl_ul
33,0,151,70,14.3,42.9,1,6,4,30,2,6.7,1,strength,upper_lower
51,0,185,70,31.9,40.4,1,6,4,30,0,6.0,1,strength,upper_lower
53,0,180,50,31.4,34.8,2,3,3,60,4,7.3,0,strength,ppl
19,1,190,88,16.3,34.2,1,0,5,45,0,6.3,2,cut,ppl_ul
25,0,159,120,17.0,30.0,0,3,3,60,4,7.2,2,strength,full_body
51,0,183,82,28.7,28.5,0,6,4,60,3,8.0,0,strength,upper_lower
36,1,179,74,21.8,33.3,2,5,4,60,4,8.0,0,maintenance,upper_lower
23,1,191,97,20.8,45.2,0,6,6,30,4,6.5,2,strength,upper_lower
18,0,182,86,31.7,37.3,2,2,2,30,4,5.4,2,recomp,full_body
50,1,160,110,33.4,27.2,1,4,3,30,3,8.3,1,cut,ppl
25,0,191,87,10.2,41.2,1,3,6,90,0,6.6,1,strength,ppl_ul
55,1,174,47,8.3,33.1,0,2,3,60,4,6.8,2,recomp,full_body
52,1,172,118,12.6,44.3,0,2,3,30,0,7.1,0,recomp,full_body
50,1,172,53,17.8,32.9,0,5,3,45,2,5.7,1,maintenance,full_body
29,1,172,48,12.1,47.5,1,0,5,30,3,8.5,2,cut,ppl_ul
40,1,153,102,21.2,30.0,1,4,2,30,1,7.0,2,maintenance,full_body
26,1,163,60,36.2,43.5,1,5,4,90,1,5.8,0,cut,upper_lower
46,0,166,110,11.4,36.4,0,3,5,90,0,6.4,1,strength,upper_lower
43,1,191,83,14.9,42.5,2,5,5,90,0,8.8,1,maintenance,ppl_ul
18,0,159,76,13.3,25.2,2,1,3,90,0,5.2,0,lean_bulk,ppl
39,0,189,98,32.7,35.5,0,4,3,45,2,8.5,0,cut,full_body
17,1,181,71,17.2,40.6,1,4,4,30,0,6.3,1,maintenance,upper_lower
25,1,176,50,24.2,44.1,2,4,3,45,0,5.1,0,cut,ppl
42,1,154,59,37.1,36.6,1,6,6,90,1,8.4,2,strength,ppl_ul
35,1,180,105,35.0,31.4,1,5,6,60,4,7.7,0,cut,ppl_ul
47,0,186,70,11.8,37.9,0,1,2,30,3,6.1,2,lean_bulk,full_body
31,1,164,77,13.5,41.5,1,5,5,60,1,6.3,1,maintenance,ppl_ul
53,1,152,94,27.0,44.9,0,0,3,30,1,5.6,1,cut,full_body
52,1,180,106,33.7,29.7,2,3,5,45,3,7.5,2,strength,ppl_ul
23,0,167,110,35.7,33.4,0,2,4,90,4,6.8,0,recomp,upper_lower
49,0,166,53,31.5,35.7,0,4,3,30,1,8.9,0,maintenance,full_body
51,1,195,82,11.8,33.7,1,3,6,30,4,5.7,2,strength,ppl_ul
25,1,193,73,31.3,30.0,2,2,6,45,4,8.4,2,recomp,ppl
50,1,173,114,14.9,48.7,2,1,4,45,0,7.7,2,lean_bulk,upper_lower
25,1,184,99,33.7,32.0,1,2,5,90,3,6.9,0,recomp,ppl_ul
16,0,154,77,29.3,41.7,0,5,6,30,0,8.0,0,maintenance,upper_lower
46,1,160,76,19.7,29.0,1,3,6,45,1,8.3,0,strength,ppl_ul
33,1,158,96,11.7,43.5,2,1,3,90,1,7.7,1,lean_bulk,ppl
23,1,183,84,23.7,44.3,2,3,3,90,2,8.3,2,strength,ppl
25,0,154,88,34.3,48.7,0,3,4,30,3,6.7,0,strength,upper_lower
34,0,164,111,11.1,49.9,2,4,4,45,3,8.3,1,maintenance,upper_lower
19,0,190,58,34.0,32.0,2,5,4,60,4,6.3,2,cut,upper_lower
38,0,155,46,11.0,45.1,0,4,5,45,4,6.7,1,maintenance,upper_lower
47,1,185,117,19.3,38.0,2,3,2,30,4,8.4,2,strength,full_body
52,1,156,60,37.0,31.0,2,5,6,90,3,7.9,0,cut,ppl
44,0,179,118,33.9,25.9,1,6,5,30,1,7.3,0,strength,ppl_ul
22,0,168,97,32.1,43.2,1,2,4,60,1,6.1,0,recomp,upper_lower
45,0,194,78,31.1,29.0,2,6,6,60,3,8.0,0,strength,ppl
21,0,171,90,26.5,43.5,0,2,4,30,0,7.6,1,recomp,upper_lower
27,0,174,70,15.9,42.7,1,2,5,60,1,8.8,1,recomp,ppl_ul
23,1,162,119,17.3,37.7,2,4,4,45,3,7.5,0,maintenance,upper_lower
21,1,155,96,33.6,28.6,1,4,4,90,1,8.7,0,cut,upper_lower
55,0,186,55,17.7,30.6,0,1,6,45,2,5.1,0,lean_bulk,upper_lower
31,1,164,101,27.4,30.4,0,2,3,30,4,6.9,1,recomp,full_body
51,0,185,117,13.8,29.7,2,4,5,90,2,7.8,1,maintenance,ppl_ul
43,0,173,91,35.0,48.4,1,4,4,30,1,6.3,2,cut,upper_lower
50,1,187,61,10.9,47.9,2,5,5,60,0,8.2,2,maintenance,ppl_ul
38,1,195,115,32.6,30.6,1,4,2,90,4,6.8,2,cut,full_body
20,0,160,47,24.8,39.0,0,2,5,45,0,7.7,0,recomp,upper_lower
52,0,166,48,29.4,37.3,2,6,3,90,1,7.6,1,strength,ppl
37,0,164,117,32.0,37.7,1,1,6,60,0,8.9,0,recomp,ppl_ul
53,0,157,54,26.4,38.2,2,1,3,45,4,8.1,0,lean_bulk,ppl
17,1,191,108,29.9,33.3,0,3,6,90,3,6.5,1,strength,upper_lower
37,1,161,57,17.3,29.4,1,2,5,30,1,6.0,0,recomp,ppl_ul
38,1,191,55,18.2,43.8,2,2,2,30,4,5.2,1,recomp,full_body
26,1,150,112,8.4,33.2,1,0,6,60,0,8.8,0,cut,ppl_ul
27,0,184,72,37.3,27.4,2,1,6,60,4,5.7,1,recomp,ppl
48,1,159,101,8.9,26.0,2,6,2,60,2,5.4,2,strength,full_body
53,1,183,66,35.0,37.4,2,1,6,60,3,8.7,2,recomp,ppl
44,0,157,115,10.0,31.2,0,1,5,45,3,5.2,0,lean_bulk,upper_lower
53,0,156,111,10.7,41.4,2,4,6,90,4,7.6,1,maintenance,ppl
24,0,178,70,16.8,40.7,1,3,5,30,3,5.1,0,strength,ppl_ul
51,0,180,94,17.2,49.8,1,6,2,30,1,8.8,1,strength,full_body
36,1,153,113,8.8,49.2,1,1,4,30,3,8.0,2,lean_bulk,upper_lower
48,1,173,50,35.3,27.5,0,1,4,30,1,7.0,2,recomp,upper_lower
18,1,174,71,35.0,27.9,1,0,3,60,1,8.9,0,aggressive_cut,ppl
41,0,152,64,12.3,31.2,2,2,5,60,1,8.8,2,recomp,ppl_ul
42,0,194,46,20.5,35.3,1,6,3,90,2,7.4,2,strength,ppl
18,0,194,102,11.9,42.2,0,5,2,30,1,8.6,1,maintenance,full_body
27,1,184,86,13.0,43.5,2,5,5,60,4,6.1,2,maintenance,ppl_ul
22,0,157,95,32.7,47.1,0,4,5,45,1,7.1,0,cut,upper_lower
46,0,156,59,14.9,45.8,0,0,2,45,3,7.5,1,cut,full_body
44,1,188,50,27.9,37.6,0,6,3,60,0,7.3,0,strength,full_body
32,0,161,89,21.9,47.5,0,3,5,45,2,7.0,0,strength,upper_lower
28,1,171,101,8.8,36.0,0,4,6,60,4,5.6,2,maintenance,upper_lower
19,0,157,53,20.3,38.4,2,5,3,60,2,5.2,0,maintenance,ppl
16,1,174,45,24.9,45.3,2,0,3,30,4,7.2,0,aggressive_cut,ppl
52,0,191,94,16.5,40.4,1,5,3,90,4,6.0,2,maintenance,ppl
46,0,159,103,24.1,34.0,0,2,3,90,2,8.5,1,recomp,full_body
43,1,169,63,9.3,35.3,2,6,3,90,1,8.4,1,strength,ppl
41,1,176,98,21.8,36.3,1,3,4,60,2,7.7,0,strength,upper_lower
31,1,163,69,25.1,48.7,2,5,6,60,3,7.2,1,cut,ppl
35,0,163,95,12.2,27.7,2,3,4,90,0,5.8,1,strength,upper_lower
40,1,183,100,13.4,36.1,2,1,5,45,2,8.9,2,lean_bulk,ppl_ul
41,1,186,70,12.5,32.9,0,6,3,90,2,7.4,2,strength,full_body
22,1,154,55,8.6,48.0,0,2,2,60,2,5.8,0,recomp,full_body
35,1,154,91,26.7,32.9,1,3,4,45,2,6.2,2,strength,upper_lower
25,1,160,98,11.6,47.8,1,1,6,90,2,7.8,0,lean_bulk,ppl_ul
25,1,178,57,30.7,28.4,1,3,5,90,1,8.1,2,strength,ppl_ul
44,0,187,118,13.5,47.3,1,5,6,60,2,9.0,1,maintenance,ppl_ul
27,1,158,83,28.3,47.9,0,6,3,60,2,7.8,0,strength,full_body
54,0,181,47,26.7,39.8,0,2,4,45,4,6.1,2,recomp,upper_lower
47,1,170,66,9.6,31.0,1,2,5,90,2,5.2,2,recomp,ppl_ul
21,0,171,115,8.9,46.8,2,0,6,30,2,6.5,1,cut,ppl
40,0,152,79,28.9,33.4,2,6,5,90,2,5.5,1,strength,ppl_ul
51,0,162,107,16.4,27.1,1,5,2,60,4,8.6,0,maintenance,full_body
22,1,165,54,13.3,26.6,2,6,3,30,0,5.0,0,strength,ppl
55,0,154,64,25.5,49.1,1,5,4,30,4,5.5,2,maintenance,upper_lower
28,1,155,68,10.8,48.8,0,3,3,45,0,7.9,1,strength,full_body
49,0,162,105,32.5,42.7,1,4,3,90,2,7.9,2,cut,ppl
44,1,161,109,8.2,29.4,0,2,3,45,0,7.8,0,recomp,full_body
27,1,170,74,12.9,40.9,2,2,6,90,4,7.6,0,recomp,ppl
32,0,172,75,23.9,41.4,2,2,4,45,0,5.2,1,recomp,upper_lower
19,0,189,100,10.4,44.1,2,3,2,30,2,7.4,1,strength,full_body
52,1,166,85,21.5,43.6,1,2,5,60,3,6.3,2,recomp,ppl_ul
30,1,187,66,9.3,33.8,1,3,4,90,3,8.5,1,strength,upper_lower
25,0,159,94,20.6,25.6,0,6,4,90,1,6.6,0,strength,upper_lower
27,0,159,120,36.4,30.4,0,3,5,45,2,6.3,0,strength,upper_lower
41,0,160,83,32.9,46.3,1,1,3,90,4,7.9,1,recomp,ppl
26,0,181,52,18.6,27.7,1,5,5,60,1,5.9,1,maintenance,ppl_ul
42,1,181,46,36.7,40.8,1,5,4,90,4,5.5,0,cut,upper_lower
37,0,173,61,19.1,49.3,0,0,5,60,3,6.0,1,cut,upper_lower
36,1,190,105,31.6,38.9,2,6,4,45,1,8.9,2,strength,upper_lower
53,1,189,75,32.4,31.2,2,3,2,60,4,8.5,1,strength,full_body
55,1,170,55,23.9,36.6,2,2,2,90,3,8.1,1,recomp,full_body
39,1,153,105,15.4,40.8,1,2,6,90,4,5.6,1,recomp,ppl_ul
47,0,170,113,14.0,45.3,0,4,6,30,2,7.9,2,maintenance,upper_lower
49,1,182,81,15.4,34.4,2,6,2,60,2,5.8,1,strength,full_body
17,1,191,98,10.4,36.6,0,3,5,45,4,6.8,1,strength,upper_lower
33,1,179,80,13.9,40.2,1,1,6,45,2,8.8,0,lean_bulk,ppl_ul
36,1,185,106,19.1,32.9,2,3,6,30,3,7.6,1,strength,ppl
36,1,189,49,27.3,33.1,2,0,6,30,1,7.0,0,aggressive_cut,ppl
25,1,156,111,12.9,42.8,0,6,4,60,2,5.3,1,strength,upper_lower
47,1,175,114,9.9,35.4,1,5,3,30,1,6.8,0,maintenance,ppl
30,0,165,52,27.3,38.9,0,5,3,90,0,5.2,0,maintenance,full_body
24,1,182,85,17.7,43.9,2,3,2,60,3,5.1,2,strength,full_body
51,0,154,50,14.0,25.9,0,4,5,30,2,7.8,2,maintenance,upper_lower
48,0,160,95,14.4,38.4,2,5,6,60,2,7.2,2,maintenance,ppl
26,0,162,77,18.0,33.2,1,3,2,60,3,5.1,2,strength,full_body
29,0,161,59,9.2,45.1,2,6,3,45,4,7.9,1,strength,ppl
53,1,169,91,21.9,41.2,0,4,4,45,4,5.1,0,maintenance,upper_lower
27,1,171,71,23.0,43.0,2,2,5,90,4,8.0,1,recomp,ppl_ul
51,0,188,81,31.9,41.7,0,0,6,30,0,8.4,2,cut,upper_lower
16,1,167,45,17.1,34.5,2,1,2,30,2,5.9,0,lean_bulk,full_body
39,0,154,80,20.5,25.6,0,0,4,45,2,6.8,0,cut,upper_lower
17,1,180,67,8.4,27.2,0,3,6,60,2,5.1,2,strength,upper_lower
20,0,194,64,14.5,34.9,1,0,2,90,3,8.3,1,cut,full_body
16,1,186,50,27.7,49.0,1,5,4,90,1,8.2,0,cut,upper_lower
28,0,165,102,32.3,49.9,0,6,6,90,4,8.8,1,strength,upper_lower
19,1,168,91,10.7,34.2,1,4,3,60,2,7.9,2,maintenance,ppl
36,1,190,89,20.2,39.5,1,3,4,60,1,8.3,1,strength,upper_lower
39,0,177,56,26.1,47.1,1,2,5,90,4,8.4,0,recomp,ppl_ul
37,1,182,63,26.0,38.5,2,1,6,45,1,8.3,1,recomp,ppl
42,1,157,109,24.3,38.0,2,0,4,45,1,7.7,1,aggressive_cut,upper_lower
23,0,170,92,24.5,34.9,2,6,5,45,4,6.4,1,strength,ppl_ul
30,1,190,103,12.7,42.3,0,5,2,30,3,5.6,0,maintenance,full_body
31,0,175,83,32.8,38.5,0,6,3,30,0,5.1,0,strength,full_body
27,1,193,54,10.0,36.3,0,3,4,90,0,7.8,1,strength,upper_lower
40,0,173,71,17.1,40.5,1,5,6,30,3,8.9,1,maintenance,ppl_ul
38,0,151,77,29.0,46.5,1,6,6,30,3,7.8,2,strength,ppl_ul
47,0,151,93,9.2,37.2,0,3,4,30,0,6.0,2,strength,upper_lower
45,1,174,88,15.2,49.6,0,2,4,90,1,7.5,0,recomp,upper_lower
24,1,187,48,36.1,36.1,2,1,5,60,4,6.6,2,recomp,ppl_ul
32,1,187,60,28.9,37.3,1,2,3,30,2,7.4,1,recomp,ppl
25,1,154,70,22.5,31.2,1,6,3,90,0,6.2,0,strength,ppl
53,0,181,74,29.4,45.2,0,0,3,45,1,8.0,2,cut,full_body
44,1,181,91,31.8,35.7,2,4,4,30,3,6.9,1,cut,upper_lower
51,0,194,99,10.0,27.2,2,2,5,90,4,8.7,0,recomp,ppl_ul
17,1,160,56,25.1,41.6,1,5,6,60,4,6.1,0,cut,ppl_ul
53,1,176,59,24.8,30.8,0,2,3,90,0,6.5,2,recomp,full_body
23,1,183,79,25.6,25.2,0,2,3,90,1,5.8,1,recomp,full_body
46,0,163,57,13.2,38.8,2,4,2,45,1,8.4,0,maintenance,full_body
46,1,182,54,25.0,31.2,1,6,4,45,2,6.6,1,strength,upper_lower
36,1,175,48,13.8,43.2,1,3,5,45,1,6.9,2,strength,ppl_ul
26,0,165,111,16.6,44.3,1,4,2,90,0,7.2,2,maintenance,full_body
18,1,173,80,19.8,36.6,1,2,6,60,2,8.4,1,recomp,ppl_ul
40,0,194,120,28.9,48.1,2,4,6,45,3,6.3,2,maintenance,ppl
37,0,184,111,26.5,26.6,2,2,4,60,4,7.1,1,recomp,upper_lower
31,0,186,69,18.5,32.7,1,4,5,60,2,7.4,2,maintenance,ppl_ul
55,1,158,82,13.7,42.1,2,4,6,60,1,8.2,2,maintenance,ppl
23,1,168,76,14.2,44.7,1,1,5,60,1,6.6,2,lean_bulk,ppl_ul
52,0,179,113,18.2,31.4,0,2,2,90,4,8.9,0,recomp,full_body
28,1,166,108,21.6,49.8,2,6,4,90,1,6.1,1,strength,upper_lower
54,0,156,105,21.1,32.8,0,1,2,60,0,5.2,0,lean_bulk,full_body
22,0,185,113,16.1,44.6,2,5,5,45,0,8.6,2,maintenance,ppl_ul
16,1,157,88,37.3,43.0,1,3,3,45,1,7.5,2,strength,ppl
51,0,172,75,12.6,38.8,1,6,3,45,3,5.8,2,strength,ppl
26,1,155,118,30.2,49.5,1,6,5,30,0,6.0,1,strength,ppl_ul
31,1,179,66,34.8,47.9,1,0,2,45,2,6.7,2,cut,full_body
44,0,163,74,11.0,27.0,2,3,5,45,3,8.4,1,strength,ppl_ul
50,1,167,71,34.5,37.3,2,2,4,30,3,7.0,1,recomp,upper_lower
54,0,163,92,12.3,26.9,2,5,5,45,3,5.8,1,maintenance,ppl_ul
41,0,167,76,29.4,47.5,1,4,5,30,4,6.0,2,maintenance,ppl_ul
44,1,195,47,19.7,33.6,1,0,5,90,3,8.6,0,cut,ppl_ul
32,0,172,74,16.1,47.8,1,3,3,45,1,8.4,2,strength,ppl
18,1,174,91,9.4,30.7,2,1,2,30,2,5.3,1,lean_bulk,full_body
25,0,168,63,33.8,32.0,0,1,5,60,1,7.1,0,recomp,upper_lower
55,1,153,118,27.6,44.6,2,1,4,90,3,8.6,0,recomp,upper_lower
28,1,188,54,10.0,27.5,0,4,2,90,4,8.0,2,maintenance,full_body
25,1,184,68,15.4,25.2,0,6,4,30,4,7.0,0,strength,upper_lower
24,0,160,51,22.1,46.2,0,6,6,60,4,8.1,1,strength,upper_lower
45,1,161,59,29.4,29.1,2,6,2,30,3,5.5,1,strength,full_body
49,0,181,95,24.5,43.2,2,3,6,60,4,7.3,2,strength,ppl
32,0,183,97,13.0,46.4,0,6,2,45,0,7.4,1,strength,full_body
23,0,188,97,19.5,32.5,0,2,5,45,0,5.9,2,recomp,upper_lower
44,1,187,62,27.5,32.5,0,1,2,45,3,6.0,1,recomp,full_body
45,0,173,71,21.9,35.4,0,1,3,30,2,6.5,1,lean_bulk,full_body
40,0,191,100,10.3,32.3,2,4,5,30,3,5.3,1,maintenance,ppl_ul
35,1,182,66,8.3,27.5,2,5,6,60,0,5.1,0,maintenance,ppl
17,0,178,96,18.0,40.3,1,4,4,60,2,5.2,2,maintenance,upper_lower
44,1,181,100,30.9,25.9,2,5,6,30,1,8.7,1,cut,ppl
44,0,190,79,12.3,44.1,0,0,6,90,2,6.6,0,cut,upper_lower
35,1,150,62,13.8,39.2,1,6,3,90,4,7.3,0,strength,ppl
20,1,160,49,16.0,37.1,0,1,5,45,3,5.5,2,lean_bulk,upper_lower
37,0,189,92,33.5,48.9,1,4,6,60,2,7.1,2,cut,ppl_ul
54,0,165,73,32.4,35.8,1,2,6,60,3,8.9,1,recomp,ppl_ul
53,1,169,77,11.2,28.7,0,6,3,45,3,8.6,0,strength,full_body
42,0,175,98,25.0,32.5,0,1,6,90,0,8.1,0,lean_bulk,upper_lower
41,0,177,64,20.4,49.5,1,2,2,60,1,6.9,1,recomp,full_body
53,0,163,96,20.9,30.9,0,4,3,60,1,7.4,2,maintenance,full_body
21,0,156,55,10.5,43.4,0,4,5,90,0,8.7,2,maintenance,upper_lower
19,1,150,105,13.3,28.3,1,5,4,30,0,5.7,1,maintenance,upper_lower
22,0,152,119,10.5,26.0,0,6,3,45,3,8.3,1,strength,full_body
33,1,187,82,26.5,38.2,2,2,3,30,3,7.4,1,recomp,ppl
48,1,156,108,26.2,42.2,0,3,4,45,3,8.2,1,strength,upper_lower
34,0,191,96,20.5,48.3,1,5,4,45,1,6.8,2,maintenance,upper_lower
18,1,155,52,25.6,27.9,0,3,3,45,0,6.1,1,strength,full_body
53,0,165,106,21.1,28.1,2,5,6,60,1,8.6,2,maintenance,ppl
39,1,160,95,13.7,26.7,0,6,4,90,1,8.3,1,strength,upper_lower
36,0,178,62,32.5,43.6,2,3,4,45,0,8.5,0,strength,upper_lower
42,0,155,107,34.3,33.4,0,1,3,90,2,8.6,2,recomp,full_body
42,1,152,46,26.9,42.8,2,2,4,30,0,6.9,2,recomp,upper_lower
29,1,159,87,28.4,46.4,2,4,4,90,4,9.0,2,cut,upper_lower
43,1,152,103,36.9,39.8,1,4,5,30,2,6.3,1,cut,ppl_ul
46,1,176,104,35.4,40.2,0,2,6,45,3,6.1,2,recomp,upper_lower
30,1,192,119,15.6,31.6,2,1,2,45,3,6.0,0,lean_bulk,full_body
19,0,154,80,24.1,47.5,1,0,6,60,4,7.7,1,cut,ppl_ul
50,1,192,115,16.6,27.9,0,3,6,60,1,7.2,0,strength,upper_lower
43,1,155,87,27.4,48.7,0,0,3,60,1,7.6,2,cut,full_body
42,0,160,99,14.1,29.1,0,6,4,60,4,7.8,2,strength,upper_lower
20,1,159,60,33.6,25.1,0,0,4,45,0,8.1,1,cut,upper_lower
48,1,184,104,23.3,37.0,2,2,2,60,0,6.4,1,recomp,full_body
50,1,166,47,35.3,40.5,0,0,3,45,2,5.6,2,cut,full_body
46,1,190,89,8.9,46.3,1,0,6,90,1,5.7,2,cut,ppl_ul
53,0,194,53,37.3,43.6,2,6,5,90,3,6.3,1,strength,ppl_ul
18,1,152,102,13.6,39.3,0,5,4,60,3,8.0,0,maintenance,upper_lower
45,0,155,62,33.3,39.9,2,6,2,45,3,7.0,2,strength,full_body
23,0,189,49,31.6,41.0,0,2,6,90,2,5.2,0,recomp,upper_lower
35,1,192,62,28.9,45.4,0,2,4,90,0,8.9,1,recomp,upper_lower
47,1,169,83,20.2,25.7,1,2,3,30,1,8.7,2,recomp,ppl
39,1,157,57,37.2,44.2,1,0,3,45,4,8.2,0,aggressive_cut,ppl
33,1,169,115,30.6,47.8,0,6,6,60,4,7.6,0,strength,upper_lower
18,0,169,98,10.8,33.3,2,0,3,30,0,8.8,2,cut,ppl
22,1,180,50,22.1,34.0,2,0,4,45,4,8.8,0,aggressive_cut,upper_lower
37,1,160,68,27.5,39.2,0,5,2,90,1,7.9,0,cut,full_body
48,1,165,97,8.2,38.1,1,4,3,90,4,6.0,1,maintenance,ppl
55,1,192,94,13.8,38.2,1,1,5,90,4,6.2,0,lean_bulk,ppl_ul
42,1,166,108,8.0,27.9,2,1,4,45,4,5.7,2,lean_bulk,upper_lower
31,1,158,50,14.9,31.2,0,5,2,90,1,8.9,1,maintenance,full_body
52,1,150,71,29.5,45.7,0,3,2,60,1,6.8,0,strength,full_body
39,1,170,97,19.4,38.0,1,3,3,45,1,6.6,0,strength,ppl
47,1,181,80,21.1,31.3,1,3,3,30,0,8.0,2,strength,ppl
29,0,176,59,34.4,28.5,1,1,5,30,3,8.1,2,recomp,ppl_ul
53,1,179,89,17.1,30.6,0,5,4,90,3,6.1,1,maintenance,upper_lower
44,1,158,47,31.4,41.1,1,1,6,45,0,6.1,1,recomp,ppl_ul
22,0,167,111,32.0,43.7,0,0,6,30,1,8.6,1,cut,upper_lower
51,1,189,118,32.0,38.2,0,5,5,30,1,8.8,1,cut,upper_lower
52,0,171,45,22.4,29.7,2,2,5,60,2,7.3,2,recomp,ppl_ul
54,0,186,117,18.7,34.5,2,1,3,60,0,8.4,1,lean_bulk,ppl
31,0,184,87,22.8,35.8,2,0,2,30,4,8.6,0,cut,full_body
18,0,163,104,20.4,49.9,0,0,6,90,1,5.9,0,cut,upper_lower
39,1,156,49,15.7,48.0,1,0,4,90,1,5.4,0,cut,upper_lower
21,1,166,113,30.4,48.5,0,0,5,60,4,5.7,2,cut,upper_lower
47,1,163,97,34.6,27.5,2,4,3,60,0,6.7,1,cut,ppl
44,0,185,66,8.8,27.4,2,4,2,60,1,5.7,0,maintenance,full_body
18,1,161,70,32.8,29.9,1,3,2,90,1,7.5,0,strength,full_body
29,1,173,83,33.0,35.8,2,0,3,90,3,5.0,1,cut,ppl
50,1,161,98,11.3,44.1,0,0,3,90,0,6.7,2,cut,full_body
33,1,195,111,29.4,47.1,2,4,6,60,3,5.6,2,cut,ppl
44,1,177,67,26.3,44.9,1,2,4,45,0,5.8,1,recomp,upper_lower
50,0,179,56,34.2,27.9,2,1,2,45,4,8.8,0,recomp,full_body
41,0,191,119,29.4,45.4,0,4,3,45,1,6.0,0,maintenance,full_body
31,1,184,115,10.5,38.1,0,2,4,60,4,5.5,0,recomp,upper_lower
43,1,181,71,12.2,44.8,2,5,2,45,4,6.8,1,maintenance,full_body
36,1,179,66,28.4,49.8,1,0,2,30,0,8.1,2,cut,full_body
17,1,155,86,12.9,43.6,2,4,2,30,1,6.9,0,maintenance,full_body
50,0,191,92,9.7,40.8,2,0,3,60,2,6.5,0,cut,ppl
34,0,166,65,10.6,45.3,2,5,6,90,2,7.0,0,maintenance,ppl
27,1,168,109,26.6,26.1,1,3,2,90,3,5.1,2,strength,full_body
16,1,192,78,34.6,34.4,2,2,2,60,4,6.1,0,recomp,full_body
40,0,186,60,15.1,28.7,1,4,3,60,2,7.6,1,maintenance,ppl
26,0,186,93,29.9,38.8,0,5,5,30,3,5.8,1,maintenance,upper_lower
55,0,172,47,31.2,44.5,2,1,3,30,0,6.1,0,lean_bulk,ppl
41,1,166,112,11.7,38.9,2,5,2,60,2,8.8,2,maintenance,full_body
51,1,180,108,34.4,31.2,0,3,3,30,3,6.1,0,strength,full_body
25,1,194,96,26.6,32.4,0,4,6,60,3,6.2,0,cut,upper_lower
42,1,195,61,19.0,43.1,2,3,3,30,2,8.8,1,strength,ppl
45,1,152,94,16.7,49.6,1,1,4,60,2,8.5,0,lean_bulk,upper_lower
41,1,164,92,18.2,42.1,1,1,2,30,3,6.5,1,lean_bulk,full_body
34,0,182,118,36.8,38.3,0,6,3,30,2,6.0,2,strength,full_body
33,1,171,62,22.0,45.8,0,5,4,30,2,7.7,0,cut,upper_lower
31,0,163,72,14.3,44.1,1,1,6,60,4,6.3,2,lean_bulk,ppl_ul
41,1,164,63,32.2,27.3,2,4,5,90,0,7.2,2,cut,ppl_ul
31,1,187,56,26.9,29.9,0,1,5,60,1,5.2,1,recomp,upper_lower
20,1,155,109,22.9,49.0,1,0,5,90,4,7.9,2,cut,ppl_ul
16,1,161,71,32.6,49.9,0,4,2,60,3,5.4,0,cut,full_body
31,1,194,93,18.0,40.9,1,2,4,30,3,8.7,2,recomp,upper_lower
41,1,173,89,12.0,26.4,1,4,2,30,4,7.6,2,maintenance,full_body
22,0,184,82,14.8,34.9,1,2,2,45,3,5.8,2,recomp,full_body
29,1,188,109,12.4,31.0,1,2,4,90,0,5.4,0,recomp,upper_lower
24,0,183,113,20.2,43.7,1,5,2,60,1,7.0,1,maintenance,full_body
43,0,152,111,28.8,27.9,0,3,2,30,1,8.5,0,strength,full_body
39,1,174,95,34.5,27.2,0,3,3,90,0,6.3,2,strength,full_body
22,1,161,72,15.6,33.5,0,6,5,45,3,7.3,1,strength,upper_lower
43,0,185,63,26.6,49.6,1,2,2,30,1,6.2,2,recomp,full_body
49,1,178,69,18.3,30.9,2,4,6,45,3,5.2,0,maintenance,ppl
55,0,157,51,11.1,34.3,2,5,2,30,4,6.5,2,maintenance,full_body
34,1,168,118,13.5,25.4,1,2,6,45,3,8.0,2,recomp,ppl_ul
55,0,186,93,34.1,41.4,2,5,6,90,0,8.6,1,cut,ppl
50,1,173,119,19.5,48.8,0,1,4,30,2,5.1,2,lean_bulk,upper_lower
52,0,189,69,36.6,47.3,0,1,3,60,1,8.1,1,recomp,full_body
52,0,185,52,20.2,42.5,2,3,3,90,0,6.8,1,strength,ppl
44,1,161,72,17.3,48.6,2,1,6,45,2,7.7,2,lean_bulk,ppl
31,0,183,62,27.7,39.0,0,6,4,30,2,8.8,2,strength,upper_lower
25,1,194,117,26.3,33.5,2,6,3,90,4,8.1,2,strength,ppl
43,1,192,79,10.8,38.8,2,3,4,90,0,8.7,0,strength,upper_lower
51,1,180,99,10.9,45.8,0,6,3,60,4,6.3,0,strength,full_body
28,0,167,96,24.2,31.0,1,6,6,60,0,8.4,0,strength,ppl_ul
30,0,150,45,28.0,37.8,2,3,5,30,0,5.5,1,strength,ppl_ul
20,1,155,69,32.4,33.4,0,0,2,90,4,5.2,2,cut,full_body
21,0,168,54,33.7,33.0,1,3,3,45,4,8.8,2,strength,ppl
25,0,153,92,14.6,32.0,0,3,5,90,4,6.1,0,strength,upper_lower
44,1,158,96,30.9,35.3,0,4,3,60,0,7.2,0,cut,full_body
46,0,174,51,37.5,39.1,2,0,4,30,3,8.7,2,cut,upper_lower
20,0,162,70,14.1,30.8,0,2,4,45,1,6.4,1,recomp,upper_lower
45,1,184,55,21.9,30.1,0,5,2,30,4,5.7,1,maintenance,full_body
30,1,177,75,32.8,49.5,1,1,5,90,4,7.3,1,recomp,ppl_ul
23,0,162,72,21.4,47.3,2,2,4,60,4,5.2,0,recomp,upper_lower
19,0,159,95,16.8,26.1,0,3,4,60,0,5.9,0,strength,upper_lower
22,0,175,105,24.0,48.2,1,5,5,45,1,5.3,0,maintenance,ppl_ul
47,1,187,113,32.8,27.6,0,2,6,90,1,7.3,1,recomp,upper_lower
54,0,178,74,30.7,46.7,0,6,6,45,0,8.4,0,strength,upper_lower
42,0,151,88,14.9,43.8,2,0,5,90,3,7.7,0,cut,ppl_ul
46,0,194,52,20.1,48.5,0,3,6,45,0,6.5,0,strength,upper_lower
50,0,159,55,27.8,29.3,0,5,4,60,1,5.3,1,maintenance,upper_lower
16,0,171,114,37.7,48.4,2,2,5,45,0,7.1,0,recomp,ppl_ul
52,1,158,86,25.0,49.2,2,0,6,60,1,6.7,2,cut,ppl
50,0,151,65,11.8,48.0,1,6,2,45,4,6.7,2,strength,full_body
48,0,168,61,16.9,40.1,2,4,6,30,0,6.1,1,maintenance,ppl
18,0,194,101,10.7,48.1,0,4,5,90,3,6.9,2,maintenance,upper_lower
17,1,189,102,16.2,44.5,2,0,5,90,4,7.1,1,cut,ppl_ul
55,1,186,100,23.2,43.0,0,6,3,60,4,7.3,1,strength,full_body
50,1,170,112,8.0,41.1,2,5,3,60,0,7.8,0,maintenance,ppl
40,0,174,87,28.6,39.2,0,5,2,45,2,8.6,0,maintenance,full_body
39,0,167,77,13.5,38.1,1,4,5,45,1,6.4,2,maintenance,ppl_ul
27,0,190,76,27.0,28.3,2,5,6,60,3,8.3,0,maintenance,ppl
50,1,186,58,18.2,29.1,0,5,4,45,4,8.0,2,maintenance,upper_lower
27,0,171,94,13.0,39.4,1,4,3,45,2,7.1,2,maintenance,ppl
22,0,164,109,11.2,42.8,1,2,2,90,4,6.1,1,recomp,full_body
17,0,189,86,30.7,44.3,1,6,4,45,0,5.8,2,strength,upper_lower
48,1,186,54,35.8,27.8,1,4,5,45,0,5.8,2,cut,ppl_ul
53,0,165,79,31.8,27.2,1,1,5,60,0,6.3,1,lean_bulk,ppl_ul
36,1,170,70,11.2,43.2,1,4,3,90,3,7.9,2,maintenance,ppl
31,1,177,102,33.5,26.1,2,2,3,30,2,8.8,0,recomp,ppl
38,1,161,103,19.5,38.2,0,5,6,90,4,5.2,2,maintenance,upper_lower
46,1,150,79,18.8,30.9,2,4,6,60,3,5.7,0,maintenance,ppl
51,0,177,98,9.8,33.1,2,4,5,90,4,6.8,1,maintenance,ppl_ul
24,1,181,88,23.3,49.6,2,2,6,60,4,6.7,1,recomp,ppl
55,0,168,67,23.1,32.6,2,0,2,90,2,5.1,0,cut,full_body
18,1,159,84,19.2,30.7,2,1,2,45,1,7.6,0,lean_bulk,full_body
36,0,154,71,8.2,33.5,0,4,3,90,4,8.0,2,maintenance,full_body
34,1,169,81,33.5,38.1,1,3,6,90,1,7.0,2,strength,ppl_ul
43,1,178,101,29.6,32.3,1,1,2,45,2,8.4,2,recomp,full_body
39,1,168,71,36.5,26.7,0,6,3,30,1,5.8,0,strength,full_body
28,1,188,63,34.4,41.1,2,2,6,30,0,6.5,0,recomp,ppl
49,1,165,98,15.9,29.0,2,4,5,60,0,7.1,1,maintenance,ppl_ul
49,0,195,56,28.0,29.4,0,2,5,90,2,6.0,1,recomp,upper_lower
46,0,158,93,12.6,39.3,0,2,3,30,4,8.3,2,recomp,full_body
40,0,192,115,15.2,27.6,0,4,3,90,0,7.6,0,maintenance,full_body
45,1,193,72,13.9,44.7,2,1,6,45,0,6.3,0,lean_bulk,ppl
52,1,186,72,30.2,47.0,0,5,5,60,4,5.3,1,cut,upper_lower
51,1,185,63,15.1,29.2,2,2,3,45,2,7.2,1,recomp,ppl
42,0,157,107,29.7,36.6,2,3,3,45,3,6.2,0,strength,ppl
32,0,166,118,32.3,44.4,2,5,2,45,3,7.4,2,cut,full_body
16,0,161,118,13.2,26.7,0,2,3,90,4,8.6,2,recomp,full_body
29,1,181,86,12.1,48.8,2,1,3,45,0,8.2,0,lean_bulk,ppl
39,1,175,51,24.4,29.3,0,2,6,90,4,8.2,2,recomp,upper_lower
49,0,182,109,33.9,36.0,2,1,4,60,1,5.9,2,recomp,upper_lower
19,0,152,70,8.5,49.4,0,3,2,60,0,6.8,1,strength,full_body
29,1,186,56,8.7,28.7,2,1,6,60,0,5.4,0,lean_bulk,ppl
33,0,191,110,13.8,40.3,0,0,6,90,3,5.3,2,cut,upper_lower
21,0,188,59,12.4,26.2,0,5,3,30,1,5.6,2,maintenance,full_body
42,0,179,62,9.6,40.1,2,5,2,30,0,6.5,0,maintenance,full_body
27,1,152,60,26.5,25.8,0,5,4,90,1,5.8,2,cut,upper_lower
18,1,168,118,13.8,34.5,0,4,2,45,3,7.6,2,maintenance,full_body
49,0,156,64,30.9,32.1,0,0,4,30,4,7.7,2,cut,upper_lower
37,1,150,118,27.9,49.5,0,4,4,90,1,5.1,2,cut,upper_lower
39,1,172,93,33.2,26.7,2,5,2,45,4,7.4,0,cut,full_body
17,0,156,74,37.1,28.0,1,1,5,60,4,6.3,1,recomp,ppl_ul
35,0,158,72,33.4,31.5,0,5,3,30,1,9.0,0,cut,full_body
23,0,173,65,22.4,38.9,1,0,3,30,3,7.9,0,cut,ppl
43,0,187,47,20.4,28.2,1,4,2,60,2,6.0,0,maintenance,full_body
30,1,194,81,9.0,26.5,0,4,4,90,3,7.3,2,maintenance,upper_lower
39,0,177,84,26.7,34.3,2,5,4,60,2,6.7,0,maintenance,upper_lower
32,1,180,58,12.1,45.3,1,3,2,30,0,7.2,0,strength,full_body
18,1,163,48,32.2,43.4,1,4,3,30,3,6.6,0,cut,ppl
26,0,177,111,9.3,25.3,0,6,4,90,0,5.6,0,strength,upper_lower
37,1,195,52,21.9,29.9,0,3,5,30,1,5.2,2,strength,upper_lower
37,1,155,51,32.4,32.2,2,2,5,60,1,8.2,0,recomp,ppl_ul
28,1,151,47,25.0,29.5,2,6,6,60,3,6.7,1,strength,ppl
47,0,151,71,11.6,25.1,0,5,3,90,1,8.3,1,maintenance,full_body
43,0,175,100,32.7,27.0,2,0,6,45,1,7.8,1,aggressive_cut,ppl
18,1,153,79,20.1,35.6,1,2,6,30,0,8.2,0,recomp,ppl_ul
53,0,181,104,11.7,31.3,0,5,4,45,4,8.1,2,maintenance,upper_lower
52,1,194,79,25.2,32.9,2,5,2,60,1,5.2,2,cut,full_body
53,1,169,108,35.9,34.9,2,4,5,45,0,5.8,2,cut,ppl_ul
23,0,176,93,26.1,43.7,0,3,5,30,1,5.9,1,strength,upper_lower
47,1,180,118,16.0,30.8,0,6,4,90,1,5.8,2,strength,upper_lower
53,0,186,59,37.9,36.2,0,0,4,45,3,8.4,2,cut,upper_lower
17,1,163,104,9.5,36.5,2,6,3,30,0,6.6,0,strength,ppl
32,1,156,114,36.3,45.0,0,2,6,90,1,8.6,0,recomp,upper_lower
17,0,184,109,26.8,49.1,2,4,2,30,4,8.7,1,maintenance,full_body
50,0,158,65,30.7,36.3,1,4,6,45,4,8.9,2,maintenance,ppl_ul
44,0,150,114,13.2,45.3,1,4,2,90,3,6.3,2,maintenance,full_body
27,1,162,93,24.9,32.5,1,0,2,45,4,8.6,2,cut,full_body
26,0,188,99,24.8,37.6,1,5,5,90,0,6.1,2,maintenance,ppl_ul
30,0,195,60,15.8,44.8,2,3,2,60,3,5.2,2,strength,full_body
27,1,181,81,28.2,45.2,2,4,3,60,3,6.4,1,cut,ppl
27,0,168,50,34.5,48.2,2,5,4,90,3,7.2,2,cut,upper_lower
55,0,177,48,16.0,37.8,0,0,5,30,1,7.2,0,cut,upper_lower
25,0,160,90,25.4,31.1,2,3,4,45,0,7.0,2,strength,upper_lower
33,1,184,96,24.0,37.5,2,0,5,45,2,6.6,0,aggressive_cut,ppl_ul
54,0,186,53,20.7,40.6,0,0,4,30,1,9.0,0,cut,upper_lower
38,1,192,65,38.0,46.8,2,3,2,45,1,6.9,1,strength,full_body
37,1,161,76,9.3,31.4,2,4,2,90,2,8.1,2,maintenance,full_body
26,1,173,80,30.5,37.4,1,0,6,30,3,6.3,0,aggressive_cut,ppl_ul
34,1,167,48,31.6,35.4,0,3,5,30,4,5.5,1,strength,upper_lower
50,1,184,45,34.0,36.5,2,1,2,60,0,6.8,1,recomp,full_body
30,1,170,68,35.6,40.7,1,4,5,45,4,6.6,2,cut,ppl_ul
35,0,182,93,25.0,42.2,0,2,4,60,2,8.2,0,recomp,upper_lower
23,1,189,62,29.7,42.0,0,6,5,60,1,7.8,1,strength,upper_lower
38,1,157,54,22.2,35.6,2,0,3,90,1,6.7,0,aggressive_cut,ppl
24,0,156,110,25.4,33.2,2,0,5,90,0,5.2,2,cut,ppl_ul
24,0,169,112,37.1,31.3,0,2,5,90,2,8.1,2,recomp,upper_lower
43,0,181,97,9.5,44.7,1,1,2,60,2,6.7,1,lean_bulk,full_body
44,0,171,113,34.8,39.3,1,6,4,45,1,8.1,2,strength,upper_lower
43,1,158,76,33.7,34.2,1,3,3,45,3,6.3,1,strength,ppl
22,1,175,87,26.1,33.7,0,0,5,45,1,5.5,0,cut,upper_lower
27,0,178,99,36.9,37.0,2,3,4,90,1,8.1,2,strength,upper_lower
40,1,151,58,10.4,32.0,0,0,4,60,4,8.2,2,cut,upper_lower
19,0,150,113,8.5,36.9,2,3,5,90,4,5.5,0,strength,ppl_ul
52,1,188,90,21.3,44.6,0,6,4,90,1,9.0,1,strength,upper_lower
26,0,190,99,10.3,43.3,0,0,3,60,1,7.9,1,cut,full_body
30,0,177,89,28.9,43.2,2,0,5,60,1,6.5,1,cut,ppl_ul
35,1,158,60,28.2,42.4,0,4,4,60,2,8.2,1,cut,upper_lower
18,1,193,99,15.6,41.3,1,5,5,60,1,8.5,0,maintenance,ppl_ul
24,1,162,64,36.0,49.6,1,6,6,90,4,7.9,0,strength,ppl_ul
44,0,175,71,15.3,32.3,2,5,3,90,1,5.1,2,maintenance,ppl
26,0,154,105,18.6,25.3,2,0,2,90,1,8.3,1,cut,full_body
28,0,152,94,26.3,44.8,0,2,6,45,2,7.5,0,recomp,upper_lower
30,0,169,46,9.1,48.0,2,6,2,30,3,6.8,2,strength,full_body
48,0,154,99,18.4,29.3,1,2,4,60,2,6.7,2,recomp,upper_lower
50,1,173,53,22.3,40.5,1,5,6,30,0,7.6,2,cut,ppl_ul
31,0,191,60,12.4,36.4,2,4,4,90,4,7.3,1,maintenance,upper_lower
54,1,153,84,37.8,32.9,2,5,3,90,0,6.1,1,cut,ppl
32,1,174,74,9.1,27.2,2,4,6,90,2,5.7,0,maintenance,ppl
51,1,191,73,25.8,29.1,0,1,6,30,1,8.9,2,recomp,upper_lower
17,0,175,65,36.3,39.2,0,4,6,30,4,7.2,0,cut,upper_lower
25,1,157,50,32.5,25.4,0,1,2,30,0,7.8,1,recomp,full_body
43,0,174,59,9.4,25.7,2,4,6,90,3,5.5,2,maintenance,ppl
34,1,162,92,19.5,27.3,0,5,3,60,2,7.6,2,maintenance,full_body
53,1,182,51,31.6,31.9,2,5,3,45,2,6.2,2,cut,ppl
22,0,152,45,14.0,44.3,0,3,5,45,0,6.5,1,strength,upper_lower
53,0,174,101,33.0,33.3,2,0,5,90,3,6.7,0,aggressive_cut,ppl_ul
16,1,191,95,35.5,32.5,0,5,2,45,2,5.0,1,cut,full_body
22,0,175,120,16.1,40.5,0,4,6,30,2,8.1,0,maintenance,upper_lower
42,0,185,70,16.8,28.5,2,5,6,90,1,6.6,1,maintenance,ppl
49,1,164,114,21.0,38.9,2,4,2,90,4,9.0,2,maintenance,full_body
55,0,154,91,8.9,45.1,1,1,4,90,0,7.3,1,lean_bulk,upper_lower
54,1,165,61,8.7,27.2,1,5,4,90,4,7.3,0,maintenance,upper_lower
16,0,169,55,24.6,25.1,2,2,3,30,3,6.4,2,recomp,ppl
23,0,179,107,21.7,42.7,2,5,3,90,2,6.5,0,maintenance,ppl
22,1,184,115,12.3,27.3,2,4,5,45,3,6.1,0,maintenance,ppl_ul
54,1,180,87,23.4,26.9,0,6,4,60,2,8.7,0,strength,upper_lower
34,0,173,107,33.0,26.1,1,6,6,45,0,8.4,0,strength,ppl_ul
39,1,181,45,29.3,25.5,2,0,2,90,1,8.7,1,aggressive_cut,full_body
33,0,153,103,13.2,45.7,1,6,5,45,4,5.7,2,strength,ppl_ul
33,0,150,52,10.7,38.0,2,1,3,60,3,6.0,0,lean_bulk,ppl
20,0,174,114,35.7,44.9,1,0,5,30,0,8.1,2,cut,ppl_ul
21,1,157,118,19.2,25.0,0,6,5,30,0,6.3,1,strength,upper_lower
18,1,173,74,36.4,46.6,1,0,6,45,1,5.2,1,cut,ppl_ul
43,1,187,85,28.4,25.1,1,2,2,60,4,7.8,2,recomp,full_body
30,0,191,63,31.9,38.0,1,4,6,45,3,6.4,2,maintenance,ppl_ul
33,0,180,59,20.4,43.3,2,6,6,45,3,5.8,1,strength,ppl
29,1,154,49,15.7,26.1,1,6,6,90,1,7.7,0,strength,ppl_ul
34,0,163,91,21.1,38.1,0,2,3,90,4,5.2,1,recomp,full_body
18,0,177,102,13.8,38.7,2,2,4,45,4,6.2,0,recomp,upper_lower
30,0,174,83,20.2,28.4,0,2,4,30,3,8.3,1,recomp,upper_lower
41,1,173,102,26.6,33.8,1,3,3,45,4,5.7,0,strength,ppl
50,1,171,86,11.2,37.3,2,2,2,30,1,5.4,0,recomp,full_body
45,1,182,94,10.8,49.7,0,1,4,60,3,7.7,0,lean_bulk,upper_lower
26,1,190,48,20.2,40.5,0,2,4,30,1,9.0,0,recomp,upper_lower
27,1,178,85,31.5,47.5,1,6,2,30,1,8.4,2,strength,full_body
21,1,170,59,18.1,46.6,0,2,6,60,3,7.5,2,recomp,upper_lower
18,0,178,81,9.3,45.9,0,6,5,45,1,6.9,2,strength,upper_lower
38,1,195,120,28.2,41.1,0,5,2,30,0,8.9,1,cut,full_body
35,1,150,71,28.7,39.5,0,2,4,45,0,8.5,1,recomp,upper_lower
48,1,189,81,9.9,38.6,2,4,2,45,2,8.5,2,maintenance,full_body
50,1,172,89,30.8,31.1,1,5,6,60,1,5.2,1,cut,ppl_ul
18,1,153,97,36.9,39.2,2,0,2,90,4,6.7,2,cut,full_body
20,1,184,94,29.5,36.9,0,6,3,90,4,6.1,2,strength,full_body
29,1,192,69,25.1,32.2,2,5,4,45,0,5.0,1,cut,upper_lower
40,0,160,87,17.8,30.4,2,2,2,30,3,5.9,1,recomp,full_body
32,0,158,95,13.5,27.6,2,2,3,30,1,7.6,2,recomp,ppl
30,1,164,84,17.9,27.4,0,5,2,30,3,8.4,0,maintenance,full_body
31,0,150,114,24.7,35.4,1,1,2,45,0,5.4,1,lean_bulk,full_body
30,0,158,45,16.4,42.0,1,2,6,90,2,8.4,0,recomp,ppl_ul
26,1,187,120,31.1,32.8,1,0,3,45,3,7.7,0,aggressive_cut,ppl
25,1,179,92,18.6,29.7,1,3,5,30,4,5.5,1,strength,ppl_ul
21,1,172,65,14.8,43.8,0,1,3,90,1,5.4,2,lean_bulk,full_body
20,1,172,112,31.6,38.1,1,5,2,60,4,5.4,0,cut,full_body
48,1,177,72,24.1,33.3,2,0,6,60,4,8.0,2,cut,ppl
26,0,195,57,19.5,37.9,2,0,4,45,3,7.1,2,cut,upper_lower
20,1,185,93,26.3,28.9,2,3,3,60,2,8.8,1,strength,ppl
22,1,182,62,13.0,43.8,0,0,2,45,4,5.9,1,cut,full_body
30,1,158,64,9.8,27.2,1,3,4,45,1,8.7,2,strength,upper_lower
20,1,176,91,25.3,42.8,2,0,3,30,1,5.1,0,cut,ppl
33,1,195,64,14.6,28.3,2,3,5,60,1,7.8,0,strength,ppl_ul
39,1,195,69,9.2,44.4,0,4,2,90,2,8.5,1,maintenance,full_body
41,0,162,45,28.5,45.6,1,5,6,45,3,6.8,1,maintenance,ppl_ul
53,0,156,113,14.7,44.2,2,0,3,30,3,7.7,2,cut,ppl
46,1,169,93,34.0,26.0,0,4,6,45,0,8.8,0,cut,upper_lower
31,0,184,80,10.0,34.7,0,1,6,30,1,8.8,1,lean_bulk,upper_lower
16,0,182,52,19.0,38.9,1,6,5,90,3,8.8,0,strength,ppl_ul
30,0,194,95,35.9,27.1,2,6,5,60,2,5.2,2,strength,ppl_ul
32,0,169,49,21.2,35.8,0,5,4,45,1,7.3,1,maintenance,upper_lower
35,1,191,93,13.0,29.7,0,3,3,90,0,5.4,0,strength,full_body
29,0,176,62,35.6,43.5,2,4,4,60,1,5.4,2,cut,upper_lower
50,1,181,57,30.2,48.3,0,5,3,60,0,7.6,2,cut,full_body
32,0,164,70,24.8,45.1,0,5,4,90,1,8.6,2,maintenance,upper_lower
39,1,184,75,14.7,31.5,0,6,2,45,0,5.3,1,strength,full_body
41,0,151,92,37.4,31.7,1,6,5,60,3,6.3,1,strength,ppl_ul
53,0,195,79,29.7,48.6,2,2,3,60,1,6.7,2,recomp,ppl
33,0,175,94,35.9,39.9,2,3,2,90,1,8.6,0,strength,full_body
27,1,171,81,19.1,38.4,0,4,4,60,4,5.4,1,maintenance,upper_lower
41,1,188,63,17.7,48.5,2,3,5,60,3,5.7,0,strength,ppl_ul
45,1,167,62,15.2,44.4,2,0,4,45,3,5.5,1,cut,upper_lower
32,1,191,114,25.5,31.2,0,3,2,60,2,8.5,0,strength,full_body
44,1,186,97,14.6,44.3,0,0,2,30,4,7.6,2,cut,full_body
47,1,183,90,35.6,28.6,0,0,4,90,0,8.7,2,cut,upper_lower
36,0,160,71,18.9,49.2,1,5,3,90,4,8.2,1,maintenance,ppl
47,0,153,59,22.9,41.1,0,6,2,90,2,8.5,0,strength,full_body
44,1,179,102,12.0,35.7,2,2,5,45,1,6.9,0,recomp,ppl_ul
19,0,191,50,35.8,40.7,1,6,3,90,4,5.3,1,strength,ppl
49,0,192,50,9.1,48.0,1,6,3,45,0,6.2,1,strength,ppl
28,0,157,99,8.8,32.5,2,5,2,45,3,7.1,2,maintenance,full_body
47,1,160,49,14.0,30.0,2,2,4,45,4,8.1,0,recomp,upper_lower
54,1,191,68,25.3,40.8,1,6,3,60,1,7.9,2,strength,ppl
29,0,165,63,13.1,41.0,1,1,6,45,4,7.4,0,lean_bulk,ppl_ul
34,1,173,105,28.7,45.7,0,6,4,45,1,5.9,1,strength,upper_lower
48,1,172,49,22.1,27.3,0,4,5,30,4,5.7,2,cut,upper_lower
23,0,182,65,32.9,30.0,0,0,2,90,0,5.6,0,cut,full_body
51,0,164,116,28.3,40.8,0,5,2,90,3,8.7,1,maintenance,full_body
41,0,180,70,17.7,43.8,0,1,3,45,1,5.6,0,lean_bulk,full_body
22,1,188,82,15.6,28.8,2,5,6,45,1,5.7,1,maintenance,ppl
19,0,174,68,32.6,40.4,1,1,4,30,3,6.0,2,recomp,upper_lower
31,0,154,59,23.9,31.8,2,6,5,60,0,8.3,0,strength,ppl_ul
36,0,164,116,36.5,44.3,2,4,4,45,0,8.6,0,cut,upper_lower
40,1,161,96,27.8,37.7,1,5,5,45,4,8.3,1,cut,ppl_ul
40,0,154,85,29.9,44.8,0,2,4,60,4,5.3,0,recomp,upper_lower
39,1,155,99,37.3,31.7,0,4,4,60,3,6.1,2,cut,upper_lower
52,1,174,120,37.5,39.8,1,4,5,60,1,5.2,0,cut,ppl_ul
17,1,166,66,21.0,29.0,0,0,6,90,0,5.5,2,cut,upper_lower
25,1,169,54,36.2,39.3,2,3,6,90,3,7.1,2,strength,ppl
41,0,152,117,36.6,36.9,0,1,5,90,3,5.9,2,recomp,upper_lower
24,1,178,94,28.2,25.7,1,5,6,90,4,6.7,0,cut,ppl_ul
52,1,194,84,14.1,40.1,2,6,5,60,2,5.8,2,strength,ppl_ul
27,0,164,60,12.3,29.0,2,0,4,30,2,6.9,1,cut,upper_lower
34,0,186,103,32.0,32.1,0,5,2,30,1,6.7,2,cut,full_body
41,0,169,84,24.3,44.1,1,3,4,90,4,6.8,1,strength,upper_lower
42,1,162,94,34.7,35.7,0,2,4,30,0,6.6,1,recomp,upper_lower
30,0,180,70,9.1,43.5,1,4,5,45,3,6.8,0,maintenance,ppl_ul
24,0,186,93,14.7,30.1,2,2,6,90,0,5.7,1,recomp,ppl
26,1,183,65,21.9,41.9,1,2,3,30,2,7.5,2,recomp,ppl
55,0,175,89,35.7,35.3,1,1,4,60,2,8.5,1,recomp,upper_lower
35,1,195,77,31.6,44.8,1,4,2,90,4,8.7,2,cut,full_body
54,1,165,78,16.3,36.3,0,4,4,90,2,5.1,2,maintenance,upper_lower
25,1,164,51,25.8,37.5,0,4,5,45,4,7.7,2,cut,upper_lower
22,0,165,65,11.1,25.2,2,3,3,30,1,5.5,1,strength,ppl
46,1,170,83,35.0,38.0,0,2,5,60,2,6.9,2,recomp,upper_lower
24,1,152,76,8.3,32.5,2,3,4,90,0,5.6,2,strength,upper_lower
52,1,153,48,12.2,43.4,1,0,3,30,1,7.9,1,cut,ppl
41,0,172,112,29.2,34.8,1,4,4,90,0,7.2,1,maintenance,upper_lower
52,1,189,72,36.3,31.5,1,4,4,45,2,7.8,1,cut,upper_lower
30,0,155,54,14.7,38.6,1,0,3,60,1,5.8,1,cut,ppl
24,1,152,76,13.8,36.4,0,2,5,45,0,5.1,0,recomp,upper_lower
53,0,176,109,30.2,41.9,2,3,6,30,0,7.2,2,strength,ppl
25,0,186,80,19.4,39.6,0,1,2,90,3,8.6,0,lean_bulk,full_body
32,0,162,49,17.1,46.0,0,1,3,60,0,5.7,2,lean_bulk,full_body
43,0,175,88,13.4,43.8,2,6,3,45,1,5.5,0,strength,ppl
16,1,158,47,12.0,35.0,0,1,3,30,1,5.1,0,lean_bulk,full_body
42,0,179,101,10.0,42.3,2,3,5,60,0,6.8,1,strength,ppl_ul
46,1,189,89,30.5,32.9,2,0,3,60,2,5.8,0,cut,ppl
30,1,187,116,31.1,45.4,0,1,2,45,2,7.9,0,recomp,full_body
24,1,184,82,21.8,48.7,2,6,2,30,3,7.9,0,strength,full_body
34,1,153,92,9.8,45.4,2,3,4,90,0,8.3,1,strength,upper_lower
36,0,166,97,11.2,44.7,2,6,3,60,0,6.5,2,strength,ppl
50,1,178,64,31.7,36.7,0,2,6,30,1,5.6,2,recomp,upper_lower
53,1,194,88,19.6,44.0,1,5,4,45,1,6.9,2,maintenance,upper_lower
44,1,186,54,31.8,27.5,0,0,2,30,4,6.8,2,cut,full_body
31,1,194,89,37.5,38.8,2,4,2,30,3,8.4,1,cut,full_body
18,0,190,73,25.9,33.8,2,4,6,60,2,5.7,1,maintenance,ppl
47,1,156,67,13.3,47.6,1,5,4,45,1,7.2,0,maintenance,upper_lower
17,1,173,82,12.5,27.8,0,3,4,60,4,8.5,1,strength,upper_lower
28,1,150,114,32.5,30.1,1,2,4,90,0,6.2,2,recomp,upper_lower
48,0,188,119,35.7,25.3,1,0,3,30,2,7.5,1,aggressive_cut,ppl
20,0,189,85,13.7,42.0,1,2,6,45,3,6.7,2,recomp,ppl_ul
26,1,188,85,20.4,31.7,1,3,5,60,1,5.6,1,strength,ppl_ul
17,1,176,55,34.6,33.7,0,1,6,45,0,7.6,2,recomp,upper_lower
25,1,187,81,11.5,33.1,1,1,2,45,4,6.3,2,lean_bulk,full_body
30,0,177,76,21.9,43.0,0,5,5,45,4,7.9,2,maintenance,upper_lower
18,1,177,93,10.3,41.6,2,4,2,60,0,5.8,2,maintenance,full_body
30,1,191,113,30.8,26.0,1,4,6,45,1,5.3,2,cut,ppl_ul
27,1,159,57,36.5,29.3,0,2,4,30,2,7.2,1,recomp,upper_lower
50,0,181,96,16.9,25.2,2,0,6,60,2,7.2,0,cut,ppl
35,0,169,62,33.1,41.8,0,6,5,45,4,8.7,1,strength,upper_lower
49,0,180,76,33.0,38.0,2,3,5,60,3,8.0,2,strength,ppl_ul
54,1,177,61,14.5,41.5,0,4,3,90,1,5.7,0,maintenance,full_body
17,1,169,53,9.4,29.1,1,4,3,30,2,7.9,2,maintenance,ppl
21,1,180,102,12.6,44.0,2,4,6,60,4,7.8,0,maintenance,ppl
48,1,194,70,11.3,38.7,0,1,5,90,3,5.1,2,lean_bulk,upper_lower
16,1,153,45,18.4,29.9,0,4,4,45,4,6.6,0,maintenance,upper_lower
36,1,190,50,17.8,29.5,0,4,3,30,2,7.2,0,maintenance,full_body
55,0,160,117,31.0,26.6,1,3,6,90,1,8.3,1,strength,ppl_ul
30,1,161,116,37.8,30.2,2,4,5,45,1,8.3,1,cut,ppl_ul
48,1,171,59,34.5,49.1,1,1,5,90,0,6.0,2,recomp,ppl_ul
22,0,150,54,13.7,41.6,0,1,3,45,0,7.7,2,lean_bulk,full_body
38,1,161,104,30.1,43.2,0,4,5,60,0,6.6,1,cut,upper_lower
40,0,156,50,20.7,40.7,1,6,6,45,0,7.5,2,strength,ppl_ul
33,1,165,54,26.6,36.7,1,3,2,90,4,7.8,1,strength,full_body
53,0,184,76,24.2,32.5,2,3,3,30,1,7.8,1,strength,ppl
41,0,184,94,30.9,40.3,1,4,2,45,2,6.8,1,maintenance,full_body
37,1,170,73,26.1,41.8,2,5,2,90,2,8.5,2,cut,full_body
44,1,167,105,12.3,40.4,1,4,4,30,3,7.3,1,maintenance,upper_lower
17,0,185,45,24.6,39.9,1,5,5,60,4,6.4,2,maintenance,ppl_ul
41,0,167,54,36.6,29.8,2,6,6,60,0,6.6,0,strength,ppl
45,0,183,88,14.2,43.3,2,6,6,30,3,6.2,2,strength,ppl
32,1,168,85,8.3,40.1,2,5,6,90,0,6.3,0,maintenance,ppl
18,1,160,96,12.2,36.5,1,3,4,30,0,8.4,0,strength,upper_lower
50,0,166,90,23.6,44.3,0,4,6,45,0,6.3,1,maintenance,upper_lower
55,1,188,105,15.9,46.4,0,4,4,90,1,5.1,1,maintenance,upper_lower
16,0,153,45,14.4,42.0,2,3,5,30,4,8.6,2,strength,ppl_ul
29,0,151,90,19.6,27.4,1,6,6,45,3,8.9,2,strength,ppl_ul
43,0,178,117,9.6,44.0,2,0,2,90,1,6.7,2,cut,full_body
17,1,157,71,20.8,47.2,0,0,3,60,2,6.2,1,cut,full_body
54,1,188,50,19.8,31.9,1,3,6,90,2,5.7,0,strength,ppl_ul
25,0,158,59,17.7,33.6,2,3,5,45,2,8.7,0,strength,ppl_ul
27,1,157,46,18.0,30.4,2,5,4,90,0,6.0,1,maintenance,upper_lower
40,0,169,114,16.7,44.6,1,4,3,90,2,5.7,0,maintenance,ppl
36,1,150,107,32.9,49.2,1,2,4,45,0,5.7,2,recomp,upper_lower
16,1,165,95,11.8,29.6,0,6,2,90,1,8.7,2,strength,full_body
45,1,181,65,20.8,31.8,2,4,3,60,4,6.3,2,maintenance,ppl
51,0,170,66,13.4,41.7,0,5,4,45,2,5.4,0,maintenance,upper_lower
47,0,173,55,21.5,26.4,0,4,2,60,2,7.4,1,maintenance,full_body
45,0,169,79,22.1,44.1,2,1,4,45,2,6.8,2,lean_bulk,upper_lower
23,0,179,60,18.7,32.5,2,3,3,60,2,8.4,2,strength,ppl
18,1,171,74,22.6,38.4,0,1,2,45,3,5.3,0,recomp,full_body
31,1,191,111,35.6,49.5,1,0,6,90,4,7.1,0,aggressive_cut,ppl_ul
38,1,161,106,24.3,29.9,1,6,6,90,1,6.3,0,strength,ppl_ul
27,0,157,101,28.7,35.2,2,1,4,45,3,8.2,2,lean_bulk,upper_lower
22,1,182,117,33.9,33.9,2,3,3,60,2,8.5,1,strength,ppl
46,1,178,93,36.0,39.8,1,4,2,60,1,5.8,1,cut,full_body
53,1,188,118,15.7,34.4,1,2,4,30,4,7.4,2,recomp,upper_lower
18,1,157,51,24.0,38.9,1,1,6,30,4,8.6,2,recomp,ppl_ul
26,0,156,55,24.2,35.2,2,2,4,45,2,6.6,2,recomp,upper_lower
55,0,192,103,25.5,36.0,2,2,5,60,4,6.4,2,recomp,ppl_ul
49,1,157,120,9.5,28.6,1,5,6,90,4,7.4,2,maintenance,ppl_ul
24,1,169,112,24.2,41.0,1,0,5,30,2,8.0,2,cut,ppl_ul
32,0,171,57,31.7,44.9,0,3,5,45,4,9.0,2,strength,upper_lower
21,1,161,72,27.1,30.2,2,2,5,30,0,7.3,2,recomp,ppl_ul
50,0,155,80,36.4,33.4,0,6,2,45,0,6.8,2,strength,full_body
39,1,170,63,24.8,35.6,1,4,3,45,2,5.4,2,cut,ppl
48,0,184,47,30.6,36.6,2,0,4,45,1,7.7,0,cut,upper_lower
23,1,186,75,31.6,27.0,0,6,6,45,4,8.9,1,strength,upper_lower
36,1,172,60,15.3,35.7,2,0,6,60,4,8.2,2,cut,ppl
18,1,168,86,9.8,28.4,0,5,5,45,3,5.3,1,maintenance,upper_lower
29,0,174,96,12.2,36.0,0,5,4,90,4,6.0,1,maintenance,upper_lower
55,1,153,45,26.8,38.6,1,0,4,60,3,7.7,0,aggressive_cut,upper_lower
40,0,174,75,25.5,39.2,1,2,2,30,3,6.2,1,recomp,full_body
24,1,182,75,22.1,29.5,0,6,3,90,3,6.6,1,strength,full_body
34,1,161,111,10.5,45.2,1,0,5,30,0,8.6,2,cut,ppl_ul
36,0,190,71,18.0,46.8,2,2,5,60,0,8.9,0,recomp,ppl_ul
28,1,192,116,24.4,28.4,0,0,4,45,3,6.7,1,cut,upper_lower
48,1,156,78,27.0,41.9,1,0,6,45,4,6.3,0,aggressive_cut,ppl_ul
52,1,176,118,31.9,35.5,1,2,6,30,4,5.7,2,recomp,ppl_ul
55,0,182,103,31.0,46.8,1,0,3,60,4,8.0,1,cut,ppl
47,1,157,103,16.0,29.9,2,3,6,30,0,8.0,1,strength,ppl
28,1,169,71,25.7,44.0,0,4,5,45,4,6.9,2,cut,upper_lower
48,0,164,74,14.4,32.1,1,3,2,60,0,5.9,0,strength,full_body
55,1,157,89,13.8,45.6,1,0,3,45,3,5.5,1,cut,ppl
18,1,166,53,27.7,29.3,0,0,6,30,2,6.8,0,cut,upper_lower
33,1,167,53,8.6,42.7,1,5,6,60,0,7.3,0,maintenance,ppl_ul
39,0,165,115,27.3,26.5,1,5,6,60,0,8.8,0,maintenance,ppl_ul
33,1,184,104,8.8,43.3,2,3,3,90,2,8.5,2,strength,ppl
29,0,161,67,19.2,49.8,1,6,3,45,2,5.1,2,strength,ppl
27,1,176,57,11.2,45.7,0,0,3,60,3,7.1,0,cut,full_body
29,0,153,105,8.4,38.7,1,5,3,30,1,8.1,0,maintenance,ppl
31,0,175,98,29.6,26.8,1,1,5,30,0,6.4,1,lean_bulk,ppl_ul
17,0,153,57,22.8,28.4,2,0,2,90,1,7.5,0,cut,full_body
18,1,191,102,13.1,27.3,0,4,5,30,4,6.9,0,maintenance,upper_lower
47,0,159,68,11.6,45.1,1,2,4,90,0,9.0,0,recomp,upper_lower
51,1,154,105,33.0,36.4,1,1,5,30,1,8.3,1,recomp,ppl_ul
24,0,161,91,12.3,41.2,0,1,4,45,1,8.6,1,lean_bulk,upper_lower
25,1,192,47,25.5,32.6,1,6,5,45,3,7.5,0,strength,ppl_ul
42,1,191,90,17.5,30.6,0,3,5,30,3,7.4,1,strength,upper_lower
24,1,167,89,32.8,34.0,2,2,2,90,0,5.5,0,recomp,full_body
36,1,184,119,35.7,27.3,1,4,5,60,4,8.2,1,cut,ppl_ul
46,0,185,99,31.7,47.7,2,5,5,45,1,6.9,0,maintenance,ppl_ul
48,1,183,79,17.4,31.5,2,5,3,90,4,8.9,2,maintenance,ppl
52,1,152,107,16.7,46.2,0,0,5,60,0,5.2,2,cut,upper_lower
41,1,188,61,33.0,44.6,0,2,6,60,4,6.7,1,recomp,upper_lower
48,1,160,60,14.7,49.1,1,2,4,90,1,5.6,0,recomp,upper_lower
20,1,160,70,30.3,37.3,2,1,2,60,2,5.0,0,recomp,full_body
16,1,153,47,8.5,38.0,0,6,4,90,3,6.0,0,strength,upper_lower
16,1,183,111,25.2,44.5,0,0,4,30,3,8.2,0,cut,upper_lower
40,1,186,64,32.6,28.5,1,1,5,90,4,5.2,0,recomp,ppl_ul
35,0,184,55,36.3,46.7,2,3,5,60,3,6.0,0,strength,ppl_ul
54,1,187,110,16.3,30.5,1,0,2,45,3,5.3,0,cut,full_body
36,1,155,116,27.4,42.4,1,4,3,60,1,8.9,0,cut,ppl
16,0,154,91,14.1,44.1,1,3,5,30,3,6.3,2,strength,ppl_ul
34,0,187,79,33.9,35.8,0,5,2,30,0,7.2,1,cut,full_body
24,1,195,114,35.3,42.2,0,1,3,90,4,8.7,1,recomp,full_body
25,1,175,63,9.0,33.7,0,3,4,60,1,6.9,1,strength,upper_lower
42,1,169,65,36.5,30.6,1,0,2,60,0,5.6,0,cut,full_body
51,1,194,87,11.2,27.9,1,0,3,60,2,7.3,1,cut,ppl
23,0,152,52,21.9,29.3,0,2,5,90,0,5.2,0,recomp,upper_lower
49,1,159,103,10.6,27.2,2,1,3,45,4,7.9,2,lean_bulk,ppl
20,0,172,56,11.8,41.4,1,4,4,30,3,7.9,1,maintenance,upper_lower
30,0,166,84,19.5,26.2,1,5,3,45,3,6.7,0,maintenance,ppl
40,0,151,58,26.7,33.3,0,2,5,45,2,7.0,0,recomp,upper_lower
31,0,172,116,36.8,27.1,1,4,3,45,2,8.0,2,cut,ppl
45,1,192,68,19.8,49.7,2,3,5,90,2,8.7,1,strength,ppl_ul
24,1,167,54,36.7,40.5,1,3,6,90,4,8.4,1,strength,ppl_ul
46,0,179,55,27.9,39.5,2,1,4,30,0,6.7,0,lean_bulk,upper_lower
48,0,186,106,37.8,49.3,0,1,4,60,1,6.2,1,recomp,upper_lower
40,0,185,64,36.4,28.8,1,6,5,60,4,8.0,1,strength,ppl_ul
38,1,166,118,31.6,25.4,1,5,4,60,0,8.1,0,cut,upper_lower
28,0,184,115,10.4,28.7,0,0,5,45,2,5.9,2,cut,upper_lower
48,0,182,67,29.7,38.2,1,4,5,30,3,6.6,0,maintenance,ppl_ul
22,0,156,50,13.5,29.0,1,2,3,60,0,8.2,0,recomp,ppl
17,1,157,96,9.5,40.3,2,3,2,45,3,5.6,2,strength,full_body
19,0,153,70,12.9,50.0,0,0,6,90,4,8.3,2,cut,upper_lower
21,1,155,80,9.0,25.3,1,3,2,45,0,8.0,1,strength,full_body
53,1,179,116,20.4,44.5,0,5,5,45,2,7.7,2,maintenance,upper_lower
48,1,166,57,25.5,32.1,2,3,6,60,2,8.7,2,strength,ppl
20,1,163,101,18.2,33.4,0,5,2,30,3,8.7,2,maintenance,full_body
49,0,150,105,12.1,36.7,0,5,3,90,0,8.8,0,maintenance,full_body
17,0,185,110,11.3,40.4,0,1,3,90,2,6.9,0,lean_bulk,full_body
47,1,171,74,9.2,47.0,2,6,2,30,1,8.2,2,strength,full_body
51,1,173,90,22.0,49.3,0,0,3,60,2,5.8,0,cut,full_body
41,1,161,65,37.1,28.0,2,0,5,90,4,6.4,1,aggressive_cut,ppl_ul
41,0,192,105,8.6,45.0,2,5,4,30,3,7.5,0,maintenance,upper_lower
52,1,173,63,10.7,26.4,0,6,5,60,1,6.6,0,strength,upper_lower
16,0,163,70,18.9,49.5,2,4,4,45,2,8.4,2,maintenance,upper_lower
55,1,184,73,25.3,32.2,1,4,2,45,0,5.0,0,cut,full_body
54,0,154,46,17.5,30.7,0,0,4,30,3,6.9,1,cut,upper_lower
34,0,175,76,14.9,46.7,2,6,4,45,2,7.2,0,strength,upper_lower
36,1,151,60,34.4,31.9,1,3,4,45,3,7.0,2,strength,upper_lower
23,0,170,105,15.4,33.4,2,6,2,45,4,8.1,1,strength,full_body
37,0,156,62,15.0,34.3,2,3,6,30,2,6.4,0,strength,ppl
18,0,192,104,12.8,43.4,0,1,4,60,3,8.0,1,lean_bulk,upper_lower
43,0,179,104,12.2,34.0,1,0,2,90,1,5.2,2,cut,full_body
23,0,173,94,32.2,43.9,1,4,3,90,0,5.9,1,cut,ppl
35,0,164,112,8.5,29.6,1,2,2,60,4,8.4,2,recomp,full_body
27,0,174,51,12.9,29.3,1,6,5,90,1,8.6,0,strength,ppl_ul
18,0,178,98,20.9,28.4,1,5,5,45,1,6.9,0,maintenance,ppl_ul
37,1,163,115,37.0,35.0,1,5,3,60,4,5.5,2,cut,ppl
48,0,180,51,20.2,41.8,0,6,4,90,4,7.7,0,strength,upper_lower
37,1,173,75,15.8,33.7,0,5,6,45,3,5.8,1,maintenance,upper_lower
36,1,188,102,20.9,31.4,0,2,3,60,3,6.8,2,recomp,full_body
48,0,188,104,23.0,33.5,1,1,5,30,4,7.8,0,lean_bulk,ppl_ul
49,1,166,63,33.4,36.9,1,5,3,90,1,5.7,2,cut,ppl
27,1,191,63,22.5,27.7,0,6,5,60,3,6.7,0,strength,upper_lower
22,0,177,66,9.7,32.4,2,4,4,30,2,6.1,2,maintenance,upper_lower
52,0,185,74,9.0,29.4,0,6,5,30,1,7.3,0,strength,upper_lower
17,1,161,97,37.8,49.6,2,0,2,60,1,7.7,1,aggressive_cut,full_body
20,0,153,99,24.4,46.7,1,3,2,45,0,6.6,0,strength,full_body
18,0,171,46,36.2,32.3,0,1,3,90,3,5.7,1,recomp,full_body
52,0,164,59,33.9,36.0,2,2,5,90,1,8.7,0,recomp,ppl_ul
52,1,152,95,30.7,33.1,0,1,4,60,0,7.8,0,recomp,upper_lower
24,1,179,65,37.7,37.3,2,6,2,45,4,5.5,1,strength,full_body
38,1,191,51,17.0,44.3,1,0,3,90,3,6.8,2,cut,ppl
26,0,179,66,24.6,32.6,0,4,5,60,4,8.0,2,maintenance,upper_lower
17,0,178,45,23.2,38.7,1,6,2,90,3,9.0,1,strength,full_body
26,1,152,114,8.3,42.9,0,4,3,30,1,5.7,0,maintenance,full_body
35,0,165,49,16.4,38.6,0,4,3,45,1,6.4,0,maintenance,full_body
29,1,161,45,36.7,31.1,0,0,3,60,2,6.4,0,cut,full_body
55,1,164,88,16.5,44.9,2,0,3,90,4,7.0,2,cut,ppl
29,0,189,69,30.7,31.1,0,2,3,90,1,7.4,0,recomp,full_body
50,1,151,89,24.9,43.5,2,1,2,45,2,8.0,0,recomp,full_body
53,1,153,101,31.4,43.8,1,2,6,45,0,5.5,0,recomp,ppl_ul
41,0,162,54,22.4,32.7,1,2,3,30,0,6.5,2,recomp,ppl
21,0,186,71,35.1,33.5,0,4,3,45,3,6.8,2,cut,full_body
22,1,180,92,15.0,35.0,1,6,4,90,2,5.6,2,strength,upper_lower
32,0,174,58,34.9,28.5,0,4,5,30,3,8.2,0,cut,upper_lower
16,1,186,120,12.8,43.5,2,2,4,45,2,5.2,0,recomp,upper_lower
20,1,172,74,33.8,33.9,1,0,4,45,1,5.4,2,cut,upper_lower
35,1,165,51,23.5,36.0,2,3,3,60,3,7.4,0,strength,ppl
32,0,158,64,37.1,37.5,0,5,4,60,4,8.2,2,cut,upper_lower
16,1,169,114,22.5,26.0,1,5,5,45,1,8.5,0,cut,ppl_ul
38,0,156,90,34.2,48.6,0,2,5,60,3,6.1,2,recomp,upper_lower
48,0,172,112,23.9,45.7,2,1,4,90,3,5.5,0,lean_bulk,upper_lower
48,1,167,95,22.5,41.5,0,2,4,45,2,7.9,0,recomp,upper_lower
26,0,185,65,13.2,46.7,0,6,2,45,2,7.9,2,strength,full_body
26,0,169,102,13.2,35.3,2,6,4,45,0,5.4,0,strength,upper_lower
31,1,167,56,16.6,39.3,2,0,2,90,3,5.7,2,cut,full_body
18,0,158,97,20.0,31.6,1,6,2,60,3,5.8,0,strength,full_body
34,0,191,50,8.6,30.8,0,0,2,45,1,6.5,0,cut,full_body
24,1,160,83,33.1,27.3,2,1,5,30,0,6.7,0,recomp,ppl_ul
45,1,181,49,17.6,32.0,0,5,5,30,3,8.9,0,maintenance,upper_lower
34,0,163,112,29.4,33.8,0,4,4,45,3,5.7,1,maintenance,upper_lower
21,0,178,99,27.8,46.4,2,0,3,45,3,5.5,2,cut,ppl
34,0,195,56,36.9,32.5,0,5,2,90,2,6.1,1,cut,full_body
28,1,179,67,21.9,41.5,1,4,4,90,3,8.6,0,maintenance,upper_lower
29,0,166,82,13.4,49.4,1,3,2,90,2,8.4,0,strength,full_body
17,0,155,108,26.6,39.1,0,2,3,30,1,6.1,0,recomp,full_body
35,0,167,79,10.3,37.4,0,2,4,90,2,8.2,2,recomp,upper_lower
52,0,166,102,25.1,49.9,0,2,4,60,1,6.5,0,recomp,upper_lower
51,0,186,50,16.4,36.7,0,4,5,60,0,7.6,0,maintenance,upper_lower
30,0,182,88,26.8,32.8,2,2,3,30,3,7.9,0,recomp,ppl
53,0,188,47,33.1,25.8,0,3,6,30,2,7.7,0,strength,upper_lower
47,0,191,97,30.1,32.3,1,4,6,60,2,5.8,0,maintenance,ppl_ul
40,0,155,114,30.6,46.1,1,3,4,90,3,5.5,1,strength,upper_lower
41,1,185,53,19.0,32.4,2,0,6,60,4,8.0,2,cut,ppl
19,1,159,102,22.3,42.4,2,6,2,30,4,6.2,0,strength,full_body
51,0,174,47,16.7,30.9,1,6,5,30,2,8.6,0,strength,ppl_ul
44,1,167,99,25.8,31.1,0,3,5,90,1,5.1,1,strength,upper_lower
23,0,185,62,13.5,29.6,1,6,5,60,0,7.5,2,strength,ppl_ul
48,0,191,109,20.9,30.5,1,5,6,30,3,6.9,0,maintenance,ppl_ul
29,0,169,66,28.9,42.3,2,6,5,90,0,8.0,1,strength,ppl_ul
17,0,192,83,25.1,28.5,0,5,5,30,2,7.6,2,maintenance,upper_lower
20,0,184,96,28.5,36.1,1,3,3,45,0,8.1,1,strength,ppl
52,1,193,46,22.2,48.6,2,4,3,30,4,8.3,0,cut,ppl
23,0,185,64,20.6,33.1,0,6,3,90,0,6.8,0,strength,full_body
35,0,189,78,13.1,39.7,0,0,3,45,0,7.7,0,cut,full_body
35,0,193,47,11.4,34.0,2,4,5,90,0,9.0,2,maintenance,ppl_ul
20,1,189,88,32.6,36.0,0,2,4,45,2,5.9,2,recomp,upper_lower
31,0,153,63,31.5,42.3,2,0,5,30,3,6.9,0,cut,ppl_ul
40,0,191,79,27.9,41.9,1,5,6,30,0,6.5,1,maintenance,ppl_ul
48,1,155,87,8.0,48.5,0,0,5,30,4,8.9,1,cut,upper_lower
18,0,178,51,14.1,37.8,2,0,6,30,3,5.6,0,cut,ppl
54,1,176,115,13.2,46.8,1,6,4,60,0,7.6,0,strength,upper_lower
25,0,183,109,27.8,49.1,2,1,5,60,0,5.3,2,lean_bulk,ppl_ul
43,1,187,59,29.6,47.1,1,6,2,45,3,6.6,0,strength,full_body
51,1,152,112,12.0,25.4,2,0,5,30,1,9.0,1,cut,ppl_ul
32,1,167,79,14.6,45.1,1,5,3,60,2,9.0,2,maintenance,ppl
16,0,155,67,8.3,43.7,2,5,3,60,1,7.6,1,maintenance,ppl
42,1,188,47,25.6,48.5,0,1,5,60,1,5.0,2,recomp,upper_lower
52,0,178,96,32.7,48.2,0,1,6,90,3,5.0,1,recomp,upper_lower
40,1,170,62,33.3,47.3,1,0,4,60,1,7.8,1,aggressive_cut,upper_lower
48,0,155,113,32.5,44.7,1,5,2,45,3,8.3,1,cut,full_body
23,1,172,117,21.6,37.5,2,2,4,90,3,5.6,0,recomp,upper_lower
30,1,177,49,19.4,45.2,2,6,6,90,2,7.3,0,strength,ppl
53,0,169,117,32.5,49.2,2,1,3,30,2,5.7,2,recomp,ppl
27,0,160,97,24.9,28.2,1,3,5,30,3,8.8,2,strength,ppl_ul
27,0,162,89,19.3,49.6,2,5,3,45,1,6.3,2,maintenance,ppl
41,0,185,110,21.9,37.4,2,1,4,90,0,6.2,0,lean_bulk,upper_lower
49,0,161,51,23.7,46.7,1,4,3,30,2,5.8,2,maintenance,ppl
54,1,155,64,37.7,35.1,0,0,2,60,2,5.2,2,cut,full_body
41,0,159,53,36.7,32.6,2,5,3,30,2,7.9,2,cut,ppl
29,1,169,60,8.5,37.9,2,3,4,45,4,6.9,0,strength,upper_lower
36,0,192,94,16.9,43.6,2,5,3,60,0,6.3,2,maintenance,ppl
19,1,183,68,15.0,45.8,0,4,5,90,3,7.4,0,maintenance,upper_lower
51,0,189,96,11.8,48.4,2,6,2,60,3,7.1,0,strength,full_body
46,1,192,91,15.4,48.4,1,4,5,90,0,8.7,1,maintenance,ppl_ul
46,0,159,82,33.5,25.2,0,6,4,90,2,5.5,0,strength,upper_lower
30,0,154,69,22.5,40.5,1,0,2,30,3,7.0,0,cut,full_body
20,1,181,89,9.9,35.5,2,6,3,30,1,7.8,2,strength,ppl
53,1,162,111,22.5,30.2,0,1,4,45,2,8.4,1,recomp,upper_lower
44,0,168,115,26.3,44.5,1,3,2,90,4,6.7,0,strength,full_body
36,1,154,45,28.8,36.8,1,0,6,30,3,7.5,2,cut,ppl_ul
21,0,180,75,36.8,29.2,2,4,4,30,2,6.4,0,cut,upper_lower
18,0,188,54,24.8,33.9,0,2,4,30,0,6.3,1,recomp,upper_lower
33,0,195,95,28.1,31.2,2,0,5,30,3,8.3,0,cut,ppl_ul
34,1,150,120,15.4,45.7,0,5,4,60,2,5.5,1,maintenance,upper_lower
31,1,188,114,12.5,27.0,2,0,3,90,3,8.1,2,cut,ppl
31,1,182,92,35.5,38.6,1,5,4,30,3,7.1,0,cut,upper_lower
41,1,170,65,26.2,33.4,1,2,5,45,1,7.9,1,recomp,ppl_ul
24,0,162,52,36.0,40.1,1,2,4,30,4,8.6,0,recomp,upper_lower
47,0,152,109,29.6,40.1,1,0,6,45,0,8.9,2,cut,ppl_ul
54,1,194,56,24.2,43.1,2,5,4,45,0,5.4,2,cut,upper_lower
40,1,174,57,10.9,38.4,2,2,6,30,2,5.7,1,recomp,ppl
27,1,192,60,11.3,41.4,0,2,5,45,1,5.1,0,recomp,upper_lower
16,0,180,106,36.6,34.1,1,2,5,30,4,7.7,2,recomp,ppl_ul
28,1,155,101,30.5,32.2,2,0,6,60,1,7.3,1,aggressive_cut,ppl
40,0,176,61,34.2,29.5,1,5,6,90,0,6.5,0,cut,ppl_ul
40,1,154,113,17.0,28.2,1,6,6,90,0,5.9,1,strength,ppl_ul
19,0,171,51,19.8,26.0,1,1,5,30,2,5.2,2,lean_bulk,ppl_ul
43,1,167,46,26.7,39.7,0,6,3,30,4,5.5,0,strength,full_body
31,1,190,48,12.3,28.4,2,2,4,45,1,8.1,1,recomp,upper_lower
52,0,179,91,14.9,27.8,2,6,3,90,0,5.2,2,strength,ppl
18,0,158,104,18.5,45.4,1,2,4,60,2,8.9,2,recomp,upper_lower
18,1,170,81,30.4,49.1,1,5,4,60,1,7.1,0,cut,upper_lower
51,1,157,115,25.9,33.7,1,4,3,60,2,8.0,1,cut,ppl
26,0,160,92,12.5,37.3,1,0,4,90,3,5.0,1,cut,upper_lower
42,1,158,84,24.3,25.8,0,2,5,45,3,8.6,1,recomp,upper_lower
24,1,162,90,32.0,26.6,2,2,2,30,2,8.8,2,recomp,full_body
20,1,178,74,28.4,40.9,0,3,5,30,2,6.7,1,strength,upper_lower
52,0,153,92,11.9,31.4,0,1,3,60,2,6.8,1,lean_bulk,full_body
40,1,166,91,14.4,42.0,1,5,5,30,2,7.9,0,maintenance,ppl_ul
49,1,190,118,23.9,35.9,2,2,5,45,3,6.3,0,recomp,ppl_ul
28,1,170,108,15.9,41.8,1,3,6,30,2,7.7,0,strength,ppl_ul
31,1,194,106,33.4,45.0,0,4,4,45,0,8.2,0,cut,upper_lower
26,1,151,91,21.0,31.0,0,6,3,90,1,8.1,0,strength,full_body
52,1,175,82,15.8,29.7,2,1,4,45,1,8.3,1,lean_bulk,upper_lower
55,0,187,68,15.7,36.0,0,4,3,45,4,8.5,2,maintenance,full_body
18,1,158,75,28.6,25.5,0,2,2,30,3,7.5,0,recomp,full_body
49,1,167,82,12.1,49.0,1,5,2,45,4,5.0,2,maintenance,full_body
37,0,170,55,17.8,31.7,1,1,5,30,3,6.3,2,lean_bulk,ppl_ul
28,1,185,73,11.7,25.1,1,6,4,45,1,7.7,0,strength,upper_lower
25,0,158,108,21.5,36.7,0,0,5,30,3,6.6,1,cut,upper_lower
17,0,178,45,14.2,34.0,0,3,2,60,4,6.3,2,strength,full_body
24,0,190,81,10.5,45.6,2,3,4,30,1,8.6,1,strength,upper_lower
43,1,180,91,23.2,35.7,1,1,4,30,3,8.3,0,recomp,upper_lower
31,1,195,96,13.7,37.7,1,5,5,60,3,7.9,1,maintenance,ppl_ul
33,0,170,107,27.4,30.2,2,1,6,90,4,8.4,2,lean_bulk,ppl
54,0,154,77,26.0,42.7,1,0,6,60,2,5.1,1,cut,ppl_ul
25,1,176,100,16.9,28.2,2,1,6,60,3,5.4,0,lean_bulk,ppl
51,1,187,113,32.2,26.9,0,2,6,60,4,8.7,0,recomp,upper_lower
17,0,150,54,13.5,36.3,2,5,3,45,1,8.3,2,maintenance,ppl
47,0,169,67,32.8,48.2,0,2,5,90,4,7.8,0,recomp,upper_lower
24,1,163,102,23.8,38.7,1,0,4,60,0,6.6,0,aggressive_cut,upper_lower
20,0,162,77,25.3,34.3,1,3,6,60,3,5.1,2,strength,ppl_ul
48,0,177,101,26.7,39.2,1,1,6,45,0,8.4,1,lean_bulk,ppl_ul
28,1,175,60,9.5,38.6,2,1,5,30,3,6.6,0,lean_bulk,ppl_ul
42,1,170,90,35.0,43.3,2,4,5,60,2,7.0,2,cut,ppl_ul
36,0,170,90,34.7,33.8,0,2,5,90,2,5.0,0,recomp,upper_lower
49,0,178,88,23.6,45.2,2,6,3,60,0,6.4,1,strength,ppl
38,0,166,86,11.2,29.4,1,6,4,60,0,8.1,2,strength,upper_lower
34,0,150,63,32.1,45.8,0,4,5,90,0,7.1,0,cut,upper_lower
46,0,152,53,21.6,49.0,1,1,2,60,2,5.6,0,lean_bulk,full_body
19,0,161,50,31.9,33.3,0,4,6,45,0,8.9,1,maintenance,upper_lower
29,1,167,119,8.4,44.3,2,0,6,90,4,6.9,2,cut,ppl
24,0,167,88,37.7,38.9,0,1,4,90,4,6.1,0,recomp,upper_lower
36,0,152,104,14.1,43.8,1,6,5,60,4,8.9,0,strength,ppl_ul
47,0,190,73,25.2,41.9,1,4,6,30,1,7.6,1,maintenance,ppl_ul
26,1,195,77,16.1,41.3,0,6,3,30,2,8.6,2,strength,full_body
37,1,183,80,26.3,46.8,1,1,4,45,0,5.9,2,recomp,upper_lower
45,0,180,81,24.0,36.5,2,2,2,60,0,7.1,1,recomp,full_body
49,0,160,70,8.1,38.0,2,1,6,60,4,8.5,2,lean_bulk,ppl
22,0,186,98,12.8,41.2,0,1,5,30,2,7.9,1,lean_bulk,upper_lower
26,0,179,98,33.2,32.3,2,1,2,90,1,7.8,1,recomp,full_body
27,0,187,72,27.7,41.1,2,0,4,30,4,8.7,0,cut,upper_lower
50,0,182,64,16.8,28.7,1,6,4,60,4,6.2,2,strength,upper_lower
42,1,159,75,12.0,43.1,0,5,5,30,3,7.5,2,maintenance,upper_lower
25,1,160,74,22.1,45.7,0,0,5,60,2,8.5,2,cut,upper_lower
19,0,192,115,16.4,36.7,1,4,4,60,0,7.5,1,maintenance,upper_lower
47,0,170,85,14.1,38.1,2,4,6,30,3,8.0,1,maintenance,ppl
38,1,187,53,17.6,40.1,2,4,4,60,4,9.0,2,maintenance,upper_lower
26,0,175,115,14.3,31.6,2,3,5,45,4,5.1,0,strength,ppl_ul
46,1,175,55,12.5,39.8,2,0,3,30,4,5.1,1,cut,ppl
51,1,184,57,12.6,39.2,2,4,5,30,4,8.1,0,maintenance,ppl_ul
16,0,175,94,29.5,46.2,2,0,2,30,3,7.3,0,cut,full_body
25,0,187,116,12.3,38.8,0,1,4,90,2,7.4,1,lean_bulk,upper_lower
31,1,195,85,9.3,37.3,1,4,6,90,4,8.1,0,maintenance,ppl_ul
37,1,172,102,8.4,37.2,0,5,2,45,1,5.4,1,maintenance,full_body
18,0,193,85,21.2,47.6,1,1,2,90,4,7.4,2,lean_bulk,full_body
49,1,167,80,15.9,32.8,2,4,3,30,0,6.2,1,maintenance,ppl
19,0,191,58,30.6,48.4,2,6,4,30,1,6.6,1,strength,upper_lower
36,1,190,95,32.6,44.4,2,0,2,90,3,7.5,2,cut,full_body
25,1,164,83,32.1,40.7,1,3,6,60,2,6.6,1,strength,ppl_ul
17,0,164,99,29.8,35.7,1,6,2,30,3,5.9,0,strength,full_body
46,0,163,108,23.2,30.2,0,2,6,90,2,6.8,0,recomp,upper_lower
44,1,164,58,23.3,49.0,2,1,2,45,4,8.3,1,recomp,full_body
35,0,191,65,37.9,30.7,0,2,2,90,2,5.3,1,recomp,full_body
50,0,165,119,21.0,34.7,1,1,4,60,3,8.4,2,lean_bulk,upper_lower
40,0,161,60,18.4,40.8,1,4,4,30,3,6.1,2,maintenance,upper_lower
43,1,154,101,8.1,25.3,0,1,2,30,3,7.3,0,lean_bulk,full_body
22,0,164,83,33.1,41.7,1,5,2,60,4,5.8,1,cut,full_body
34,0,151,61,25.7,43.0,0,4,5,60,1,8.9,0,maintenance,upper_lower
43,1,190,89,37.1,43.7,2,5,6,90,1,5.5,0,cut,ppl
40,0,178,103,11.7,43.7,1,3,5,30,0,5.6,1,strength,ppl_ul
31,0,167,67,32.3,48.0,0,6,3,45,1,6.1,2,strength,full_body
20,1,163,101,37.2,38.8,1,3,4,30,0,6.9,1,strength,upper_lower
36,1,159,83,16.3,35.1,1,2,2,45,1,6.0,1,recomp,full_body
45,1,169,95,35.2,35.9,1,1,5,30,0,7.2,0,recomp,ppl_ul
24,0,174,72,10.0,39.6,1,5,5,60,2,7.3,0,maintenance,ppl_ul
47,1,193,101,19.3,47.0,0,2,6,30,0,5.9,2,recomp,upper_lower
16,0,161,87,18.3,43.2,0,6,4,60,2,8.5,1,strength,upper_lower
25,0,161,113,35.3,30.7,0,2,5,45,1,5.3,1,recomp,upper_lower
40,0,194,55,19.2,37.1,2,6,3,45,2,5.4,1,strength,ppl
49,0,183,104,25.7,32.9,0,1,2,60,0,7.3,1,lean_bulk,full_body
44,1,181,100,20.7,37.8,0,5,6,60,4,5.2,0,maintenance,upper_lower
31,0,155,84,14.2,27.1,0,0,4,45,3,6.9,1,cut,upper_lower
22,1,150,107,32.0,26.9,1,0,2,90,4,6.3,1,aggressive_cut,full_body
37,1,179,51,20.2,38.7,0,1,5,45,1,8.7,2,lean_bulk,upper_lower
39,1,166,67,29.2,29.9,1,0,2,45,1,5.2,2,cut,full_body
37,0,191,87,35.3,25.5,1,6,3,45,2,8.0,0,strength,ppl
25,0,151,96,20.3,25.9,1,0,4,60,4,7.3,0,cut,upper_lower
41,1,177,76,14.2,43.5,0,1,3,45,2,5.1,1,lean_bulk,full_body
53,1,158,68,27.9,26.2,1,1,2,30,4,8.0,0,recomp,full_body
29,1,166,113,17.2,30.6,0,1,3,45,2,5.7,1,lean_bulk,full_body
29,1,160,76,30.0,31.4,1,5,4,60,1,5.9,0,cut,upper_lower
35,0,169,101,20.8,25.1,1,4,6,90,3,5.8,0,maintenance,ppl_ul
53,1,172,76,21.1,36.3,2,3,3,60,4,7.2,2,strength,ppl
27,0,189,105,32.9,33.9,0,2,3,90,3,6.5,1,recomp,full_body
33,1,181,94,36.8,34.2,0,6,6,30,4,8.7,1,strength,upper_lower
22,0,167,105,31.5,34.2,0,3,6,60,1,6.2,1,strength,upper_lower
41,0,177,85,28.0,33.5,2,4,5,45,4,7.2,1,maintenance,ppl_ul
25,1,168,70,34.3,42.7,1,3,6,45,2,5.4,1,strength,ppl_ul
26,1,191,103,33.9,42.4,1,1,6,45,2,6.1,2,recomp,ppl_ul
42,0,185,87,23.0,35.7,2,4,2,90,0,6.6,2,maintenance,full_body
34,1,186,105,25.7,30.9,2,6,6,30,3,5.4,0,strength,ppl
22,1,175,110,27.7,42.4,0,0,3,30,3,8.2,1,cut,full_body
40,1,153,105,28.7,44.4,0,0,4,90,3,8.8,2,cut,upper_lower
51,1,158,94,30.0,39.3,0,1,2,60,3,8.1,2,recomp,full_body
44,0,175,68,17.7,31.9,0,5,6,45,3,8.4,1,maintenance,upper_lower
41,0,163,69,25.9,36.5,2,4,6,60,0,5.9,2,maintenance,ppl
48,0,192,55,37.8,27.7,2,3,5,60,4,6.8,2,strength,ppl_ul
44,0,193,48,20.4,47.2,0,1,4,45,4,5.4,0,lean_bulk,upper_lower
22,0,160,89,31.6,39.3,0,3,3,60,4,5.1,0,strength,full_body
30,1,164,79,37.2,30.4,2,3,5,45,2,7.1,0,strength,ppl_ul
18,0,186,114,31.9,31.6,2,0,2,90,3,7.4,0,cut,full_body
32,1,184,56,11.1,25.3,1,4,6,30,0,5.2,1,maintenance,ppl_ul
18,1,159,112,24.9,47.0,1,0,5,30,0,8.5,2,cut,ppl_ul
31,1,168,63,11.7,46.1,0,2,6,60,2,7.2,0,recomp,upper_lower
29,1,170,70,10.2,26.5,1,4,2,90,4,5.4,2,maintenance,full_body
19,0,155,86,31.6,27.5,2,0,5,30,1,8.5,2,cut,ppl_ul
53,1,193,84,35.8,45.4,0,2,5,30,1,8.9,2,recomp,upper_lower
34,1,155,60,12.0,38.3,2,2,4,45,3,8.7,0,recomp,upper_lower
43,1,180,110,19.1,34.5,1,1,6,30,1,7.2,0,lean_bulk,ppl_ul
47,1,169,59,27.7,34.5,2,2,3,45,1,5.5,1,recomp,ppl
20,1,195,75,10.5,33.4,1,0,5,90,1,6.6,1,cut,ppl_ul
38,0,171,66,38.0,29.4,2,3,4,30,0,5.6,1,strength,upper_lower
47,0,154,104,25.5,39.9,2,2,6,60,3,6.6,1,recomp,ppl
19,1,151,92,11.2,49.8,2,5,4,90,3,6.4,2,maintenance,upper_lower
29,0,173,91,31.3,32.4,0,6,3,90,0,6.8,1,strength,full_body
24,0,191,91,20.2,25.6,1,6,2,90,0,7.7,0,strength,full_body
33,0,157,73,8.2,45.5,2,5,5,45,2,5.2,2,maintenance,ppl_ul
22,0,150,45,37.1,49.5,1,3,6,30,2,9.0,0,strength,ppl_ul
24,0,184,63,8.2,35.2,0,4,2,30,2,8.5,2,maintenance,full_body
24,1,164,63,24.6,29.5,2,1,4,30,4,6.1,1,recomp,upper_lower
49,1,162,90,38.0,39.8,1,0,2,60,0,5.2,2,cut,full_body
44,0,188,59,14.8,47.2,0,5,2,45,2,7.7,1,maintenance,full_body
36,1,178,63,12.9,41.1,2,1,2,90,2,5.5,2,lean_bulk,full_body
47,0,185,50,26.0,36.6,0,0,3,30,0,5.1,1,cut,full_body
55,1,168,87,15.3,26.9,1,6,3,30,2,6.2,2,strength,ppl
45,0,168,61,24.5,29.4,2,4,6,45,0,6.5,1,maintenance,ppl
51,0,191,48,28.2,30.7,2,4,2,45,0,5.9,2,maintenance,full_body
32,0,165,96,25.9,25.3,1,4,4,60,3,8.1,2,maintenance,upper_lower
17,0,184,80,13.6,47.4,0,6,5,90,4,7.6,2,strength,upper_lower
38,0,159,111,26.2,38.6,0,3,2,30,3,6.3,1,strength,full_body
30,1,178,79,19.1,47.3,0,3,4,45,3,6.7,0,strength,upper_lower
51,0,154,83,25.6,38.8,0,2,3,30,4,6.1,1,recomp,full_body
55,0,189,65,27.2,46.2,1,2,4,90,3,8.4,0,recomp,upper_lower
16,0,184,81,28.3,31.0,0,2,3,45,2,7.0,0,recomp,full_body
21,0,179,61,17.2,43.0,1,1,5,30,2,7.1,1,lean_bulk,ppl_ul
34,0,187,48,19.5,45.9,2,6,5,30,1,6.1,1,strength,ppl_ul
19,0,165,72,14.6,28.6,1,5,6,60,2,5.7,0,maintenance,ppl_ul
36,1,190,113,35.6,28.5,1,1,2,60,0,8.6,0,recomp,full_body
41,0,161,56,21.3,27.5,1,1,6,45,1,5.1,0,lean_bulk,ppl_ul
45,0,184,67,35.2,34.0,0,4,3,90,3,7.4,1,cut,full_body
41,1,164,61,32.6,43.8,0,0,3,45,4,5.2,2,cut,full_body
16,0,161,64,9.4,27.4,2,0,2,45,1,5.8,2,cut,full_body
47,1,188,107,10.5,26.5,0,5,2,45,4,7.6,1,maintenance,full_body
40,1,159,68,33.3,34.4,2,5,4,90,0,7.1,1,cut,upper_lower
54,0,169,45,29.8,39.5,2,6,3,45,0,6.1,1,strength,ppl
24,1,164,55,36.9,41.3,1,3,6,30,2,6.3,1,strength,ppl_ul
34,0,165,101,8.4,43.5,2,2,4,45,4,7.8,0,recomp,upper_lower
44,1,181,99,37.1,42.8,1,0,4,45,3,7.6,1,aggressive_cut,upper_lower
24,1,151,118,12.8,27.2,2,5,4,90,4,5.2,2,maintenance,upper_lower
55,1,153,64,12.0,26.7,0,3,5,90,0,6.5,1,strength,upper_lower
29,0,171,76,12.1,30.0,1,0,6,60,4,5.6,0,cut,ppl_ul
49,0,168,110,19.0,30.5,1,0,2,60,1,7.4,0,cut,full_body
18,1,151,76,21.6,33.4,0,4,6,45,1,7.8,0,maintenance,upper_lower
25,1,166,100,18.3,41.5,2,6,5,90,4,5.8,1,strength,ppl_ul
22,0,181,115,14.1,42.1,1,2,6,30,2,8.6,2,recomp,ppl_ul
18,1,156,57,31.4,41.7,0,6,5,60,1,7.8,1,strength,upper_lower
27,0,177,101,34.0,46.9,1,0,3,90,1,9.0,1,aggressive_cut,ppl
30,0,165,107,36.5,34.1,1,2,5,90,3,6.0,1,recomp,ppl_ul
53,0,177,65,12.9,45.4,2,2,4,30,0,6.2,2,recomp,upper_lower
36,1,150,97,25.4,49.3,1,2,5,60,0,5.6,2,recomp,ppl_ul
42,1,158,102,34.3,42.8,0,4,3,60,0,7.5,2,cut,full_body
32,1,193,79,34.0,26.8,2,0,4,90,2,8.6,0,aggressive_cut,upper_lower
28,1,168,108,21.8,49.6,2,6,2,60,2,8.9,2,strength,full_body
24,0,173,59,33.9,32.3,2,0,5,30,1,5.9,2,cut,ppl_ul
21,1,168,102,24.7,46.0,0,6,3,45,3,7.6,0,strength,full_body
52,1,194,79,17.5,42.9,1,3,5,90,0,6.6,1,strength,ppl_ul
24,1,183,99,14.0,27.8,0,6,3,30,0,8.6,2,strength,full_body
48,0,167,61,19.6,31.3,2,1,3,45,3,8.4,2,lean_bulk,ppl
17,0,182,66,36.2,42.3,2,3,5,30,1,6.5,1,strength,ppl_ul
54,0,168,100,34.3,40.0,0,4,4,90,2,7.3,0,cut,upper_lower
28,1,159,78,26.6,44.1,0,4,3,60,0,8.3,0,cut,full_body
22,1,171,82,19.7,36.9,2,5,2,30,1,8.8,2,maintenance,full_body
34,1,166,53,9.8,26.5,0,0,4,90,3,8.6,1,cut,upper_lower
29,1,171,69,23.7,41.4,1,4,3,90,2,6.8,1,cut,ppl
28,1,152,46,11.1,35.1,1,3,4,90,0,6.9,1,strength,upper_lower
18,0,155,49,12.6,36.6,2,0,5,45,3,7.8,1,cut,ppl_ul
22,1,173,111,35.8,35.6,2,3,2,30,4,7.3,1,strength,full_body
38,0,187,111,14.1,30.0,1,0,5,30,2,8.5,1,cut,ppl_ul
39,1,162,77,18.7,38.5,2,2,5,60,3,7.8,2,recomp,ppl_ul
31,0,173,75,37.6,39.5,2,6,6,45,2,5.6,1,strength,ppl
22,1,179,106,18.1,26.1,2,2,6,60,3,6.7,1,recomp,ppl
16,1,162,45,12.5,37.9,0,1,5,45,3,8.0,1,lean_bulk,upper_lower
32,1,170,53,27.1,45.3,2,0,3,60,1,8.5,1,aggressive_cut,ppl
43,0,156,75,8.1,38.6,0,0,6,90,1,8.5,0,cut,upper_lower
30,0,185,66,36.5,44.8,1,3,2,30,4,6.2,1,strength,full_body
46,1,191,109,35.6,30.0,2,0,2,90,0,5.6,0,cut,full_body
33,1,159,69,16.9,32.3,0,5,2,60,3,8.4,2,maintenance,full_body
46,0,156,99,36.0,41.9,2,5,5,30,3,6.5,2,cut,ppl_ul
38,0,175,96,31.1,35.2,0,4,6,90,4,8.4,0,maintenance,upper_lower
33,0,151,47,26.4,34.2,0,6,4,45,3,7.7,1,strength,upper_lower
45,1,189,70,36.7,29.6,0,4,2,60,1,8.9,2,cut,full_body
45,1,151,91,28.8,37.0,0,3,2,30,2,7.0,2,strength,full_body
21,1,171,49,30.4,27.4,0,3,3,90,0,5.1,0,strength,full_body
41,1,172,116,25.2,30.2,1,6,5,60,4,6.8,2,strength,ppl_ul
30,1,170,81,23.2,42.8,1,3,2,45,0,6.1,1,strength,full_body
52,0,155,77,19.5,49.3,2,4,5,90,2,7.7,0,maintenance,ppl_ul
17,1,163,56,36.3,48.7,2,1,5,90,2,5.6,2,recomp,ppl_ul
35,1,175,113,18.0,46.5,2,1,5,45,2,5.0,0,lean_bulk,ppl_ul
17,1,184,95,27.9,27.2,2,5,5,30,2,5.3,0,cut,ppl_ul
33,0,163,63,22.9,27.9,2,1,2,45,1,6.3,1,lean_bulk,full_body
40,1,188,70,32.4,27.2,0,0,2,30,4,8.3,2,cut,full_body
20,1,185,101,23.6,43.2,1,6,6,30,1,7.1,0,strength,ppl_ul
33,0,154,87,24.3,48.6,0,4,2,45,0,8.7,2,maintenance,full_body
44,1,176,99,10.7,44.3,1,1,6,30,4,8.2,0,lean_bulk,ppl_ul
24,1,193,99,23.6,33.7,2,2,5,60,3,8.4,1,recomp,ppl_ul
20,1,155,49,37.4,42.0,0,5,3,30,4,6.7,0,cut,full_body
55,0,182,82,37.4,27.4,2,0,4,45,3,7.4,1,aggressive_cut,upper_lower
38,0,191,48,30.7,27.6,1,3,5,30,4,7.0,1,strength,ppl_ul
49,1,184,72,20.3,30.9,2,4,4,30,0,7.9,1,maintenance,upper_lower
45,1,175,67,25.8,29.6,1,3,5,30,4,7.8,0,strength,ppl_ul
41,0,155,95,37.7,33.1,0,4,6,30,3,6.2,2,cut,upper_lower
36,1,186,113,11.2,33.1,2,3,5,90,1,6.7,2,strength,ppl_ul
40,0,168,48,24.5,29.7,2,2,6,30,2,5.1,0,recomp,ppl
23,0,178,58,34.8,44.5,1,3,6,45,4,5.3,0,strength,ppl_ul
41,0,172,56,24.0,36.0,2,0,4,90,0,5.2,2,cut,upper_lower
18,0,150,68,15.9,39.9,2,1,6,90,4,8.3,1,lean_bulk,ppl
45,0,153,74,27.3,44.3,2,1,2,30,0,7.9,0,lean_bulk,full_body
16,0,154,109,19.7,40.6,1,2,3,30,3,7.6,2,recomp,ppl
25,0,161,65,14.8,29.7,2,1,2,30,3,5.7,0,lean_bulk,full_body
47,1,190,70,8.6,28.4,1,6,3,90,3,5.6,2,strength,ppl
39,0,165,105,36.4,43.4,1,0,4,90,0,8.2,1,aggressive_cut,upper_lower
41,0,192,92,35.0,42.0,1,2,2,90,4,8.6,0,recomp,full_body
35,0,166,92,14.6,33.3,0,2,5,90,4,8.9,2,recomp,upper_lower
38,0,182,70,28.0,46.8,2,1,4,45,2,7.6,1,lean_bulk,upper_lower
42,1,181,72,21.0,34.8,1,4,4,45,1,5.1,2,maintenance,upper_lower
46,0,173,112,22.1,48.1,2,2,3,45,3,8.1,2,recomp,ppl
32,1,169,76,34.1,43.2,2,5,4,30,2,5.1,2,cut,upper_lower
36,0,153,91,37.8,25.8,0,4,4,90,3,5.7,0,cut,upper_lower
45,1,162,80,13.2,49.6,2,6,3,30,3,6.8,2,strength,ppl
25,0,187,85,16.1,44.7,1,5,2,45,4,8.7,0,maintenance,full_body
24,0,171,116,37.8,27.7,0,5,3,30,2,9.0,0,cut,full_body
51,1,156,84,14.3,30.7,0,1,5,60,1,8.3,1,lean_bulk,upper_lower
28,0,155,57,11.4,31.0,1,4,2,60,1,6.6,0,maintenance,full_body
32,0,159,115,21.0,41.9,0,6,4,30,0,7.1,1,strength,upper_lower
49,1,162,115,29.4,33.8,1,2,2,60,3,8.9,2,recomp,full_body
53,1,164,86,10.8,36.9,1,2,4,60,1,7.8,2,recomp,upper_lower
42,1,158,105,13.6,46.1,1,3,3,45,3,6.0,0,strength,ppl
21,1,192,85,32.9,34.4,1,5,3,90,2,8.5,0,cut,ppl
17,0,182,77,23.8,37.8,2,3,5,45,0,7.4,0,strength,ppl_ul
52,0,164,55,26.1,35.8,0,6,3,60,0,6.7,1,strength,full_body
35,1,171,49,29.4,43.0,2,4,3,45,3,6.8,2,cut,ppl
27,1,163,80,31.4,45.7,2,4,6,30,2,7.0,0,cut,ppl
25,0,153,63,19.1,45.4,1,2,4,30,1,7.2,2,recomp,upper_lower
22,1,165,77,12.0,34.0,1,3,5,90,1,7.4,0,strength,ppl_ul
37,1,168,120,8.7,32.1,1,1,2,45,2,6.0,2,lean_bulk,full_body
30,0,155,49,28.6,46.4,2,4,5,90,0,7.7,0,maintenance,ppl_ul
17,0,176,63,28.5,27.9,2,3,6,45,3,8.6,1,strength,ppl
44,1,163,65,23.3,46.0,0,5,6,30,0,7.9,1,cut,upper_lower
55,1,159,65,10.9,38.7,1,4,2,60,3,5.9,1,maintenance,full_body
46,0,157,48,18.8,39.1,2,3,5,30,3,7.6,1,strength,ppl_ul
39,1,162,52,15.6,32.9,0,6,3,30,1,8.1,1,strength,full_body
51,1,181,116,26.4,47.2,2,2,4,30,1,7.4,2,recomp,upper_lower
44,0,175,51,15.1,44.5,1,0,6,45,2,6.6,2,cut,ppl_ul
38,0,169,53,24.1,43.1,0,6,5,30,0,5.3,0,strength,upper_lower
44,1,161,54,9.5,43.8,0,1,3,60,3,5.2,2,lean_bulk,full_body
26,0,159,45,11.0,38.4,2,1,4,45,1,5.1,2,lean_bulk,upper_lower
20,1,193,94,23.7,43.1,2,3,3,90,0,6.0,2,strength,ppl
46,1,165,93,26.0,36.6,2,4,4,90,3,6.9,0,cut,upper_lower
17,1,172,61,10.4,42.5,0,6,2,90,0,6.8,1,strength,full_body
33,1,185,91,34.1,25.7,2,5,6,60,0,5.7,1,cut,ppl
49,1,173,55,30.9,47.1,2,6,2,60,2,6.4,1,strength,full_body
54,0,180,63,26.5,33.6,1,6,2,45,3,6.7,0,strength,full_body
44,1,178,59,28.6,41.9,2,3,3,90,1,7.3,1,strength,ppl
24,1,175,93,35.7,36.0,0,0,4,60,3,5.8,0,cut,upper_lower
50,1,183,106,30.4,45.6,0,1,3,45,2,7.7,0,recomp,full_body
35,0,175,93,13.3,35.6,2,1,2,60,0,5.3,1,lean_bulk,full_body
22,0,193,83,13.2,41.8,1,1,4,45,0,7.4,2,lean_bulk,upper_lower
29,0,176,78,22.4,46.0,1,2,5,90,4,7.0,1,recomp,ppl_ul
29,1,174,115,24.8,49.0,0,0,4,45,3,7.7,2,cut,upper_lower
41,1,164,55,31.0,39.4,0,5,3,30,1,6.9,0,cut,full_body
37,0,188,73,16.4,26.1,1,0,5,45,4,5.4,2,cut,ppl_ul
26,0,158,110,12.7,37.0,2,1,2,30,4,5.5,2,lean_bulk,full_body
19,0,180,87,28.3,38.1,2,6,6,60,4,6.9,1,strength,ppl
55,0,188,52,17.5,48.2,0,0,5,30,0,6.1,1,cut,upper_lower
42,0,172,111,30.1,38.8,2,5,2,30,3,5.3,0,maintenance,full_body
42,0,165,57,37.8,30.0,0,1,6,90,2,8.3,1,recomp,upper_lower
42,1,156,98,25.9,40.2,0,3,6,30,0,7.3,0,strength,upper_lower
41,1,183,66,28.9,27.8,0,5,2,90,0,6.7,1,cut,full_body
28,0,193,66,11.4,30.5,2,1,5,30,1,5.3,2,lean_bulk,ppl_ul
33,0,187,49,30.6,26.1,2,4,2,45,3,7.7,2,maintenance,full_body
34,0,173,111,31.3,37.6,1,5,5,45,4,8.7,2,maintenance,ppl_ul
25,1,180,80,38.0,30.4,2,1,3,60,2,5.4,1,recomp,ppl
54,1,194,68,17.7,47.0,0,5,4,90,3,8.6,0,maintenance,upper_lower
28,1,175,49,11.6,38.5,0,4,6,60,2,6.0,0,maintenance,upper_lower
36,0,164,57,17.4,30.4,0,4,3,30,3,7.4,2,maintenance,full_body
55,0,152,120,20.9,41.5,1,6,6,90,1,7.5,2,strength,ppl_ul
51,1,189,67,29.1,36.5,2,6,3,60,0,6.7,2,strength,ppl
20,1,163,72,36.9,36.8,1,3,2,90,1,5.5,2,strength,full_body
34,1,150,68,17.2,41.3,2,1,4,30,4,7.1,2,lean_bulk,upper_lower
19,1,176,76,13.5,30.9,1,2,2,30,4,5.4,1,recomp,full_body
33,0,160,82,30.8,38.8,1,1,2,45,2,6.0,1,lean_bulk,full_body
54,1,169,101,20.3,42.5,0,0,6,90,0,8.9,1,cut,upper_lower
16,0,189,118,16.6,32.7,1,1,6,30,1,6.9,1,lean_bulk,ppl_ul
24,0,169,86,37.7,42.1,2,0,6,45,3,8.4,2,cut,ppl
17,1,191,70,17.5,33.0,1,1,6,45,0,7.5,0,lean_bulk,ppl_ul
46,1,174,93,21.0,41.6,1,4,3,45,4,6.4,0,maintenance,ppl
21,0,186,77,10.8,26.6,2,6,3,30,4,8.2,1,strength,ppl
33,1,191,64,16.8,34.5,2,1,6,45,2,6.6,0,lean_bulk,ppl
49,0,184,74,36.6,31.4,1,2,2,90,3,8.6,1,recomp,full_body
48,1,177,91,32.4,29.4,0,5,6,45,3,8.8,0,cut,upper_lower
37,0,151,102,16.1,33.5,0,4,4,45,4,7.5,2,maintenance,upper_lower
54,0,167,106,33.3,46.6,0,4,5,90,2,6.3,1,cut,upper_lower
46,1,175,87,9.3,36.4,2,4,3,30,0,8.0,2,maintenance,ppl
33,0,158,115,23.3,36.4,1,2,6,90,3,7.1,1,recomp,ppl_ul
44,0,187,113,26.3,31.5,0,3,2,90,0,8.5,1,strength,full_body
21,1,166,101,35.2,27.0,0,6,6,60,3,5.4,1,strength,upper_lower
38,0,176,100,29.8,25.0,1,0,6,90,0,7.7,1,cut,ppl_ul
34,0,166,117,34.6,42.1,0,2,3,60,4,8.6,1,recomp,full_body
17,0,167,86,30.8,25.4,1,6,5,90,4,8.2,0,strength,ppl_ul
37,0,169,50,12.1,42.8,1,1,6,90,0,6.9,2,lean_bulk,ppl_ul
37,1,178,60,17.0,25.8,0,2,2,45,4,6.3,2,recomp,full_body
43,0,161,93,34.2,32.5,0,5,5,45,4,7.6,2,cut,upper_lower
42,1,185,51,28.1,29.9,2,2,3,30,0,5.1,0,recomp,ppl
44,1,185,118,19.3,33.3,2,5,3,30,2,7.6,2,maintenance,ppl
25,0,195,107,21.8,38.1,1,0,3,90,2,6.7,0,cut,ppl
43,1,163,77,17.1,32.0,2,4,4,90,4,8.1,1,maintenance,upper_lower
30,1,156,113,10.2,49.1,0,1,4,90,3,5.4,2,lean_bulk,upper_lower
44,1,164,60,34.6,32.5,1,3,5,90,1,7.7,0,strength,ppl_ul
31,0,175,101,24.1,42.4,2,4,6,90,3,6.1,1,maintenance,ppl
55,0,167,81,27.5,48.5,2,5,4,45,4,6.4,0,maintenance,upper_lower
45,0,166,48,36.9,44.6,1,3,5,90,4,6.9,0,strength,ppl_ul
25,0,151,106,20.6,33.9,1,4,5,60,1,6.2,0,maintenance,ppl_ul
46,0,163,71,9.8,39.7,0,5,2,60,0,8.2,1,maintenance,full_body
38,0,182,64,15.3,32.3,1,2,3,60,3,6.5,1,recomp,ppl
28,1,193,61,36.2,35.7,0,5,2,30,2,6.9,2,cut,full_body
20,1,153,76,32.4,39.6,2,2,5,30,0,7.4,2,recomp,ppl_ul
36,0,155,56,24.4,42.1,1,4,3,90,2,6.6,0,maintenance,ppl
35,0,180,102,20.8,27.3,2,6,5,90,0,6.1,1,strength,ppl_ul
41,0,192,94,24.4,28.7,2,0,4,45,2,6.6,2,cut,upper_lower
17,0,183,53,16.3,29.1,0,5,3,30,1,7.3,0,maintenance,full_body
43,0,168,47,17.5,46.0,2,1,6,90,1,8.7,0,lean_bulk,ppl
19,0,172,53,14.5,27.2,1,3,2,60,3,6.2,0,strength,full_body
51,1,187,56,15.6,43.3,2,2,3,60,3,6.2,1,recomp,ppl
16,1,162,86,26.2,32.1,0,5,3,45,4,6.9,0,cut,full_body
21,0,184,97,20.4,48.1,1,3,4,30,1,5.4,0,strength,upper_lower
20,0,182,69,8.3,33.9,1,1,4,90,2,7.1,0,lean_bulk,upper_lower
29,0,189,112,31.3,34.1,0,5,2,90,4,7.4,1,maintenance,full_body
52,1,183,83,29.2,41.9,0,1,6,90,2,6.4,2,recomp,upper_lower
40,1,179,89,30.7,29.4,2,1,2,45,2,7.1,2,recomp,full_body
51,1,195,50,30.0,49.8,2,0,4,90,1,6.0,2,cut,upper_lower
35,1,160,58,28.7,46.9,2,3,3,30,4,7.9,0,strength,ppl
20,1,182,85,12.6,47.6,1,0,2,60,3,5.4,0,cut,full_body
37,1,191,90,18.9,46.2,0,2,3,30,1,5.2,1,recomp,full_body
16,0,178,101,24.0,41.8,0,0,6,90,2,7.5,1,cut,upper_lower
36,0,179,97,30.2,42.7,0,5,4,60,2,5.5,2,maintenance,upper_lower
54,1,187,57,12.2,48.5,2,2,4,45,0,6.7,2,recomp,upper_lower
55,1,156,47,20.6,27.6,2,5,5,90,4,5.4,0,maintenance,ppl_ul
26,1,192,77,12.0,43.5,1,4,3,90,4,8.7,0,maintenance,ppl
47,1,172,96,13.1,44.6,2,4,5,45,0,7.1,2,maintenance,ppl_ul
47,0,186,56,30.4,25.3,2,1,3,60,3,5.5,0,lean_bulk,ppl
19,0,195,70,12.7,25.8,2,5,5,60,4,6.4,1,maintenance,ppl_ul
32,1,162,116,21.9,28.1,2,2,2,60,2,5.7,2,recomp,full_body
37,1,193,110,34.5,45.1,0,5,3,90,0,8.2,0,cut,full_body
51,0,151,67,31.7,45.8,1,0,5,60,2,8.5,1,cut,ppl_ul
41,0,194,88,9.2,39.5,1,6,2,60,3,6.6,2,strength,full_body
29,0,152,57,35.0,33.2,1,3,3,45,4,7.2,2,strength,ppl
40,0,172,99,28.9,47.8,2,4,3,30,1,6.6,0,maintenance,ppl
24,0,158,120,8.7,27.2,0,6,3,90,0,8.7,1,strength,full_body
44,0,155,118,26.5,30.4,0,1,4,30,2,8.4,2,lean_bulk,upper_lower
31,0,185,66,36.5,39.2,1,0,6,30,2,6.8,2,cut,ppl_ul
39,1,164,84,21.2,39.0,2,2,2,90,3,5.9,0,recomp,full_body
30,0,158,95,22.8,45.2,1,6,6,90,4,8.0,1,strength,ppl_ul
40,0,194,64,25.8,29.2,2,5,6,45,1,7.1,0,maintenance,ppl
23,1,183,72,12.6,34.3,0,3,6,60,3,7.1,1,strength,upper_lower
47,0,176,108,23.1,40.3,1,2,4,45,3,8.9,2,recomp,upper_lower
52,0,170,118,22.2,28.7,0,2,3,30,3,6.3,1,recomp,full_body
54,0,190,65,35.7,42.5,1,2,6,90,2,5.3,2,recomp,ppl_ul
34,1,183,94,28.5,49.6,0,3,5,60,0,8.4,2,strength,upper_lower
55,1,189,108,20.7,33.4,1,4,5,60,2,5.3,1,maintenance,ppl_ul
35,0,157,96,21.2,40.0,0,5,2,30,4,8.8,1,maintenance,full_body
19,1,157,95,31.5,45.9,0,6,4,90,1,5.7,1,strength,upper_lower
24,1,183,80,30.8,44.8,0,2,6,45,3,6.5,2,recomp,upper_lower
52,1,190,111,31.0,35.9,2,0,2,30,2,5.0,0,cut,full_body
35,1,185,45,10.2,46.4,0,3,3,60,4,6.6,2,strength,full_body
22,0,172,86,15.8,35.4,0,2,3,45,3,5.2,1,recomp,full_body
33,0,175,62,22.9,26.2,1,5,3,90,2,7.5,0,maintenance,ppl
54,1,194,64,29.3,45.5,1,3,5,45,4,6.5,0,strength,ppl_ul
21,1,172,86,29.7,46.2,2,6,3,45,0,7.7,1,strength,ppl
36,0,185,62,10.7,29.0,0,3,4,45,4,6.5,1,strength,upper_lower
34,0,175,45,21.4,40.2,0,6,5,60,0,7.7,2,strength,upper_lower
54,1,182,53,21.7,34.4,0,1,6,60,2,5.4,1,lean_bulk,upper_lower
37,1,163,57,20.9,31.9,2,1,6,45,4,8.1,1,lean_bulk,ppl
33,0,178,101,21.0,34.5,1,4,2,90,0,6.4,1,maintenance,full_body
29,0,190,84,14.7,44.1,2,3,5,30,2,8.4,2,strength,ppl_ul
25,1,150,119,16.0,40.3,0,3,5,45,2,8.5,1,strength,upper_lower
39,1,187,104,22.0,49.9,2,0,2,30,2,7.6,1,aggressive_cut,full_body
30,0,168,78,15.2,26.8,2,2,6,90,1,5.7,1,recomp,ppl
48,0,171,96,15.6,30.6,1,5,5,60,0,6.6,1,maintenance,ppl_ul
45,0,163,85,12.5,46.5,2,2,4,60,4,5.1,2,recomp,upper_lower
47,0,188,83,33.0,34.1,2,0,5,90,0,5.6,2,cut,ppl_ul
23,0,162,97,13.0,30.3,2,5,4,90,0,6.2,1,maintenance,upper_lower
32,1,175,120,37.9,36.1,2,0,4,90,4,7.0,2,cut,upper_lower
34,1,157,116,18.5,33.0,1,0,6,45,3,8.8,1,cut,ppl_ul
18,0,157,104,8.8,40.2,1,0,2,30,3,6.4,2,cut,full_body
18,1,156,101,30.5,48.5,1,4,4,30,3,7.2,2,cut,upper_lower
49,1,170,85,28.4,34.9,2,1,2,60,4,8.2,0,recomp,full_body
44,0,175,76,18.6,29.9,1,3,3,60,2,7.8,2,strength,ppl
18,0,181,52,21.6,28.3,2,1,4,30,1,5.9,1,lean_bulk,upper_lower
28,1,189,45,10.2,29.7,2,3,4,45,3,7.5,2,strength,upper_lower
43,1,175,73,17.4,42.8,2,4,5,90,0,8.8,1,maintenance,ppl_ul
28,1,195,46,27.9,47.9,2,5,3,60,3,8.4,2,cut,ppl
40,1,151,110,13.2,46.2,0,5,5,45,3,8.2,1,maintenance,upper_lower
25,1,182,111,19.7,48.5,0,0,3,45,1,8.2,0,cut,full_body
32,1,190,66,17.7,29.0,1,0,2,90,4,7.3,0,cut,full_body
55,0,169,95,37.3,44.0,1,2,4,90,2,7.8,0,recomp,upper_lower
36,0,167,81,35.7,27.7,0,6,6,60,0,5.9,1,strength,upper_lower
48,1,151,88,12.3,30.2,2,5,6,30,4,5.9,2,maintenance,ppl
48,0,169,57,24.1,47.4,1,0,4,90,1,5.7,0,cut,upper_lower
49,0,165,70,15.3,31.7,0,0,2,45,3,5.7,0,cut,full_body
16,0,162,45,23.2,47.0,1,2,5,90,0,7.9,0,recomp,ppl_ul
46,0,177,58,37.1,30.9,1,3,3,60,0,6.9,2,strength,ppl
20,0,190,98,13.6,27.3,0,0,4,90,4,5.2,1,cut,upper_lower
48,1,174,118,14.7,30.7,2,1,5,60,2,8.2,1,lean_bulk,ppl_ul
45,0,169,58,25.7,27.1,0,2,3,30,3,8.1,1,recomp,full_body
52,1,195,107,27.4,30.7,0,2,2,90,0,5.5,0,recomp,full_body
51,0,186,57,13.6,49.8,0,4,5,90,0,6.8,0,maintenance,upper_lower
37,1,165,53,26.0,40.9,1,5,3,60,1,6.6,0,cut,ppl
27,1,157,99,25.1,48.2,0,4,6,90,2,8.2,2,cut,upper_lower
25,1,188,74,14.0,49.8,2,1,6,60,1,7.7,2,lean_bulk,ppl
16,1,176,91,21.5,47.1,1,6,2,90,2,6.4,1,strength,full_body
52,0,163,89,11.7,46.9,2,0,4,30,0,5.6,2,cut,upper_lower
28,1,155,118,17.9,37.8,2,4,5,30,1,6.4,2,maintenance,ppl_ul
22,0,181,108,10.4,37.1,0,1,2,60,3,7.0,0,lean_bulk,full_body
20,0,158,77,35.3,42.5,0,2,2,90,2,7.2,0,recomp,full_body
29,0,165,102,19.6,31.5,2,3,5,90,3,8.5,1,strength,ppl_ul
16,1,174,80,14.7,33.1,2,6,6,90,1,8.4,2,strength,ppl
31,0,152,74,14.8,31.6,1,5,5,60,3,8.6,1,maintenance,ppl_ul
23,0,150,83,24.3,47.4,0,4,4,90,1,8.4,2,maintenance,upper_lower
38,1,174,47,33.7,46.1,0,3,2,90,4,8.1,2,strength,full_body
53,0,195,83,32.1,35.3,0,0,2,30,3,8.8,2,cut,full_body
41,0,169,102,18.9,41.8,1,3,4,90,1,7.0,1,strength,upper_lower
26,1,174,118,14.3,37.7,1,5,2,45,4,5.0,2,maintenance,full_body
40,0,183,89,30.2,25.3,1,3,6,45,3,5.3,2,strength,ppl_ul
42,1,185,105,9.0,44.2,1,3,5,90,4,6.5,0,strength,ppl_ul
52,1,186,97,12.3,30.6,1,4,3,90,0,7.7,0,maintenance,ppl
44,1,165,90,11.7,38.8,1,1,3,30,3,7.2,2,lean_bulk,ppl
34,1,162,65,15.0,42.1,0,0,3,45,4,7.4,0,cut,full_body
33,0,174,47,31.6,45.4,0,6,5,60,1,7.7,0,strength,upper_lower
55,0,172,61,13.7,35.9,1,2,3,60,0,5.5,1,recomp,ppl
46,1,195,51,9.0,34.6,1,2,6,60,2,7.1,1,recomp,ppl_ul
22,1,157,119,27.0,44.1,2,6,2,60,1,6.4,1,strength,full_body
49,1,150,86,15.4,36.1,1,1,4,60,0,6.9,1,lean_bulk,upper_lower
50,0,175,48,28.4,26.1,2,4,3,45,0,6.0,0,maintenance,ppl
18,0,155,86,24.8,49.1,0,4,6,45,4,8.2,2,maintenance,upper_lower
26,0,183,108,14.1,44.9,0,2,3,60,4,6.4,1,recomp,full_body
52,1,157,105,35.5,39.4,1,2,2,90,0,5.9,0,recomp,full_body
46,1,150,47,17.7,42.5,0,4,5,60,2,7.7,0,maintenance,upper_lower
25,1,193,65,29.9,41.4,0,0,5,60,2,6.5,1,cut,upper_lower
41,1,167,112,22.9,28.4,2,0,2,60,3,6.7,1,aggressive_cut,full_body
17,0,156,90,13.1,42.0,2,3,4,60,1,8.3,0,strength,upper_lower
19,0,180,113,35.3,33.5,2,4,3,45,0,7.3,1,cut,ppl
25,0,165,116,14.5,38.4,2,0,5,30,0,8.5,1,cut,ppl_ul
54,0,159,74,12.0,37.1,1,5,6,60,4,7.8,2,maintenance,ppl_ul
16,0,156,91,9.3,27.7,1,3,6,90,1,5.1,0,strength,ppl_ul
20,0,186,61,9.4,46.2,0,4,4,45,1,5.9,0,maintenance,upper_lower
16,0,167,118,27.4,29.9,1,4,4,45,4,8.6,1,maintenance,upper_lower
36,0,157,54,20.9,30.3,2,5,5,30,2,7.4,0,maintenance,ppl_ul
37,0,179,83,28.9,27.8,1,1,4,90,1,7.3,0,lean_bulk,upper_lower
24,0,172,55,23.5,38.6,2,0,3,60,4,8.8,1,cut,ppl
31,0,191,100,29.2,36.5,0,6,4,60,1,7.5,0,strength,upper_lower
35,0,189,104,23.6,29.1,1,2,5,30,2,8.6,2,recomp,ppl_ul
30,0,183,50,33.0,40.3,2,0,3,60,4,7.6,2,cut,ppl
24,0,168,105,25.4,35.5,0,5,2,30,4,6.1,2,maintenance,full_body
42,1,194,90,22.5,36.9,0,2,3,90,3,7.8,2,recomp,full_body
24,1,173,78,25.8,48.1,0,3,6,45,0,7.4,0,strength,upper_lower
19,0,156,87,12.4,31.0,2,0,5,45,1,6.6,0,cut,ppl_ul
47,0,171,98,25.1,44.7,0,5,2,60,1,8.7,0,maintenance,full_body
37,1,189,112,37.6,31.8,1,1,3,45,2,7.5,2,recomp,ppl
46,0,180,55,37.5,31.2,2,0,3,45,3,8.1,0,aggressive_cut,ppl
45,0,165,96,17.7,26.1,0,1,6,30,4,5.2,2,lean_bulk,upper_lower
43,1,169,103,20.2,46.6,2,2,4,45,3,7.0,0,recomp,upper_lower
36,0,166,51,29.4,32.1,2,1,2,90,4,7.0,0,lean_bulk,full_body
43,1,178,91,32.3,31.7,2,1,6,45,2,8.8,2,recomp,ppl
53,0,151,80,17.6,30.3,2,4,3,60,1,7.1,2,maintenance,ppl
37,1,179,70,15.4,45.0,2,0,3,45,0,8.7,0,cut,ppl
37,0,165,71,9.5,49.6,1,2,2,45,1,6.2,1,recomp,full_body
17,0,190,117,24.2,29.8,1,1,2,45,1,6.4,1,lean_bulk,full_body
41,1,153,61,15.5,28.3,0,6,2,90,0,6.5,1,strength,full_body
50,0,181,51,32.1,48.9,1,5,2,60,1,5.6,2,cut,full_body
37,0,175,84,10.1,39.8,0,2,4,30,1,6.3,2,recomp,upper_lower
47,1,183,54,25.6,46.1,2,2,2,60,1,7.9,1,recomp,full_body
20,0,189,105,11.3,42.3,1,2,5,30,3,6.7,0,recomp,ppl_ul
48,1,190,61,37.4,35.2,0,6,5,30,3,5.5,0,strength,upper_lower
43,0,165,85,11.9,46.9,0,3,5,30,2,5.2,0,strength,upper_lower
36,1,188,116,27.8,37.5,1,5,5,90,3,8.5,1,cut,ppl_ul
29,1,194,99,8.7,48.3,0,5,6,30,0,5.2,1,maintenance,upper_lower
22,0,153,72,26.0,37.1,2,4,6,30,4,7.4,0,maintenance,ppl
41,0,192,59,19.6,31.1,2,0,5,90,4,7.9,0,cut,ppl_ul
42,0,188,50,37.8,40.7,2,4,5,60,3,8.0,2,cut,ppl_ul
40,1,180,67,23.7,25.3,0,5,5,45,0,7.9,2,cut,upper_lower
34,1,178,64,27.0,36.5,1,3,4,30,3,7.1,2,strength,upper_lower
50,1,164,51,31.1,40.1,2,6,6,60,0,7.6,1,strength,ppl
54,0,185,71,20.3,47.3,1,3,5,60,4,5.1,1,strength,ppl_ul
49,0,182,98,21.5,26.7,2,2,5,30,0,6.7,1,recomp,ppl_ul
18,0,172,91,32.6,30.2,1,1,2,30,3,5.8,0,recomp,full_body
18,1,158,89,23.9,49.0,1,2,3,45,3,7.8,1,recomp,ppl
17,1,193,70,11.0,37.4,2,3,2,45,3,5.4,1,strength,full_body
25,0,150,58,12.3,41.6,0,2,4,60,2,5.1,0,recomp,upper_lower
34,0,187,49,23.2,43.6,0,5,6,45,4,8.4,1,maintenance,upper_lower
31,0,183,110,22.3,32.7,0,3,3,30,1,8.2,1,strength,full_body
49,1,164,52,8.8,39.5,1,1,4,45,4,6.2,0,lean_bulk,upper_lower
47,1,194,80,11.2,49.8,2,5,5,60,2,6.7,1,maintenance,ppl_ul
48,1,189,108,28.8,34.0,2,4,5,45,1,6.3,1,cut,ppl_ul
41,0,153,45,13.0,31.2,0,1,4,30,2,6.5,1,lean_bulk,upper_lower
22,0,161,91,10.4,34.2,2,5,2,60,0,8.7,2,maintenance,full_body
48,1,150,88,10.1,35.1,0,5,6,30,1,5.9,0,maintenance,upper_lower
49,0,185,82,31.1,37.1,2,0,6,90,1,6.7,1,cut,ppl
46,1,175,86,32.9,45.3,1,2,4,45,0,5.6,1,recomp,upper_lower
32,1,184,114,33.1,29.8,0,1,5,45,3,5.3,1,recomp,upper_lower
30,1,154,59,35.4,25.8,0,3,5,30,2,8.2,2,strength,upper_lower
52,1,176,45,19.5,25.6,1,6,2,30,0,8.3,2,strength,full_body
36,1,174,63,34.7,43.2,1,4,6,45,2,5.3,0,cut,ppl_ul
32,1,155,80,10.8,43.9,2,0,2,30,2,5.0,1,cut,full_body
30,1,160,85,27.1,36.1,2,5,2,60,2,6.8,2,cut,full_body
42,0,150,118,30.3,44.8,1,3,2,60,4,6.8,0,strength,full_body
17,1,162,58,15.9,45.2,1,2,4,90,1,8.8,0,recomp,upper_lower
36,0,192,105,26.0,44.8,1,5,4,30,1,5.9,1,maintenance,upper_lower
32,0,189,119,26.4,49.2,1,0,6,45,1,7.4,2,cut,ppl_ul
